logged_in,count,srv_count,dst_host_count,dst_host_same_src_port_rate,target
1.0,0.00980392156862745,0.00980392156862745,0.2795275590551181,0.01,0
1.0,0.021568627450980392,0.021568627450980392,1.0,0.0,0
1.0,0.06666666666666667,0.06666666666666667,1.0,0.0,0
1.0,0.0,0.0,0.36220472440944884,0.01,0
1.0,0.00784313725490196,0.00784313725490196,1.0,0.0,0
1.0,0.011764705882352941,0.0196078431372549,0.11811023622047244,0.03,0
1.0,0.00980392156862745,0.03529411764705882,0.12992125984251968,0.03,0
0.0,0.0,0.0,0.3661417322834646,1.0,0
1.0,0.0,0.0,0.2125984251968504,0.02,0
1.0,0.00980392156862745,0.00980392156862745,1.0,0.0,0
0.0,0.0058823529411764705,0.00196078431372549,1.0,0.91,0
1.0,0.03725490196078431,0.03725490196078431,1.0,0.0,0
1.0,0.03333333333333333,0.03333333333333333,0.7125984251968503,0.01,0
1.0,0.0058823529411764705,0.01568627450980392,0.031496062992125984,0.11,0
0.0,0.011764705882352941,0.029411764705882353,1.0,0.0,0
1.0,0.07058823529411765,0.07450980392156863,1.0,0.0,0
1.0,0.00196078431372549,0.00196078431372549,0.09055118110236221,0.04,0
0.0,1.0,1.0,1.0,1.0,1
1.0,0.00784313725490196,0.00784313725490196,0.015748031496062992,0.2,0
0.0,0.0,0.0,0.452755905511811,0.01,0
0.0,0.9980392156862745,0.9980392156862745,1.0,1.0,1
1.0,0.00784313725490196,0.00784313725490196,0.015748031496062992,0.2,0
1.0,0.060784313725490195,0.06274509803921569,1.0,0.0,0
0.0,0.9941176470588236,0.9941176470588236,1.0,1.0,1
1.0,0.00196078431372549,0.00196078431372549,0.11023622047244094,0.03,0
0.0,1.0,1.0,1.0,1.0,1
1.0,0.045098039215686274,0.045098039215686274,1.0,0.0,0
1.0,0.0392156862745098,0.0392156862745098,1.0,0.0,0
1.0,0.0,0.0,0.4763779527559055,0.01,0
1.0,0.047058823529411764,0.054901960784313725,1.0,0.0,0
0.0,0.0,0.0,1.0,0.05,0
1.0,0.0196078431372549,0.0196078431372549,1.0,0.0,0
0.0,0.0,0.0,1.0,0.0,0
1.0,0.03137254901960784,0.03137254901960784,0.2125984251968504,0.02,0
1.0,0.0,0.0,0.17716535433070865,0.02,0
1.0,0.0,0.0,1.0,0.0,0
1.0,0.00784313725490196,0.01568627450980392,0.11023622047244094,0.03,0
0.0,0.021568627450980392,0.03725490196078431,1.0,0.0,0
0.0,0.0,0.00196078431372549,0.0,1.0,0
1.0,0.047058823529411764,0.09019607843137255,1.0,0.0,0
1.0,0.011764705882352941,0.021568627450980392,1.0,0.0,0
1.0,0.021568627450980392,0.043137254901960784,0.07480314960629922,0.05,0
0.0,0.0,0.0,0.015748031496062992,0.2,0
1.0,0.03725490196078431,0.03725490196078431,1.0,0.0,0
0.0,0.8549019607843137,0.8549019607843137,1.0,1.0,1
1.0,0.0058823529411764705,0.0058823529411764705,0.5748031496062992,0.01,0
1.0,0.0,0.03725490196078431,0.007874015748031496,0.33,0
1.0,0.0,0.00196078431372549,0.5708661417322834,0.01,0
0.0,0.050980392156862744,0.20784313725490197,1.0,0.0,0
1.0,0.00392156862745098,0.00392156862745098,0.6417322834645669,0.01,0
1.0,0.013725490196078431,0.013725490196078431,0.2047244094488189,0.02,0
1.0,0.00784313725490196,0.011764705882352941,0.41732283464566927,0.01,0
1.0,0.0,0.0,0.0,1.0,0
1.0,0.0,0.00196078431372549,0.8858267716535433,0.35,0
1.0,0.021568627450980392,0.021568627450980392,0.6968503937007874,0.01,0
1.0,0.023529411764705882,0.049019607843137254,1.0,0.0,0
1.0,0.03529411764705882,0.041176470588235294,0.5748031496062992,0.01,0
0.0,0.4411764705882353,0.00196078431372549,1.0,0.0,1
1.0,0.01764705882352941,0.01764705882352941,0.2755905511811024,0.01,0
1.0,0.025490196078431372,0.025490196078431372,1.0,0.0,0
1.0,0.03529411764705882,0.03529411764705882,0.6338582677165354,0.39,0
1.0,0.00980392156862745,0.09607843137254903,1.0,0.0,0
1.0,0.027450980392156862,0.027450980392156862,1.0,0.0,0
0.0,0.0,0.0,1.0,0.99,0
1.0,0.00196078431372549,0.0784313725490196,0.007874015748031496,0.33,0
1.0,0.03137254901960784,0.03137254901960784,1.0,0.0,0
1.0,0.03333333333333333,0.03137254901960784,0.952755905511811,0.42,0
0.0,1.0,1.0,1.0,1.0,1
1.0,0.0,0.00392156862745098,0.65748031496063,0.01,0
0.0,0.0,0.0,1.0,0.0,0
1.0,0.0,0.047058823529411764,0.46062992125984253,0.01,0
1.0,0.023529411764705882,0.041176470588235294,0.047244094488188976,0.08,0
1.0,0.0,0.00196078431372549,0.4015748031496063,0.01,0
0.0,0.0,0.00196078431372549,0.2440944881889764,0.06,0
1.0,0.00196078431372549,0.01568627450980392,0.03543307086614173,0.1,0
1.0,0.01568627450980392,0.01568627450980392,1.0,0.0,0
0.0,0.0,0.0,0.0,1.0,0
1.0,0.01568627450980392,0.01568627450980392,0.22440944881889763,0.02,0
1.0,0.029411764705882353,0.0392156862745098,1.0,0.0,0
0.0,0.0,0.0,1.0,1.0,0
0.0,0.5274509803921569,0.021568627450980392,1.0,0.0,1
1.0,0.0196078431372549,0.027450980392156862,0.3110236220472441,0.01,0
0.0,0.0058823529411764705,0.011764705882352941,0.5905511811023622,0.01,0
1.0,0.00980392156862745,0.00980392156862745,1.0,0.0,0
0.0,0.0,0.0,0.1141732283464567,0.03,0
0.0,0.00196078431372549,0.00196078431372549,1.0,1.0,0
1.0,0.023529411764705882,0.056862745098039215,0.047244094488188976,0.08,0
1.0,0.027450980392156862,0.027450980392156862,0.20078740157480315,0.02,0
0.0,1.0,1.0,1.0,1.0,1
1.0,0.0,0.00196078431372549,1.0,0.0,0
1.0,0.00196078431372549,0.00196078431372549,0.452755905511811,0.01,0
1.0,0.013725490196078431,0.013725490196078431,0.1968503937007874,0.02,0
0.0,0.42549019607843136,0.00784313725490196,1.0,0.0,1
0.0,0.0,0.0,1.0,0.0,0
1.0,0.0,0.0058823529411764705,0.7559055118110236,0.01,0
0.0,0.0,0.0,1.0,1.0,0
0.0,0.4392156862745098,0.025490196078431372,1.0,0.0,1
1.0,0.00196078431372549,0.01568627450980392,0.05905511811023622,0.06,0
1.0,0.00392156862745098,0.00392156862745098,0.1220472440944882,0.03,0
1.0,0.01568627450980392,0.01764705882352941,0.15354330708661418,0.03,0
1.0,0.00196078431372549,0.00196078431372549,0.15354330708661418,0.03,0
1.0,0.011764705882352941,0.011764705882352941,0.023622047244094488,0.14,0
1.0,0.03725490196078431,0.041176470588235294,1.0,0.0,0
0.0,0.0,0.0,1.0,0.96,0
1.0,0.0,0.00392156862745098,0.011811023622047244,0.25,0
0.0,0.0,0.0,1.0,0.0,0
1.0,0.021568627450980392,0.023529411764705882,0.25984251968503935,0.01,0
1.0,0.00196078431372549,0.00196078431372549,0.7401574803149606,0.33,0
0.0,1.0,1.0,1.0,1.0,1
1.0,0.00196078431372549,0.00196078431372549,1.0,0.0,0
0.0,0.01568627450980392,0.01568627450980392,1.0,0.0,0
1.0,0.027450980392156862,0.041176470588235294,0.3700787401574803,0.01,0
1.0,0.0058823529411764705,0.0058823529411764705,0.9921259842519685,0.0,0
1.0,0.0,0.0,1.0,0.0,0
0.0,0.0,0.0,0.015748031496062992,0.2,0
1.0,0.00196078431372549,0.0,0.11811023622047244,0.03,0
1.0,0.0,0.0,1.0,0.0,0
0.0,0.00784313725490196,0.0058823529411764705,1.0,0.06,0
1.0,0.01568627450980392,0.01568627450980392,0.031496062992125984,0.11,0
1.0,0.00980392156862745,0.00980392156862745,0.9448818897637795,0.0,0
1.0,0.0196078431372549,0.0196078431372549,0.03937007874015748,0.09,0
0.0,0.0,0.0,1.0,1.0,0
1.0,0.021568627450980392,0.029411764705882353,0.2283464566929134,0.02,0
0.0,0.0,0.0,0.20078740157480315,1.0,0
0.0,0.0,0.0,0.2795275590551181,0.01,0
1.0,0.00196078431372549,0.0,0.5551181102362205,0.01,0
0.0,0.00784313725490196,0.01764705882352941,0.14173228346456693,0.78,0
1.0,0.00196078431372549,0.00196078431372549,0.3425196850393701,0.01,0
0.0,0.9294117647058824,0.9294117647058824,1.0,1.0,1
0.0,0.0,0.0,0.3858267716535433,0.01,0
1.0,0.00196078431372549,0.0,0.41338582677165353,0.01,0
1.0,0.00196078431372549,0.00196078431372549,0.003937007874015748,0.5,0
1.0,0.023529411764705882,0.023529411764705882,0.07480314960629922,0.05,0
1.0,0.021568627450980392,0.021568627450980392,0.2559055118110236,0.02,0
1.0,0.0,0.0,0.1220472440944882,0.03,0
0.0,1.0,1.0,1.0,1.0,1
0.0,0.0,0.0,0.05905511811023622,0.06,0
1.0,0.01764705882352941,0.01764705882352941,0.03543307086614173,0.1,0
1.0,0.013725490196078431,0.01568627450980392,1.0,0.0,0
1.0,0.0,0.00784313725490196,1.0,0.0,0
0.0,0.0,0.0,0.0,1.0,0
1.0,0.025490196078431372,0.025490196078431372,1.0,0.0,0
1.0,0.025490196078431372,0.025490196078431372,0.07874015748031496,0.05,0
1.0,0.0,0.0058823529411764705,0.20866141732283464,0.02,0
1.0,0.00196078431372549,0.00784313725490196,0.015748031496062992,0.2,0
1.0,0.00980392156862745,0.047058823529411764,0.01968503937007874,0.17,0
1.0,0.01568627450980392,0.01568627450980392,0.031496062992125984,0.11,0
1.0,0.0196078431372549,0.023529411764705882,0.6299212598425197,0.01,0
1.0,0.0058823529411764705,0.00980392156862745,1.0,0.01,0
1.0,0.0,0.00196078431372549,0.10236220472440945,0.04,0
0.0,0.0,0.0,0.4251968503937008,0.5,0
1.0,0.0058823529411764705,0.0058823529411764705,0.7440944881889764,0.01,0
1.0,0.0,0.00196078431372549,0.9881889763779528,0.0,0
1.0,0.0,0.00196078431372549,0.5511811023622047,0.01,0
1.0,0.0,0.00196078431372549,0.06692913385826772,0.06,0
0.0,0.00196078431372549,0.00196078431372549,1.0,0.01,0
1.0,0.047058823529411764,0.047058823529411764,1.0,0.01,0
1.0,0.029411764705882353,0.029411764705882353,1.0,0.0,0
1.0,0.00196078431372549,0.00196078431372549,1.0,0.0,0
1.0,0.0,0.0058823529411764705,0.9763779527559056,0.0,0
1.0,0.00980392156862745,0.00980392156862745,0.7598425196850394,0.37,0
1.0,0.021568627450980392,0.021568627450980392,1.0,0.0,0
1.0,0.00196078431372549,0.00196078431372549,1.0,0.0,0
0.0,0.0,0.0,0.01968503937007874,0.17,0
1.0,0.0,0.0,0.6259842519685039,0.01,0
0.0,0.0,0.0,1.0,0.89,0
0.0,1.0,1.0,1.0,1.0,1
0.0,0.0,0.0,1.0,0.0,0
1.0,0.0058823529411764705,0.0058823529411764705,1.0,0.0,0
0.0,0.0,0.0,0.24803149606299213,0.02,0
0.0,0.0,0.0,0.011811023622047244,0.25,0
0.0,1.0,1.0,1.0,1.0,1
0.0,0.0,0.0,1.0,0.0,0
1.0,0.01568627450980392,0.01568627450980392,1.0,0.0,0
0.0,0.0,0.0,1.0,0.0,0
0.0,0.0,0.0,1.0,0.98,0
0.0,0.0,0.0,1.0,0.0,0
1.0,0.0,0.0,0.003937007874015748,0.5,0
1.0,0.0,0.00196078431372549,1.0,0.0,0
0.0,0.0058823529411764705,0.0,1.0,0.0,0
1.0,0.01764705882352941,0.0196078431372549,0.23622047244094488,0.02,0
0.0,0.00196078431372549,0.0,1.0,0.01,0
1.0,0.041176470588235294,0.041176470588235294,0.7519685039370079,0.01,0
0.0,0.0,0.0,0.047244094488188976,0.08,0
1.0,0.011764705882352941,0.013725490196078431,1.0,0.0,0
1.0,0.00392156862745098,0.00392156862745098,0.4251968503937008,0.01,0
0.0,0.0,0.0,0.03543307086614173,0.1,0
0.0,0.00392156862745098,0.00392156862745098,0.04330708661417323,0.75,0
1.0,0.0,0.0,0.051181102362204724,0.07,0
1.0,0.00196078431372549,0.013725490196078431,1.0,0.0,0
0.0,0.0,0.0,0.06299212598425197,0.06,0
1.0,0.0,0.00196078431372549,0.2440944881889764,0.02,0
1.0,0.013725490196078431,0.027450980392156862,0.09448818897637795,0.04,0
0.0,0.0,0.0,1.0,0.88,0
1.0,0.00196078431372549,0.00196078431372549,0.2559055118110236,0.42,0
0.0,0.0,0.0,1.0,0.0,0
0.0,0.00980392156862745,0.00784313725490196,1.0,0.06,0
0.0,0.0,0.0,1.0,0.99,0
1.0,0.00784313725490196,0.00980392156862745,0.07480314960629922,0.05,0
1.0,0.050980392156862744,0.06470588235294118,0.25196850393700787,0.02,0
0.0,0.011764705882352941,0.011764705882352941,0.4094488188976378,0.31,0
1.0,0.03529411764705882,0.03529411764705882,1.0,0.0,0
1.0,0.03725490196078431,0.0392156862745098,1.0,0.0,0
1.0,0.025490196078431372,0.03333333333333333,0.051181102362204724,0.07,0
0.0,0.42745098039215684,0.01568627450980392,1.0,0.0,1
1.0,0.0,0.023529411764705882,0.0,1.0,0
1.0,0.03529411764705882,0.03529411764705882,0.07874015748031496,0.05,0
1.0,0.00196078431372549,0.00196078431372549,1.0,0.0,0
1.0,0.054901960784313725,0.054901960784313725,1.0,0.0,0
1.0,0.00196078431372549,0.00196078431372549,0.41338582677165353,0.01,0
1.0,0.0,0.0,0.37401574803149606,0.01,0
1.0,0.0,0.0,0.2755905511811024,0.01,0
0.0,0.0,0.0,0.4015748031496063,0.01,0
0.0,1.0,1.0,1.0,1.0,1
1.0,0.0,0.00196078431372549,0.2559055118110236,0.02,0
1.0,0.0,0.0,0.7401574803149606,0.01,0
1.0,0.00196078431372549,0.00784313725490196,0.003937007874015748,0.5,0
1.0,0.01764705882352941,0.01764705882352941,0.07874015748031496,0.05,0
1.0,0.0,0.0,0.2637795275590551,0.01,0
1.0,0.011764705882352941,0.011764705882352941,0.35826771653543305,0.01,0
1.0,0.0,0.0,0.484251968503937,0.01,0
1.0,0.013725490196078431,0.054901960784313725,0.11023622047244094,0.03,0
1.0,0.054901960784313725,0.054901960784313725,0.9015748031496063,0.0,0
1.0,0.01764705882352941,0.021568627450980392,1.0,0.0,0
0.0,1.0,1.0,1.0,1.0,1
1.0,0.00980392156862745,0.00980392156862745,0.6732283464566929,0.01,0
1.0,0.0,0.0,1.0,0.0,0
1.0,0.0,0.0,0.03543307086614173,0.1,0
0.0,0.0,0.0,1.0,1.0,0
1.0,0.029411764705882353,0.029411764705882353,0.22440944881889763,0.02,0
0.0,0.0,0.0,1.0,0.99,0
1.0,0.021568627450980392,0.021568627450980392,0.6653543307086615,0.41,0
0.0,0.0,0.0,0.01968503937007874,0.17,0
1.0,0.0,0.00980392156862745,0.003937007874015748,0.5,0
1.0,0.0196078431372549,0.07647058823529412,0.3858267716535433,0.01,0
0.0,0.0,0.0,1.0,0.9,0
0.0,0.0058823529411764705,0.00196078431372549,1.0,0.87,0
1.0,0.00392156862745098,0.00392156862745098,0.27165354330708663,0.57,0
0.0,0.0,0.0,1.0,1.0,0
1.0,0.13333333333333333,0.1392156862745098,1.0,0.0,0
1.0,0.045098039215686274,0.045098039215686274,0.2795275590551181,0.01,0
1.0,0.06470588235294118,0.07254901960784314,1.0,0.0,0
1.0,0.0058823529411764705,0.0058823529411764705,0.4015748031496063,0.01,0
1.0,0.00196078431372549,0.043137254901960784,0.5984251968503937,0.01,0
1.0,0.0392156862745098,0.041176470588235294,1.0,0.0,0
1.0,0.00392156862745098,0.00392156862745098,0.007874015748031496,0.33,0
1.0,0.0,0.00196078431372549,0.5039370078740157,0.01,0
0.0,0.09019607843137255,0.24901960784313726,1.0,0.0,0
1.0,0.0,0.0,0.16929133858267717,0.02,0
0.0,0.0,0.0,1.0,1.0,0
0.0,0.0,0.0,1.0,0.0,0
1.0,0.01568627450980392,0.01568627450980392,0.6929133858267716,0.01,0
0.0,1.0,1.0,1.0,1.0,1
1.0,0.01764705882352941,0.025490196078431372,1.0,0.0,0
1.0,0.01568627450980392,0.029411764705882353,0.2204724409448819,0.02,0
1.0,0.011764705882352941,0.011764705882352941,0.32677165354330706,0.01,0
1.0,0.00392156862745098,0.00392156862745098,0.18110236220472442,0.04,0
0.0,0.9980392156862745,0.9980392156862745,1.0,1.0,1
0.0,0.0,0.0,0.40551181102362205,0.01,0
1.0,0.0,0.00980392156862745,0.5354330708661418,0.01,0
0.0,0.0,0.0,0.031496062992125984,0.11,0
1.0,0.01568627450980392,0.01568627450980392,0.32677165354330706,0.01,0
1.0,0.00392156862745098,0.00392156862745098,1.0,0.0,1
1.0,0.0,0.00196078431372549,0.5,0.01,0
1.0,0.023529411764705882,0.023529411764705882,1.0,0.0,0
0.0,0.0,0.0,0.06692913385826772,0.06,0
1.0,0.00784313725490196,0.00784313725490196,0.015748031496062992,0.2,0
1.0,0.0058823529411764705,0.0058823529411764705,0.011811023622047244,0.25,0
1.0,0.0058823529411764705,0.023529411764705882,1.0,0.0,0
1.0,0.025490196078431372,0.025490196078431372,1.0,0.0,0
0.0,0.0,0.0,0.9606299212598425,0.0,0
0.0,1.0,1.0,1.0,1.0,1
0.0,0.10588235294117647,0.011764705882352941,1.0,0.0,1
1.0,0.00196078431372549,0.00196078431372549,0.2952755905511811,0.01,0
1.0,0.03333333333333333,0.03529411764705882,1.0,0.0,0
1.0,0.0,0.013725490196078431,1.0,0.0,0
1.0,0.0196078431372549,0.0196078431372549,0.5039370078740157,0.01,0
1.0,0.00392156862745098,0.013725490196078431,0.06299212598425197,0.06,0
0.0,0.00392156862745098,0.0,1.0,0.99,0
1.0,0.0058823529411764705,0.0058823529411764705,0.484251968503937,0.01,0
1.0,0.0196078431372549,0.025490196078431372,1.0,0.0,0
0.0,0.00392156862745098,0.00392156862745098,1.0,0.13,0
1.0,0.00980392156862745,0.00980392156862745,0.7716535433070866,0.01,0
0.0,0.44509803921568625,0.00980392156862745,1.0,0.0,1
0.0,0.3196078431372549,0.01764705882352941,1.0,0.0,1
0.0,0.20588235294117646,0.20784313725490197,1.0,0.0,0
1.0,0.01764705882352941,0.01764705882352941,0.12598425196850394,0.03,0
0.0,0.0,0.0,0.01968503937007874,0.17,0
0.0,0.0,0.0,1.0,0.0,0
1.0,0.00196078431372549,0.00196078431372549,0.46062992125984253,0.01,0
1.0,0.01568627450980392,0.06470588235294118,1.0,0.0,0
0.0,0.00196078431372549,0.00196078431372549,1.0,0.05,0
0.0,0.0,0.0,0.023622047244094488,0.14,0
1.0,0.01568627450980392,0.01568627450980392,0.031496062992125984,0.11,0
1.0,0.00196078431372549,0.00392156862745098,0.20078740157480315,0.02,0
1.0,0.0,0.0,0.11811023622047244,0.03,0
1.0,0.00392156862745098,0.00392156862745098,0.6299212598425197,0.01,0
0.0,0.0,0.0,1.0,0.0,0
0.0,0.0,0.0,0.4448818897637795,1.0,0
1.0,0.0,0.0,0.35826771653543305,0.01,0
1.0,0.0,0.00196078431372549,0.0984251968503937,0.04,0
1.0,0.011764705882352941,0.011764705882352941,0.023622047244094488,0.14,0
1.0,0.01764705882352941,0.058823529411764705,0.06299212598425197,0.06,0
1.0,0.06862745098039216,0.07058823529411765,1.0,0.0,0
1.0,0.0,0.0,0.28346456692913385,0.01,0
0.0,0.0,0.0,0.0,1.0,0
0.0,0.0058823529411764705,0.00196078431372549,1.0,0.98,0
0.0,0.0,0.0,1.0,1.0,0
1.0,0.013725490196078431,0.01568627450980392,0.12992125984251968,0.03,0
0.0,0.0,0.0,1.0,0.82,0
0.0,1.0,1.0,1.0,1.0,1
1.0,0.0,0.0,1.0,0.0,0
0.0,0.00392156862745098,0.0,1.0,0.96,0
0.0,0.0,0.0,0.007874015748031496,1.0,0
0.0,0.0,0.0,0.015748031496062992,0.2,0
1.0,0.0058823529411764705,0.0058823529411764705,0.20866141732283464,0.02,0
0.0,0.0,0.0,0.011811023622047244,0.25,0
1.0,0.00784313725490196,0.01764705882352941,0.11023622047244094,0.03,0
1.0,0.0,0.0,0.30708661417322836,0.01,0
1.0,0.00196078431372549,0.00196078431372549,0.452755905511811,0.01,0
1.0,0.027450980392156862,0.027450980392156862,0.05511811023622047,0.07,0
0.0,0.0,0.0,0.023622047244094488,0.14,0
0.0,0.0,0.0,1.0,0.01,0
1.0,0.029411764705882353,0.029411764705882353,0.05905511811023622,0.06,0
1.0,0.013725490196078431,0.013725490196078431,0.547244094488189,0.01,0
1.0,0.013725490196078431,0.013725490196078431,0.0984251968503937,0.04,0
0.0,0.0,0.0,0.22440944881889763,0.02,0
1.0,0.049019607843137254,0.049019607843137254,1.0,0.0,0
1.0,0.0,0.00392156862745098,0.49606299212598426,0.01,0
1.0,0.00196078431372549,0.00196078431372549,0.04330708661417323,0.5,0
0.0,0.00196078431372549,0.00196078431372549,1.0,0.81,0
1.0,0.0,0.00392156862745098,1.0,0.0,0
1.0,0.07254901960784314,0.07254901960784314,0.6614173228346457,0.01,0
0.0,0.0,0.0,1.0,0.01,0
1.0,0.00980392156862745,0.025490196078431372,0.968503937007874,0.0,0
1.0,0.0196078431372549,0.03137254901960784,0.03937007874015748,0.09,0
1.0,0.03137254901960784,0.03137254901960784,0.06299212598425197,0.06,0
1.0,0.00980392156862745,0.025490196078431372,0.5748031496062992,0.01,0
1.0,0.027450980392156862,0.027450980392156862,1.0,0.0,0
1.0,0.03529411764705882,0.03529411764705882,0.18503937007874016,0.02,0
1.0,0.00196078431372549,0.00196078431372549,0.2992125984251969,0.01,0
1.0,0.0,0.0,0.06692913385826772,0.06,0
1.0,0.0058823529411764705,0.00784313725490196,0.11023622047244094,0.03,0
0.0,0.0,0.0,1.0,0.95,0
1.0,0.00392156862745098,0.025490196078431372,0.08661417322834646,0.04,0
1.0,0.0,0.0,0.4645669291338583,0.01,0
0.0,0.0,0.0,1.0,0.9,0
0.0,0.0,0.0,0.07874015748031496,0.05,0
0.0,0.07647058823529412,0.07647058823529412,0.4094488188976378,0.01,0
0.0,0.0,0.0,1.0,0.0,0
1.0,0.0,0.0,0.6417322834645669,0.01,0
1.0,0.011764705882352941,0.0196078431372549,1.0,0.0,0
1.0,0.00196078431372549,0.00196078431372549,0.7598425196850394,0.3,0
1.0,0.00196078431372549,0.00196078431372549,0.003937007874015748,0.5,0
1.0,0.029411764705882353,0.06666666666666667,0.14960629921259844,0.03,0
0.0,0.0,0.0,0.6023622047244095,0.01,0
1.0,0.00980392156862745,0.052941176470588235,0.3110236220472441,0.01,0
1.0,0.00196078431372549,0.00196078431372549,0.16535433070866143,0.02,0
1.0,0.00392156862745098,0.01568627450980392,0.15354330708661418,0.03,0
1.0,0.01568627450980392,0.01568627450980392,0.13385826771653545,0.03,0
1.0,0.0,0.00196078431372549,0.01968503937007874,0.17,0
1.0,0.0058823529411764705,0.0058823529411764705,0.1220472440944882,0.03,0
1.0,0.025490196078431372,0.029411764705882353,1.0,0.0,0
1.0,0.0196078431372549,0.045098039215686274,0.38976377952755903,0.01,0
1.0,0.0,0.0,1.0,0.0,0
0.0,0.0,0.0,0.7716535433070866,0.02,0
1.0,0.013725490196078431,0.013725490196078431,0.1062992125984252,0.04,0
0.0,1.0,1.0,1.0,1.0,1
1.0,0.056862745098039215,0.058823529411764705,0.35039370078740156,0.01,0
1.0,0.0,0.0058823529411764705,0.051181102362204724,0.07,0
1.0,0.0,0.00392156862745098,0.9606299212598425,0.0,0
1.0,0.00980392156862745,0.00980392156862745,1.0,0.0,0
1.0,0.0058823529411764705,0.0058823529411764705,1.0,0.0,0
1.0,0.0,0.00392156862745098,0.38976377952755903,0.01,0
1.0,0.00392156862745098,0.00392156862745098,0.8188976377952756,0.0,0
1.0,0.0,0.0,0.14173228346456693,0.03,0
0.0,0.0,0.0,0.01968503937007874,1.0,0
0.0,0.0,0.0,1.0,0.0,0
0.0,0.0,0.0,1.0,0.0,0
1.0,0.029411764705882353,0.03333333333333333,0.05905511811023622,0.06,0
1.0,0.0,0.0,1.0,0.0,0
0.0,0.21176470588235294,0.3411764705882353,1.0,0.0,0
1.0,0.0058823529411764705,0.0058823529411764705,0.6496062992125984,0.01,0
1.0,0.025490196078431372,0.025490196078431372,1.0,0.0,0
1.0,0.043137254901960784,0.0803921568627451,0.08661417322834646,0.04,0
0.0,0.45098039215686275,0.46078431372549017,1.0,0.0,0
1.0,0.01764705882352941,0.01764705882352941,0.03543307086614173,0.1,0
1.0,0.03137254901960784,0.03137254901960784,0.25196850393700787,0.02,0
1.0,0.0,0.00196078431372549,0.37401574803149606,0.01,0
1.0,0.00196078431372549,0.00392156862745098,0.4251968503937008,0.01,0
1.0,0.0058823529411764705,0.0058823529411764705,1.0,0.0,0
1.0,0.011764705882352941,0.011764705882352941,1.0,0.0,0
1.0,0.00392156862745098,0.050980392156862744,0.7677165354330708,0.01,0
1.0,0.01764705882352941,0.01764705882352941,1.0,0.0,0
1.0,0.00980392156862745,0.00980392156862745,1.0,0.0,0
1.0,0.0,0.00196078431372549,0.023622047244094488,0.14,0
1.0,0.0,0.00392156862745098,0.1968503937007874,0.02,0
1.0,0.0,0.0,0.9566929133858267,0.0,0
1.0,0.00392156862745098,0.01568627450980392,0.007874015748031496,0.33,0
1.0,0.013725490196078431,0.013725490196078431,0.6889763779527559,0.22,0
0.0,0.00196078431372549,0.00196078431372549,1.0,0.98,0
0.0,0.00980392156862745,0.00196078431372549,1.0,0.15,0
0.0,0.03333333333333333,0.03333333333333333,0.594488188976378,0.01,0
1.0,0.011764705882352941,0.021568627450980392,0.05905511811023622,0.06,0
0.0,0.01764705882352941,0.01764705882352941,0.29133858267716534,1.0,0
1.0,0.011764705882352941,0.011764705882352941,0.023622047244094488,0.14,0
1.0,0.0,0.00980392156862745,1.0,0.0,0
1.0,0.03333333333333333,0.041176470588235294,0.06692913385826772,0.06,0
0.0,0.0,0.00196078431372549,0.011811023622047244,0.5,0
0.0,0.0,0.0,1.0,0.0,0
0.0,0.0,0.00196078431372549,0.007874015748031496,0.33,0
0.0,0.0,0.0,1.0,1.0,0
0.0,0.0,0.0,1.0,0.0,0
1.0,0.0,0.0,0.03937007874015748,0.45,0
0.0,0.4627450980392157,0.029411764705882353,1.0,0.0,1
0.0,0.00196078431372549,0.00196078431372549,0.2440944881889764,0.13,0
1.0,0.01568627450980392,0.01764705882352941,0.3031496062992126,0.01,0
1.0,0.0058823529411764705,0.00784313725490196,0.011811023622047244,0.25,0
1.0,0.021568627450980392,0.021568627450980392,0.04330708661417323,0.08,0
1.0,0.0,0.0,0.04330708661417323,0.08,0
0.0,0.00196078431372549,0.00196078431372549,1.0,0.01,0
1.0,0.03137254901960784,0.049019607843137254,0.06299212598425197,0.06,0
1.0,0.0,0.0,1.0,0.0,0
1.0,0.0,0.0,0.2637795275590551,0.01,0
0.0,0.5176470588235295,0.011764705882352941,1.0,0.0,1
1.0,0.0,0.00980392156862745,0.46062992125984253,0.01,0
0.0,0.0,0.0,0.4015748031496063,0.78,0
1.0,0.023529411764705882,0.045098039215686274,0.2637795275590551,0.01,0
0.0,1.0,1.0,1.0,1.0,1
0.0,0.9980392156862745,0.9980392156862745,1.0,1.0,1
0.0,0.0,0.0,1.0,0.99,0
1.0,0.0,0.025490196078431372,0.011811023622047244,0.25,0
1.0,0.0,0.0,0.01968503937007874,0.17,0
1.0,0.00196078431372549,0.00196078431372549,0.43700787401574803,0.01,0
1.0,0.041176470588235294,0.041176470588235294,0.8700787401574803,0.0,0
1.0,0.01568627450980392,0.01568627450980392,1.0,0.0,0
1.0,0.0,0.0,1.0,0.0,0
1.0,0.0,0.0,0.5039370078740157,0.01,0
0.0,0.0,0.0,1.0,0.0,0
1.0,0.0,0.0,0.9330708661417323,0.0,0
0.0,0.0,0.0,0.07874015748031496,0.05,0
1.0,0.06666666666666667,0.0784313725490196,1.0,0.0,0
0.0,1.0,1.0,1.0,1.0,1
0.0,0.01764705882352941,0.027450980392156862,1.0,0.01,0
0.0,0.0,0.0,0.8149606299212598,0.0,0
0.0,0.0,0.0,1.0,0.0,0
1.0,0.00392156862745098,0.00392156862745098,0.8740157480314961,0.0,0
0.0,0.0,0.0,1.0,1.0,0
1.0,0.00784313725490196,0.00784313725490196,0.015748031496062992,0.2,0
0.0,0.00392156862745098,0.0058823529411764705,0.7519685039370079,0.01,0
1.0,0.023529411764705882,0.025490196078431372,0.2047244094488189,0.02,0
0.0,1.0,1.0,1.0,1.0,1
1.0,0.06470588235294118,0.06470588235294118,1.0,0.0,0
1.0,0.00980392156862745,0.00196078431372549,1.0,0.09,0
1.0,0.0,0.00196078431372549,0.3188976377952756,0.01,0
1.0,0.011764705882352941,0.013725490196078431,0.46062992125984253,0.01,0
0.0,0.0,0.0,0.25196850393700787,0.02,0
1.0,0.01568627450980392,0.01568627450980392,0.14173228346456693,0.73,0
1.0,0.00980392156862745,0.058823529411764705,0.07874015748031496,0.05,0
1.0,0.00784313725490196,0.0392156862745098,0.015748031496062992,0.2,0
0.0,0.16862745098039217,0.3254901960784314,1.0,0.0,0
1.0,0.021568627450980392,0.021568627450980392,0.8307086614173228,0.0,0
1.0,0.00196078431372549,0.00196078431372549,0.7401574803149606,0.15,0
0.0,0.0,0.0,0.07874015748031496,0.05,0
1.0,0.0196078431372549,0.043137254901960784,1.0,0.0,0
0.0,0.0058823529411764705,0.03333333333333333,0.2992125984251969,0.84,0
1.0,0.013725490196078431,0.01568627450980392,0.1141732283464567,0.03,0
1.0,0.0392156862745098,0.0392156862745098,1.0,0.0,0
1.0,0.00196078431372549,0.00196078431372549,1.0,0.0,0
1.0,0.00784313725490196,0.027450980392156862,0.25196850393700787,0.02,0
1.0,0.08431372549019608,0.08823529411764706,0.38976377952755903,0.01,0
1.0,0.0058823529411764705,0.0058823529411764705,1.0,0.0,0
1.0,0.0,0.00196078431372549,0.2283464566929134,0.02,0
1.0,0.0,0.0,0.16141732283464566,0.02,0
1.0,0.0,0.00196078431372549,0.2440944881889764,0.02,0
0.0,0.0,0.0,0.16535433070866143,1.0,0
1.0,0.0,0.0,0.4251968503937008,0.01,0
0.0,0.0,0.0,0.011811023622047244,0.25,0
1.0,0.0,0.00784313725490196,1.0,0.0,0
1.0,0.058823529411764705,0.06274509803921569,1.0,0.0,0
0.0,0.0,0.0,1.0,1.0,0
1.0,0.0,0.0,1.0,0.0,0
1.0,0.00980392156862745,0.00980392156862745,1.0,0.0,0
0.0,0.0,0.0,1.0,1.0,0
0.0,0.08431372549019608,0.08431372549019608,1.0,0.0,0
0.0,0.31176470588235294,0.31176470588235294,1.0,0.0,0
1.0,0.03725490196078431,0.03725490196078431,1.0,0.0,0
0.0,0.0,0.0,0.0,1.0,0
1.0,0.0,0.0,1.0,0.0,0
0.0,0.0058823529411764705,0.0058823529411764705,0.05511811023622047,0.07,0
0.0,0.00980392156862745,0.01764705882352941,1.0,0.0,0
0.0,0.00196078431372549,0.00196078431372549,0.7480314960629921,0.14,0
0.0,0.0,0.0,1.0,0.0,0
0.0,0.41568627450980394,0.011764705882352941,1.0,0.0,1
0.0,0.0,0.0,0.8031496062992126,0.0,0
1.0,0.0,0.0,0.003937007874015748,0.5,0
1.0,0.00392156862745098,0.043137254901960784,0.3110236220472441,0.01,0
1.0,0.00196078431372549,0.00196078431372549,0.003937007874015748,0.5,0
1.0,0.027450980392156862,0.03137254901960784,0.2047244094488189,0.02,0
0.0,0.0,0.00196078431372549,0.984251968503937,0.05,0
1.0,0.01568627450980392,0.13137254901960785,1.0,0.0,0
1.0,0.03333333333333333,0.07058823529411765,1.0,0.0,0
0.0,0.0,0.0,0.01968503937007874,0.17,0
1.0,0.011764705882352941,0.011764705882352941,0.027559055118110236,0.12,0
1.0,0.01568627450980392,0.01568627450980392,1.0,0.0,0
1.0,0.0,0.0,0.6023622047244095,0.01,0
0.0,0.01568627450980392,0.027450980392156862,1.0,0.0,0
0.0,0.9980392156862745,0.9980392156862745,1.0,1.0,1
1.0,0.050980392156862744,0.052941176470588235,1.0,0.0,0
1.0,0.00392156862745098,0.011764705882352941,0.07086614173228346,0.05,0
1.0,0.00196078431372549,0.00784313725490196,0.05511811023622047,0.07,0
1.0,0.013725490196078431,0.013725490196078431,1.0,0.0,0
1.0,0.0058823529411764705,0.0058823529411764705,1.0,0.0,0
1.0,0.0058823529411764705,0.0058823529411764705,1.0,0.0,0
1.0,0.01568627450980392,0.03725490196078431,0.16141732283464566,0.02,0
1.0,0.00784313725490196,0.00784313725490196,0.1889763779527559,0.33,0
1.0,0.0,0.0,1.0,0.0,0
1.0,0.025490196078431372,0.025490196078431372,0.25196850393700787,0.62,0
1.0,0.0,0.00392156862745098,0.20866141732283464,0.02,0
0.0,0.00784313725490196,0.00196078431372549,1.0,0.84,0
1.0,0.0,0.0,0.3661417322834646,0.01,0
1.0,0.0,0.0,0.023622047244094488,0.14,0
1.0,0.0196078431372549,0.045098039215686274,0.6062992125984252,0.01,0
1.0,0.03333333333333333,0.03333333333333333,1.0,0.0,0
1.0,0.013725490196078431,0.013725490196078431,0.38188976377952755,0.01,0
1.0,0.07058823529411765,0.07058823529411765,0.33070866141732286,0.01,0
0.0,0.0,0.0,1.0,0.99,0
1.0,0.0784313725490196,0.0803921568627451,1.0,0.0,0
0.0,0.0,0.00392156862745098,0.003937007874015748,0.5,0
0.0,0.0,0.0,0.3228346456692913,0.01,0
1.0,0.0196078431372549,0.03333333333333333,0.05511811023622047,0.07,0
1.0,0.011764705882352941,0.011764705882352941,1.0,0.0,0
0.0,0.0,0.0,0.3464566929133858,0.46,0
0.0,0.996078431372549,0.996078431372549,1.0,1.0,1
1.0,0.00980392156862745,0.00980392156862745,0.25196850393700787,0.02,0
0.0,0.9313725490196079,0.9313725490196079,1.0,1.0,1
0.0,0.0,0.0,0.3346456692913386,0.01,0
1.0,0.0,0.00196078431372549,0.16929133858267717,0.02,0
1.0,0.03529411764705882,0.03529411764705882,1.0,0.0,0
0.0,0.2607843137254902,0.027450980392156862,1.0,0.0,1
0.0,0.00784313725490196,0.013725490196078431,1.0,0.0,0
1.0,0.0,0.0,1.0,0.0,0
0.0,0.4980392156862745,0.03529411764705882,1.0,0.0,1
1.0,0.0,0.00392156862745098,0.023622047244094488,0.14,0
1.0,0.013725490196078431,0.013725490196078431,0.3464566929133858,0.01,0
0.0,1.0,1.0,1.0,1.0,1
0.0,0.00196078431372549,0.00196078431372549,1.0,0.01,0
1.0,0.0058823529411764705,0.0058823529411764705,0.3228346456692913,0.01,0
1.0,0.0,0.0,0.27165354330708663,0.01,0
0.0,0.00196078431372549,0.00196078431372549,1.0,0.02,0
1.0,0.00980392156862745,0.021568627450980392,0.05511811023622047,0.07,0
1.0,0.00196078431372549,0.00196078431372549,0.5354330708661418,0.24,0
1.0,0.00196078431372549,0.00196078431372549,0.7834645669291339,0.0,0
1.0,0.043137254901960784,0.043137254901960784,1.0,0.0,0
0.0,0.0,0.0,0.06299212598425197,0.06,0
1.0,0.00392156862745098,0.03725490196078431,0.007874015748031496,0.33,0
1.0,0.0,0.00392156862745098,0.2677165354330709,0.01,0
0.0,0.0,0.0,1.0,0.0,0
1.0,0.0196078431372549,0.0196078431372549,1.0,0.0,0
1.0,0.025490196078431372,0.03137254901960784,0.5590551181102362,0.01,0
0.0,1.0,1.0,1.0,1.0,1
0.0,0.0,0.00196078431372549,0.11811023622047244,0.03,0
0.0,0.0,0.0,1.0,0.01,0
0.0,1.0,1.0,1.0,1.0,1
0.0,1.0,1.0,1.0,1.0,1
0.0,0.0,0.0,1.0,0.0,0
0.0,0.0,0.0,1.0,0.0,0
1.0,0.00392156862745098,0.00784313725490196,0.06692913385826772,0.06,0
1.0,0.0,0.00196078431372549,0.2677165354330709,0.01,0
1.0,0.00196078431372549,0.00196078431372549,0.03543307086614173,0.1,0
1.0,0.0196078431372549,0.03137254901960784,1.0,0.0,0
1.0,0.00196078431372549,0.00196078431372549,0.09448818897637795,0.04,0
0.0,1.0,1.0,1.0,1.0,1
0.0,0.0,0.0,1.0,0.97,0
0.0,0.0058823529411764705,0.00196078431372549,1.0,0.94,0
0.0,0.0,0.0,1.0,0.0,0
0.0,1.0,1.0,1.0,1.0,1
0.0,1.0,1.0,1.0,1.0,1
1.0,0.041176470588235294,0.041176470588235294,1.0,0.0,0
0.0,1.0,1.0,1.0,1.0,1
0.0,0.23137254901960785,0.38823529411764707,1.0,0.0,0
1.0,0.00392156862745098,0.00392156862745098,1.0,0.0,0
1.0,0.011764705882352941,0.011764705882352941,0.23622047244094488,0.02,0
0.0,0.0,0.0,1.0,0.0,0
1.0,0.027450980392156862,0.045098039215686274,0.05511811023622047,0.07,0
1.0,0.011764705882352941,0.011764705882352941,1.0,0.0,0
1.0,0.01568627450980392,0.025490196078431372,0.14960629921259844,0.03,0
1.0,0.00196078431372549,0.00784313725490196,0.08661417322834646,0.04,0
1.0,0.0,0.0,0.20866141732283464,0.02,0
1.0,0.021568627450980392,0.021568627450980392,1.0,0.0,0
1.0,0.0,0.00392156862745098,0.047244094488188976,0.08,0
1.0,0.00392156862745098,0.00392156862745098,0.1732283464566929,0.02,0
1.0,0.01764705882352941,0.01764705882352941,0.8976377952755905,0.0,0
0.0,1.0,1.0,1.0,1.0,1
1.0,0.01568627450980392,0.052941176470588235,0.6417322834645669,0.01,0
0.0,1.0,1.0,1.0,1.0,1
1.0,0.0,0.0,0.2047244094488189,0.02,0
1.0,0.029411764705882353,0.03137254901960784,0.16535433070866143,0.02,0
1.0,0.03333333333333333,0.047058823529411764,0.18110236220472442,0.02,0
1.0,0.01568627450980392,0.01568627450980392,0.031496062992125984,0.11,0
1.0,0.049019607843137254,0.060784313725490195,0.8543307086614174,0.0,0
1.0,0.027450980392156862,0.029411764705882353,0.05511811023622047,0.07,0
0.0,1.0,1.0,1.0,1.0,1
1.0,0.025490196078431372,0.027450980392156862,1.0,0.0,0
1.0,0.00392156862745098,0.00392156862745098,1.0,0.0,0
1.0,0.029411764705882353,0.050980392156862744,1.0,0.0,0
1.0,0.052941176470588235,0.052941176470588235,0.5866141732283464,0.01,0
0.0,0.0,0.0,0.0,1.0,0
0.0,0.8784313725490196,0.8784313725490196,1.0,1.0,1
0.0,0.0,0.0,0.03937007874015748,0.09,0
1.0,0.0,0.00196078431372549,0.25196850393700787,0.02,0
0.0,0.0,0.0,1.0,0.0,0
1.0,0.00392156862745098,0.0058823529411764705,0.007874015748031496,0.33,0
1.0,0.0058823529411764705,0.0058823529411764705,1.0,0.0,0
1.0,0.0,0.00392156862745098,1.0,0.0,0
1.0,0.0058823529411764705,0.00784313725490196,0.011811023622047244,0.25,0
0.0,0.0,0.0,0.4921259842519685,0.5,0
1.0,0.013725490196078431,0.013725490196078431,0.2440944881889764,0.02,0
1.0,0.043137254901960784,0.043137254901960784,0.25984251968503935,0.01,0
0.0,0.0,0.0,0.8070866141732284,0.0,0
1.0,0.00392156862745098,0.00392156862745098,0.13385826771653545,0.03,0
0.0,0.0,0.0,0.0,1.0,0
0.0,0.0,0.0,1.0,0.0,0
1.0,0.0,0.0,0.7834645669291339,0.0,0
0.0,0.0,0.0,1.0,1.0,0
0.0,0.0,0.0,0.07480314960629922,0.05,0
1.0,0.00784313725490196,0.00784313725490196,1.0,0.0,0
1.0,0.0,0.0,0.4921259842519685,0.01,0
1.0,0.03333333333333333,0.03333333333333333,0.06299212598425197,0.06,0
1.0,0.00784313725490196,0.00784313725490196,1.0,0.0,0
1.0,0.0196078431372549,0.0196078431372549,0.9094488188976378,0.0,0
1.0,0.025490196078431372,0.025490196078431372,0.3425196850393701,0.01,0
1.0,0.043137254901960784,0.043137254901960784,0.14173228346456693,0.03,0
1.0,0.023529411764705882,0.025490196078431372,0.21653543307086615,0.02,0
0.0,0.9980392156862745,0.9980392156862745,1.0,1.0,1
0.0,1.0,1.0,1.0,1.0,1
1.0,0.03529411764705882,0.03529411764705882,1.0,0.0,0
0.0,0.0,0.0,1.0,1.0,0
0.0,0.0,0.0,1.0,0.01,0
1.0,0.050980392156862744,0.050980392156862744,0.27165354330708663,0.01,0
1.0,0.03529411764705882,0.03529411764705882,1.0,0.0,0
0.0,0.0,0.00196078431372549,1.0,0.0,0
1.0,0.0,0.0,1.0,0.0,0
1.0,0.021568627450980392,0.021568627450980392,1.0,0.0,0
1.0,0.00196078431372549,0.0,1.0,0.0,0
1.0,0.011764705882352941,0.011764705882352941,0.7795275590551181,0.01,0
1.0,0.01764705882352941,0.01764705882352941,0.11023622047244094,0.03,0
1.0,0.00196078431372549,0.00196078431372549,0.003937007874015748,0.5,0
1.0,0.0,0.0058823529411764705,0.7913385826771654,0.0,0
1.0,0.03333333333333333,0.03137254901960784,0.452755905511811,0.2,0
0.0,0.0,0.00196078431372549,0.0,1.0,0
0.0,0.0,0.0,0.0,1.0,0
1.0,0.01568627450980392,0.021568627450980392,1.0,0.0,0
1.0,0.052941176470588235,0.11372549019607843,0.531496062992126,0.01,0
0.0,0.4137254901960784,0.029411764705882353,1.0,0.0,1
0.0,0.9117647058823529,0.9117647058823529,1.0,1.0,1
0.0,0.00196078431372549,0.00392156862745098,0.07086614173228346,0.05,0
1.0,0.0,0.00196078431372549,0.01968503937007874,0.17,0
1.0,0.00196078431372549,0.00196078431372549,0.011811023622047244,0.25,0
1.0,0.03137254901960784,0.03137254901960784,1.0,0.0,0
1.0,0.0,0.0058823529411764705,0.2204724409448819,0.02,0
1.0,0.054901960784313725,0.09607843137254903,1.0,0.0,0
1.0,0.0,0.0,0.6259842519685039,0.01,0
0.0,0.0,0.0,1.0,0.0,0
0.0,0.0,0.0,0.22440944881889763,0.02,0
1.0,0.011764705882352941,0.011764705882352941,1.0,0.0,0
1.0,0.023529411764705882,0.023529411764705882,0.047244094488188976,0.08,0
0.0,0.0,0.0,0.49606299212598426,0.03,0
1.0,0.025490196078431372,0.025490196078431372,0.3031496062992126,0.01,0
0.0,0.12745098039215685,0.28431372549019607,1.0,0.0,0
1.0,0.03137254901960784,0.03333333333333333,1.0,0.0,0
0.0,0.00196078431372549,0.00196078431372549,1.0,0.0,0
0.0,0.0,0.0,1.0,0.0,0
1.0,0.0196078431372549,0.0196078431372549,1.0,0.0,0
1.0,0.00980392156862745,0.00980392156862745,0.2874015748031496,0.01,0
0.0,0.0,0.0,0.0,1.0,0
1.0,0.0,0.0058823529411764705,1.0,0.0,0
0.0,0.00392156862745098,0.023529411764705882,0.7874015748031497,0.0,0
1.0,0.054901960784313725,0.06274509803921569,1.0,0.0,0
1.0,0.0,0.00196078431372549,0.2283464566929134,0.02,0
1.0,0.0,0.00196078431372549,0.3188976377952756,0.01,0
0.0,0.0,0.0,1.0,0.0,0
0.0,0.0,0.0,0.11023622047244094,0.86,0
1.0,0.025490196078431372,0.027450980392156862,1.0,0.0,0
1.0,0.011764705882352941,0.011764705882352941,0.023622047244094488,0.14,0
0.0,0.0,0.0,1.0,1.0,0
0.0,0.0,0.0,0.0,1.0,0
0.0,0.0,0.0,0.003937007874015748,0.5,0
0.0,0.515686274509804,0.01764705882352941,1.0,0.0,1
1.0,0.0,0.0,0.1062992125984252,0.04,0
0.0,0.0,0.0,1.0,0.0,0
0.0,0.0,0.0,0.28346456692913385,1.0,0
1.0,0.03137254901960784,0.03725490196078431,1.0,0.0,0
1.0,0.0,0.0,0.13385826771653545,0.03,0
0.0,1.0,1.0,1.0,1.0,1
1.0,0.0058823529411764705,0.045098039215686274,0.047244094488188976,0.08,0
1.0,0.03333333333333333,0.03333333333333333,1.0,0.01,0
1.0,0.025490196078431372,0.025490196078431372,0.24803149606299213,0.02,0
0.0,0.00196078431372549,0.00196078431372549,1.0,0.01,0
1.0,0.0,0.0,0.5118110236220472,0.01,0
1.0,0.023529411764705882,0.10588235294117647,1.0,0.0,0
0.0,1.0,1.0,1.0,1.0,1
0.0,0.0,0.0,1.0,0.0,0
1.0,0.011764705882352941,0.011764705882352941,1.0,0.0,0
1.0,0.023529411764705882,0.029411764705882353,0.47244094488188976,0.01,0
0.0,0.9980392156862745,0.9980392156862745,1.0,1.0,1
1.0,0.0,0.0,1.0,0.0,0
1.0,0.00196078431372549,0.00980392156862745,0.003937007874015748,0.5,0
1.0,0.023529411764705882,0.023529411764705882,0.421259842519685,0.01,0
0.0,0.0,0.0,1.0,0.0,0
0.0,0.0,0.0,1.0,0.97,0
0.0,0.00196078431372549,0.0058823529411764705,1.0,0.16,0
0.0,0.0,0.0,1.0,0.0,0
0.0,0.0,0.0,0.023622047244094488,0.14,0
1.0,0.00980392156862745,0.011764705882352941,0.5787401574803149,0.01,0
1.0,0.056862745098039215,0.06470588235294118,0.35826771653543305,0.01,0
1.0,0.023529411764705882,0.023529411764705882,0.4566929133858268,0.38,0
0.0,0.00980392156862745,0.00980392156862745,1.0,0.18,0
1.0,0.00980392156862745,0.013725490196078431,0.1889763779527559,0.02,0
0.0,1.0,1.0,1.0,1.0,1
1.0,0.058823529411764705,0.058823529411764705,1.0,0.0,0
1.0,0.0,0.0,0.0,1.0,0
1.0,0.0,0.00392156862745098,1.0,0.0,0
1.0,0.0,0.00392156862745098,0.003937007874015748,0.5,0
0.0,1.0,1.0,1.0,1.0,1
1.0,0.0196078431372549,0.043137254901960784,0.08267716535433071,0.05,0
1.0,0.00980392156862745,0.00980392156862745,1.0,0.0,0
1.0,0.00784313725490196,0.00784313725490196,1.0,0.0,0
1.0,0.0,0.00392156862745098,0.027559055118110236,0.12,0
0.0,0.23529411764705882,0.23529411764705882,1.0,0.01,0
0.0,0.25882352941176473,0.013725490196078431,1.0,0.0,1
1.0,0.0196078431372549,0.0196078431372549,0.03937007874015748,0.09,0
1.0,0.056862745098039215,0.0784313725490196,0.3464566929133858,0.01,0
0.0,0.27647058823529413,0.027450980392156862,1.0,0.0,1
0.0,0.021568627450980392,0.021568627450980392,1.0,0.02,0
1.0,0.043137254901960784,0.043137254901960784,0.5748031496062992,0.01,0
0.0,0.0,0.0,1.0,0.82,0
1.0,0.025490196078431372,0.025490196078431372,0.9448818897637795,0.44,0
0.0,0.0,0.0,0.06692913385826772,0.06,0
1.0,0.0058823529411764705,0.0058823529411764705,0.2874015748031496,0.01,0
1.0,0.00196078431372549,0.00784313725490196,1.0,0.01,0
1.0,0.00196078431372549,0.00392156862745098,0.09055118110236221,0.04,0
1.0,0.03725490196078431,0.03725490196078431,0.4094488188976378,0.01,0
0.0,0.00392156862745098,0.0,1.0,0.97,0
1.0,0.01764705882352941,0.01764705882352941,1.0,0.0,0
0.0,0.0,0.0,0.05905511811023622,0.06,0
0.0,0.00196078431372549,0.00196078431372549,1.0,0.01,0
1.0,0.0784313725490196,0.0784313725490196,1.0,0.0,0
1.0,0.00392156862745098,0.00392156862745098,0.007874015748031496,0.33,0
0.0,0.08235294117647059,0.20588235294117646,1.0,0.0,0
0.0,0.0,0.0,0.0,1.0,1
0.0,0.0,0.0,0.03543307086614173,0.1,0
1.0,0.00980392156862745,0.00980392156862745,0.01968503937007874,0.17,0
0.0,1.0,1.0,1.0,1.0,1
0.0,0.0,0.0,1.0,0.0,0
1.0,0.011764705882352941,0.01568627450980392,0.4921259842519685,0.01,0
1.0,0.011764705882352941,0.013725490196078431,1.0,0.0,0
1.0,0.0196078431372549,0.0196078431372549,1.0,0.01,0
1.0,0.00784313725490196,0.00784313725490196,0.17716535433070865,0.02,0
1.0,0.00980392156862745,0.00980392156862745,0.09055118110236221,0.04,0
1.0,0.011764705882352941,0.011764705882352941,1.0,0.0,0
0.0,0.42745098039215684,0.42745098039215684,1.0,0.0,0
1.0,0.0,0.0,0.09448818897637795,0.04,0
1.0,0.00196078431372549,0.00196078431372549,0.003937007874015748,0.5,0
0.0,0.0058823529411764705,0.00196078431372549,1.0,0.93,0
1.0,0.01568627450980392,0.043137254901960784,0.031496062992125984,0.11,0
0.0,0.0,0.0,1.0,0.0,0
0.0,0.0,0.0,0.0,1.0,0
1.0,0.0,0.00196078431372549,0.08661417322834646,0.04,0
1.0,0.027450980392156862,0.027450980392156862,0.15748031496062992,0.85,0
0.0,1.0,1.0,1.0,1.0,1
0.0,0.40980392156862744,0.40980392156862744,1.0,0.01,0
1.0,0.00196078431372549,0.00196078431372549,0.4921259842519685,0.01,0
1.0,0.043137254901960784,0.043137254901960784,1.0,0.0,0
1.0,0.00196078431372549,0.0058823529411764705,0.468503937007874,0.1,0
1.0,0.027450980392156862,0.027450980392156862,0.05511811023622047,0.07,0
1.0,0.0,0.0,0.0,1.0,0
1.0,0.00196078431372549,0.00196078431372549,0.003937007874015748,0.5,0
1.0,0.0,0.03725490196078431,0.05511811023622047,0.07,0
1.0,0.00196078431372549,0.00196078431372549,0.015748031496062992,0.6,0
0.0,0.0,0.0,1.0,0.01,0
0.0,0.0,0.0,1.0,0.99,0
0.0,1.0,1.0,1.0,1.0,1
1.0,0.0196078431372549,0.0196078431372549,1.0,0.0,0
0.0,0.5313725490196078,0.03725490196078431,1.0,0.0,1
1.0,0.0,0.0,0.8070866141732284,0.0,0
1.0,0.00196078431372549,0.00392156862745098,0.25984251968503935,0.01,0
1.0,0.03529411764705882,0.03529411764705882,1.0,0.01,0
1.0,0.01764705882352941,0.023529411764705882,0.03543307086614173,0.1,0
0.0,0.0,0.0,1.0,0.0,0
1.0,0.00980392156862745,0.00980392156862745,0.01968503937007874,0.17,0
0.0,0.28823529411764703,0.021568627450980392,1.0,0.0,1
1.0,0.058823529411764705,0.06862745098039216,0.5787401574803149,0.01,0
0.0,0.0,0.0,1.0,0.0,0
0.0,0.00196078431372549,0.00196078431372549,1.0,0.01,0
1.0,0.054901960784313725,0.054901960784313725,1.0,0.01,0
0.0,0.0,0.0,1.0,0.89,0
1.0,0.00784313725490196,0.00980392156862745,0.015748031496062992,0.2,0
1.0,0.0058823529411764705,0.0058823529411764705,0.011811023622047244,0.25,0
1.0,0.01764705882352941,0.01764705882352941,1.0,0.0,0
1.0,0.00196078431372549,0.00392156862745098,0.17716535433070865,0.02,0
1.0,0.013725490196078431,0.013725490196078431,1.0,0.0,0
1.0,0.03529411764705882,0.03529411764705882,1.0,0.0,0
0.0,0.0,0.0,1.0,1.0,0
1.0,0.00196078431372549,0.00196078431372549,0.6417322834645669,0.01,0
0.0,0.0,0.0,1.0,0.99,0
1.0,0.045098039215686274,0.045098039215686274,1.0,0.0,0
1.0,0.00196078431372549,0.025490196078431372,0.9212598425196851,0.0,0
0.0,0.00980392156862745,0.00196078431372549,1.0,1.0,0
0.0,0.29215686274509806,0.29215686274509806,1.0,0.01,0
0.0,0.00196078431372549,0.00196078431372549,1.0,0.01,0
0.0,0.0,0.0,0.29133858267716534,0.63,0
1.0,0.03137254901960784,0.03137254901960784,0.06299212598425197,0.06,0
0.0,0.2,0.00392156862745098,1.0,0.0,1
0.0,0.2607843137254902,0.01764705882352941,1.0,0.0,1
1.0,0.013725490196078431,0.013725490196078431,1.0,0.0,0
1.0,0.03137254901960784,0.06470588235294118,1.0,0.0,0
1.0,0.025490196078431372,0.029411764705882353,0.051181102362204724,0.07,0
0.0,0.22549019607843138,0.0,1.0,0.0,1
1.0,0.03333333333333333,0.03333333333333333,0.06692913385826772,0.06,0
1.0,0.021568627450980392,0.021568627450980392,0.562992125984252,0.31,0
0.0,0.0,0.0,1.0,1.0,0
1.0,0.011764705882352941,0.011764705882352941,0.023622047244094488,0.14,0
1.0,0.025490196078431372,0.03333333333333333,1.0,0.0,0
1.0,0.0196078431372549,0.0196078431372549,1.0,0.01,0
0.0,0.20588235294117646,0.027450980392156862,1.0,0.0,1
1.0,0.00196078431372549,0.0,0.01968503937007874,0.17,0
1.0,0.021568627450980392,0.0392156862745098,0.2952755905511811,0.01,0
1.0,0.01764705882352941,0.01764705882352941,1.0,0.0,0
0.0,0.5196078431372549,0.03529411764705882,1.0,0.0,1
1.0,0.00392156862745098,0.00392156862745098,1.0,0.0,0
1.0,0.0,0.0,0.4881889763779528,0.01,0
0.0,0.0,0.0,1.0,0.0,0
1.0,0.00196078431372549,0.00196078431372549,0.0984251968503937,0.04,0
1.0,0.0,0.021568627450980392,1.0,0.0,0
0.0,0.0,0.00196078431372549,0.007874015748031496,0.33,0
1.0,0.0,0.00196078431372549,0.0,1.0,0
1.0,0.00980392156862745,0.00980392156862745,0.05905511811023622,0.06,0
1.0,0.0,0.0,0.39763779527559057,0.01,0
1.0,0.041176470588235294,0.043137254901960784,0.468503937007874,0.01,0
1.0,0.03137254901960784,0.050980392156862744,1.0,0.0,0
1.0,0.0196078431372549,0.021568627450980392,0.9724409448818898,0.0,0
0.0,0.0,0.0,1.0,0.27,0
1.0,0.052941176470588235,0.052941176470588235,1.0,0.0,0
0.0,0.0,0.0,1.0,0.01,0
1.0,0.0392156862745098,0.041176470588235294,0.84251968503937,0.0,0
0.0,0.06862745098039216,0.17254901960784313,1.0,0.0,0
0.0,1.0,1.0,1.0,1.0,1
1.0,0.0196078431372549,0.0196078431372549,1.0,0.0,0
1.0,0.027450980392156862,0.09803921568627451,0.5984251968503937,0.01,0
1.0,0.03137254901960784,0.041176470588235294,1.0,0.0,0
0.0,0.00196078431372549,0.00196078431372549,1.0,0.96,0
0.0,0.0,0.0,0.003937007874015748,0.5,0
1.0,0.0,0.03725490196078431,0.6456692913385826,0.01,0
1.0,0.0058823529411764705,0.0058823529411764705,0.2795275590551181,0.01,0
0.0,0.0,0.0,1.0,0.0,0
1.0,0.050980392156862744,0.050980392156862744,1.0,0.01,0
0.0,0.00980392156862745,0.00980392156862745,0.16535433070866143,0.28,0
0.0,0.0,0.0,1.0,1.0,0
1.0,0.013725490196078431,0.013725490196078431,0.15354330708661418,0.03,0
0.0,0.10588235294117647,0.03333333333333333,1.0,0.0,1
0.0,0.00196078431372549,0.00196078431372549,1.0,0.01,0
1.0,0.00784313725490196,0.00784313725490196,0.2440944881889764,0.02,0
1.0,0.03725490196078431,0.03725490196078431,0.07480314960629922,0.05,0
0.0,0.0,0.0,1.0,0.0,0
1.0,0.049019607843137254,0.054901960784313725,0.2559055118110236,0.02,0
1.0,0.00784313725490196,0.00784313725490196,0.07874015748031496,0.05,0
1.0,0.03137254901960784,0.03137254901960784,0.06299212598425197,0.06,0
1.0,0.0,0.0,0.8700787401574803,0.0,0
0.0,0.0,0.0,0.14173228346456693,0.84,0
1.0,0.00196078431372549,0.029411764705882353,0.484251968503937,0.01,0
1.0,0.011764705882352941,0.011764705882352941,0.7086614173228346,0.01,0
1.0,0.00196078431372549,0.00196078431372549,1.0,0.0,0
1.0,0.01764705882352941,0.01764705882352941,0.1377952755905512,0.03,0
1.0,0.01568627450980392,0.01568627450980392,0.2795275590551181,0.01,0
1.0,0.0058823529411764705,0.00784313725490196,0.011811023622047244,0.25,0
1.0,0.01764705882352941,0.03333333333333333,0.08267716535433071,0.05,0
0.0,0.0,0.0,1.0,0.84,0
1.0,0.00392156862745098,0.027450980392156862,0.07874015748031496,0.05,0
1.0,0.021568627450980392,0.021568627450980392,0.7440944881889764,0.01,0
1.0,0.0,0.0,0.05905511811023622,0.06,0
1.0,0.0,0.0,1.0,0.0,0
1.0,0.0,0.00196078431372549,0.11023622047244094,0.03,0
0.0,0.0,0.0,1.0,0.0,0
1.0,0.041176470588235294,0.043137254901960784,1.0,0.0,0
0.0,0.0,0.0,1.0,0.93,0
1.0,0.00980392156862745,0.00980392156862745,0.23622047244094488,0.02,0
1.0,0.013725490196078431,0.013725490196078431,1.0,0.0,0
1.0,0.03333333333333333,0.03333333333333333,1.0,0.0,0
0.0,0.37058823529411766,0.37058823529411766,1.0,0.01,0
0.0,0.0,0.0,1.0,0.0,0
1.0,0.023529411764705882,0.03137254901960784,0.23228346456692914,0.02,0
1.0,0.0,0.00392156862745098,0.2952755905511811,0.01,0
1.0,0.011764705882352941,0.011764705882352941,0.7322834645669292,0.01,0
1.0,0.0196078431372549,0.023529411764705882,1.0,0.0,0
0.0,0.2372549019607843,0.01764705882352941,1.0,0.0,1
1.0,0.0,0.0,0.31496062992125984,0.01,0
1.0,0.0,0.0,1.0,0.0,0
0.0,0.0,0.0,0.007874015748031496,0.33,0
1.0,0.01764705882352941,0.01764705882352941,1.0,0.0,0
0.0,0.0,0.0,0.09055118110236221,0.04,0
1.0,0.013725490196078431,0.013725490196078431,0.2283464566929134,0.02,0
1.0,0.013725490196078431,0.013725490196078431,1.0,0.01,0
0.0,0.0,0.0,0.05905511811023622,0.06,0
0.0,0.0,0.0,1.0,0.0,0
1.0,0.00784313725490196,0.00784313725490196,0.09055118110236221,0.04,0
1.0,0.011764705882352941,0.011764705882352941,0.16929133858267717,0.43,0
0.0,0.00196078431372549,0.01568627450980392,1.0,0.15,0
1.0,0.023529411764705882,0.023529411764705882,0.3110236220472441,0.01,0
1.0,0.029411764705882353,0.029411764705882353,1.0,0.0,0
1.0,0.00196078431372549,0.00196078431372549,0.3031496062992126,0.24,0
1.0,0.00784313725490196,0.0196078431372549,0.015748031496062992,0.2,0
1.0,0.0,0.0,0.7362204724409449,0.01,0
0.0,0.0,0.0,1.0,0.0,0
1.0,0.013725490196078431,0.01764705882352941,1.0,0.01,0
1.0,0.0058823529411764705,0.0058823529411764705,0.03543307086614173,1.0,0
1.0,0.03529411764705882,0.03529411764705882,1.0,0.0,0
0.0,0.0,0.0,0.011811023622047244,0.25,0
1.0,0.0058823529411764705,0.0058823529411764705,0.11023622047244094,0.03,0
1.0,0.00784313725490196,0.00784313725490196,0.1377952755905512,0.03,0
1.0,0.00196078431372549,0.00196078431372549,0.12598425196850394,0.03,0
1.0,0.00196078431372549,0.00980392156862745,0.24803149606299213,0.02,0
1.0,0.03137254901960784,0.03137254901960784,0.14173228346456693,0.03,0
1.0,0.029411764705882353,0.029411764705882353,1.0,0.0,0
1.0,0.03725490196078431,0.03725490196078431,0.07480314960629922,0.05,0
1.0,0.00196078431372549,0.00196078431372549,0.5669291338582677,0.01,0
1.0,0.00196078431372549,0.00196078431372549,0.7401574803149606,0.28,0
1.0,0.08235294117647059,0.08431372549019608,1.0,0.0,0
0.0,0.0,0.0,1.0,0.0,0
1.0,0.021568627450980392,0.023529411764705882,0.18503937007874016,0.02,0
1.0,0.00196078431372549,0.00392156862745098,1.0,0.01,0
1.0,0.0,0.00196078431372549,0.7322834645669292,0.01,0
0.0,0.9392156862745098,0.9392156862745098,1.0,1.0,1
1.0,0.00392156862745098,0.00392156862745098,1.0,0.0,0
1.0,0.0,0.00196078431372549,0.9133858267716536,0.0,0
1.0,0.00392156862745098,0.0058823529411764705,0.1377952755905512,0.03,0
1.0,0.0196078431372549,0.0196078431372549,0.531496062992126,0.01,0
1.0,0.01764705882352941,0.0196078431372549,0.20866141732283464,0.02,0
1.0,0.0,0.0,0.08661417322834646,0.04,0
1.0,0.03333333333333333,0.03333333333333333,0.22440944881889763,0.02,0
1.0,0.01764705882352941,0.01764705882352941,0.4330708661417323,0.01,0
0.0,0.0,0.0,1.0,0.0,0
1.0,0.00784313725490196,0.00784313725490196,0.23228346456692914,0.02,0
1.0,0.01764705882352941,0.021568627450980392,0.25984251968503935,0.01,0
1.0,0.052941176470588235,0.054901960784313725,0.5669291338582677,0.01,0
0.0,0.0,0.0,1.0,0.0,0
1.0,0.00392156862745098,0.021568627450980392,0.007874015748031496,0.33,0
1.0,0.0058823529411764705,0.0058823529411764705,0.2204724409448819,0.02,0
1.0,0.0,0.0,0.0,1.0,0
1.0,0.027450980392156862,0.027450980392156862,1.0,0.0,0
0.0,1.0,1.0,1.0,1.0,1
1.0,0.00196078431372549,0.00196078431372549,0.003937007874015748,0.5,0
1.0,0.021568627450980392,0.1411764705882353,1.0,0.0,0
0.0,0.00392156862745098,0.00392156862745098,1.0,0.0,0
1.0,0.00392156862745098,0.00392156862745098,1.0,0.0,0
1.0,0.00196078431372549,0.00196078431372549,1.0,0.0,0
1.0,0.00196078431372549,0.00196078431372549,1.0,0.0,0
1.0,0.00980392156862745,0.00980392156862745,0.07086614173228346,0.05,0
0.0,0.023529411764705882,0.1803921568627451,1.0,0.0,0
1.0,0.0058823529411764705,0.0058823529411764705,1.0,0.0,0
0.0,0.0,0.0,0.05511811023622047,0.07,0
1.0,0.00980392156862745,0.00980392156862745,0.5590551181102362,0.01,0
1.0,0.0,0.0,0.003937007874015748,0.5,0
0.0,0.0,0.0,0.16141732283464566,0.02,0
1.0,0.03333333333333333,0.041176470588235294,0.2559055118110236,0.02,0
1.0,0.021568627450980392,0.021568627450980392,0.6023622047244095,0.01,0
1.0,0.00196078431372549,0.00196078431372549,1.0,0.0,0
1.0,0.03137254901960784,0.03529411764705882,1.0,0.0,0
1.0,0.0058823529411764705,0.0058823529411764705,0.4330708661417323,0.01,0
1.0,0.021568627450980392,0.021568627450980392,0.23622047244094488,0.3,0
0.0,1.0,1.0,1.0,1.0,1
0.0,1.0,1.0,1.0,1.0,1
0.0,0.0,0.0,1.0,1.0,0
1.0,0.03137254901960784,0.050980392156862744,1.0,0.0,0
1.0,0.00196078431372549,0.00196078431372549,0.2874015748031496,0.14,0
0.0,0.0,0.0,0.20866141732283464,0.02,0
0.0,0.0,0.0,0.4448818897637795,0.01,0
1.0,0.0058823529411764705,0.00784313725490196,0.011811023622047244,0.25,0
1.0,0.027450980392156862,0.06274509803921569,0.05905511811023622,0.06,0
1.0,0.0058823529411764705,0.00784313725490196,0.1377952755905512,0.03,0
0.0,0.0,0.0,1.0,0.98,0
1.0,0.0,0.00392156862745098,0.08267716535433071,0.05,0
1.0,0.0,0.01568627450980392,0.01968503937007874,0.17,0
1.0,0.00392156862745098,0.00392156862745098,0.2992125984251969,0.01,0
1.0,0.013725490196078431,0.049019607843137254,0.44881889763779526,0.01,0
1.0,0.027450980392156862,0.027450980392156862,0.9566929133858267,0.0,0
0.0,0.0,0.0,1.0,1.0,0
1.0,0.011764705882352941,0.011764705882352941,1.0,0.0,0
1.0,0.00784313725490196,0.00784313725490196,1.0,0.0,0
0.0,0.5745098039215686,0.03333333333333333,1.0,0.0,1
0.0,0.2627450980392157,0.00980392156862745,1.0,0.0,1
0.0,1.0,1.0,1.0,1.0,1
1.0,0.0,0.00196078431372549,0.1968503937007874,0.02,0
0.0,0.09019607843137255,0.09019607843137255,1.0,0.0,0
1.0,0.06666666666666667,0.07450980392156863,1.0,0.01,0
1.0,0.00196078431372549,0.00196078431372549,1.0,0.0,0
1.0,0.00980392156862745,0.00980392156862745,1.0,0.0,0
1.0,0.03137254901960784,0.03137254901960784,1.0,0.0,0
1.0,0.0,0.0,0.7519685039370079,0.01,0
1.0,0.0,0.0,0.40551181102362205,0.01,0
0.0,0.0,0.0,1.0,0.0,0
1.0,0.0,0.0058823529411764705,0.22440944881889763,0.02,0
1.0,0.043137254901960784,0.043137254901960784,1.0,0.0,0
1.0,0.0,0.0,0.05511811023622047,0.07,0
0.0,1.0,1.0,1.0,1.0,1
0.0,0.27058823529411763,0.013725490196078431,1.0,0.0,1
1.0,0.0,0.0,0.8031496062992126,0.0,0
1.0,0.01764705882352941,0.01764705882352941,0.3661417322834646,0.01,0
1.0,0.013725490196078431,0.013725490196078431,0.468503937007874,0.01,0
1.0,0.00196078431372549,0.00196078431372549,0.19291338582677164,0.02,0
0.0,0.0,0.00392156862745098,0.003937007874015748,0.5,0
1.0,0.025490196078431372,0.07647058823529412,0.3661417322834646,0.01,0
1.0,0.00784313725490196,0.00980392156862745,0.031496062992125984,0.11,0
1.0,0.0058823529411764705,0.0058823529411764705,1.0,0.0,0
1.0,0.058823529411764705,0.06274509803921569,1.0,0.0,0
0.0,1.0,1.0,1.0,1.0,1
0.0,0.0,0.0,1.0,0.99,0
1.0,0.0058823529411764705,0.0058823529411764705,0.011811023622047244,0.25,0
0.0,0.00196078431372549,0.0058823529411764705,0.1889763779527559,0.04,0
1.0,0.0,0.00196078431372549,0.03543307086614173,0.1,0
1.0,0.0196078431372549,0.0196078431372549,0.8779527559055118,0.0,0
0.0,0.9980392156862745,0.9980392156862745,1.0,1.0,1
1.0,0.023529411764705882,0.023529411764705882,0.24803149606299213,0.02,0
0.0,0.0,0.0,1.0,0.01,0
0.0,1.0,1.0,1.0,1.0,1
1.0,0.0058823529411764705,0.03529411764705882,0.1141732283464567,0.03,0
1.0,0.045098039215686274,0.049019607843137254,0.4448818897637795,0.01,0
1.0,0.0,0.0,0.8031496062992126,0.0,0
1.0,0.029411764705882353,0.029411764705882353,0.05905511811023622,0.06,0
1.0,0.00784313725490196,0.00980392156862745,0.06299212598425197,0.06,0
1.0,0.0,0.0,0.11023622047244094,0.03,0
1.0,0.011764705882352941,0.011764705882352941,0.41338582677165353,0.01,0
1.0,0.025490196078431372,0.050980392156862744,1.0,0.0,0
1.0,0.03137254901960784,0.0803921568627451,1.0,0.0,0
1.0,0.0,0.00980392156862745,0.015748031496062992,0.2,0
1.0,0.03137254901960784,0.03137254901960784,1.0,0.0,0
1.0,0.0,0.0,1.0,0.0,0
0.0,0.0,0.0,0.031496062992125984,0.11,0
0.0,0.0,0.0,1.0,0.0,0
1.0,0.013725490196078431,0.013725490196078431,0.24015748031496062,0.02,0
1.0,0.01568627450980392,0.01568627450980392,1.0,0.0,0
0.0,0.00784313725490196,0.00196078431372549,1.0,0.01,0
1.0,0.0196078431372549,0.03137254901960784,0.36220472440944884,0.01,0
0.0,0.2019607843137255,0.01568627450980392,1.0,0.0,1
1.0,0.01764705882352941,0.01764705882352941,0.03543307086614173,0.1,0
1.0,0.03137254901960784,0.03137254901960784,1.0,0.0,0
1.0,0.0,0.0,0.40551181102362205,0.01,0
0.0,0.03137254901960784,0.052941176470588235,1.0,0.0,0
1.0,0.0,0.0,0.9488188976377953,0.0,0
0.0,0.0,0.0,1.0,0.0,0
1.0,0.03333333333333333,0.03333333333333333,1.0,0.0,0
1.0,0.00196078431372549,0.00196078431372549,0.952755905511811,0.0,0
1.0,0.0,0.00196078431372549,0.468503937007874,0.01,0
1.0,0.0,0.0,0.421259842519685,0.01,0
0.0,0.0,0.0,1.0,0.0,0
1.0,0.0,0.0,1.0,0.0,0
0.0,0.00392156862745098,0.00392156862745098,1.0,0.0,0
1.0,0.01568627450980392,0.01568627450980392,0.2559055118110236,0.02,0
0.0,0.0,0.00196078431372549,0.17716535433070865,0.02,0
1.0,0.03137254901960784,0.03137254901960784,0.06299212598425197,0.06,0
0.0,0.00784313725490196,0.0,1.0,0.98,0
1.0,0.00784313725490196,0.00784313725490196,0.4094488188976378,0.01,0
1.0,0.0058823529411764705,0.00980392156862745,0.06299212598425197,0.06,0
0.0,0.8862745098039215,0.8862745098039215,1.0,1.0,1
1.0,0.01764705882352941,0.01764705882352941,1.0,0.0,0
1.0,0.0,0.0,0.5236220472440944,0.01,0
0.0,0.029411764705882353,0.045098039215686274,1.0,0.0,0
1.0,0.058823529411764705,0.058823529411764705,0.33070866141732286,0.01,0
1.0,0.00980392156862745,0.00980392156862745,1.0,0.0,0
1.0,0.0,0.0058823529411764705,0.6338582677165354,0.01,0
1.0,0.0,0.00196078431372549,0.13385826771653545,0.03,0
1.0,0.021568627450980392,0.021568627450980392,0.2440944881889764,0.37,0
0.0,0.0,0.0,1.0,0.0,0
1.0,0.00784313725490196,0.00784313725490196,0.06299212598425197,0.06,0
0.0,0.1450980392156863,0.30196078431372547,1.0,0.0,0
1.0,0.0,0.0,0.16929133858267717,0.02,0
0.0,0.40980392156862744,0.0058823529411764705,1.0,0.0,1
1.0,0.00784313725490196,0.00784313725490196,1.0,0.0,0
1.0,0.011764705882352941,0.011764705882352941,0.3188976377952756,0.5,0
0.0,0.00196078431372549,0.00196078431372549,1.0,0.01,0
1.0,0.01764705882352941,0.01764705882352941,0.38188976377952755,0.01,0
1.0,0.0058823529411764705,0.0058823529411764705,1.0,0.0,0
1.0,0.00980392156862745,0.00980392156862745,1.0,0.0,0
0.0,0.0,0.0,0.7559055118110236,0.01,0
1.0,0.025490196078431372,0.025490196078431372,1.0,0.0,0
1.0,0.01568627450980392,0.01568627450980392,0.20866141732283464,0.02,0
1.0,0.0,0.0,0.47244094488188976,0.01,0
0.0,0.00392156862745098,0.00392156862745098,0.33858267716535434,0.72,0
1.0,0.0,0.00392156862745098,0.09055118110236221,0.04,0
0.0,0.0196078431372549,0.03333333333333333,1.0,0.0,0
1.0,0.0,0.0,0.027559055118110236,0.12,0
1.0,0.00784313725490196,0.00784313725490196,0.5078740157480315,0.62,0
1.0,0.050980392156862744,0.052941176470588235,1.0,0.0,0
0.0,0.5352941176470588,0.013725490196078431,1.0,0.0,1
0.0,1.0,1.0,1.0,1.0,1
1.0,0.011764705882352941,0.027450980392156862,0.9212598425196851,0.0,0
0.0,0.0,0.0,1.0,0.0,0
1.0,0.013725490196078431,0.045098039215686274,0.1732283464566929,0.02,0
1.0,0.0,0.0,1.0,0.0,0
1.0,0.0,0.0,1.0,0.0,0
0.0,0.0,0.0,0.1377952755905512,0.03,0
1.0,0.0058823529411764705,0.03529411764705882,1.0,0.0,0
0.0,0.0,0.0,0.952755905511811,0.0,0
1.0,0.021568627450980392,0.021568627450980392,1.0,0.01,0
0.0,0.2568627450980392,0.2607843137254902,1.0,0.0,0
1.0,0.00392156862745098,0.0058823529411764705,0.007874015748031496,0.33,0
1.0,0.025490196078431372,0.027450980392156862,0.3346456692913386,0.01,0
1.0,0.0,0.0058823529411764705,0.08661417322834646,0.04,0
1.0,0.0,0.0,0.051181102362204724,0.07,0
1.0,0.049019607843137254,0.049019607843137254,0.0984251968503937,0.04,0
1.0,0.03725490196078431,0.07254901960784314,1.0,0.0,0
1.0,0.00784313725490196,0.011764705882352941,1.0,0.0,0
0.0,0.1450980392156863,0.011764705882352941,1.0,0.0,1
1.0,0.0196078431372549,0.0196078431372549,0.7086614173228346,0.01,0
0.0,0.0,0.0,1.0,0.0,0
0.0,0.0,0.0,0.1377952755905512,1.0,0
1.0,0.00980392156862745,0.00980392156862745,0.04330708661417323,0.08,0
1.0,0.00196078431372549,0.00196078431372549,0.09055118110236221,0.04,0
0.0,1.0,1.0,1.0,1.0,1
1.0,0.00196078431372549,0.00196078431372549,1.0,0.0,0
1.0,0.0,0.0,0.1968503937007874,0.25,0
1.0,0.013725490196078431,0.013725490196078431,0.2204724409448819,0.02,0
1.0,0.01568627450980392,0.01568627450980392,1.0,0.0,0
1.0,0.013725490196078431,0.013725490196078431,0.027559055118110236,0.12,0
1.0,0.00196078431372549,0.021568627450980392,0.3110236220472441,0.01,0
1.0,0.01764705882352941,0.01764705882352941,0.07480314960629922,0.05,0
1.0,0.011764705882352941,0.011764705882352941,0.08661417322834646,0.04,0
0.0,0.0,0.0,1.0,1.0,0
1.0,0.0,0.0,0.003937007874015748,0.5,0
0.0,0.0,0.0,0.007874015748031496,0.33,0
0.0,0.0,0.0,0.07480314960629922,0.05,0
1.0,0.023529411764705882,0.023529411764705882,1.0,0.0,0
1.0,0.0196078431372549,0.0196078431372549,0.5039370078740157,0.01,0
1.0,0.041176470588235294,0.054901960784313725,0.6653543307086615,0.01,0
1.0,0.00784313725490196,0.00980392156862745,0.3661417322834646,0.01,0
1.0,0.00196078431372549,0.01568627450980392,0.5866141732283464,0.01,0
1.0,0.013725490196078431,0.013725490196078431,1.0,0.0,0
1.0,0.0058823529411764705,0.0058823529411764705,1.0,0.0,0
0.0,0.0,0.00392156862745098,0.031496062992125984,0.11,0
0.0,0.00196078431372549,0.00196078431372549,1.0,1.0,0
0.0,0.0,0.0,0.0,1.0,0
1.0,0.00196078431372549,0.00196078431372549,0.14960629921259844,0.15,0
1.0,0.011764705882352941,0.011764705882352941,0.25196850393700787,0.02,0
0.0,0.0,0.0,0.051181102362204724,0.07,0
1.0,0.00196078431372549,0.00196078431372549,0.06692913385826772,0.06,0
0.0,0.0,0.0,1.0,0.0,0
0.0,0.0,0.0,1.0,0.0,0
0.0,0.4666666666666667,0.03137254901960784,1.0,0.0,1
0.0,1.0,1.0,1.0,1.0,1
1.0,0.0,0.00196078431372549,0.42913385826771655,0.01,0
1.0,0.0,0.0058823529411764705,0.7086614173228346,0.01,0
1.0,0.0,0.045098039215686274,0.16929133858267717,0.02,0
0.0,0.0,0.00196078431372549,0.8503937007874016,0.11,0
1.0,0.013725490196078431,0.013725490196078431,1.0,0.0,0
0.0,0.0,0.0,1.0,0.11,0
0.0,0.00196078431372549,0.00196078431372549,1.0,0.01,0
0.0,0.0,0.0,1.0,1.0,0
0.0,1.0,1.0,1.0,1.0,1
0.0,0.0,0.0,1.0,0.0,0
1.0,0.0,0.0,0.04330708661417323,0.08,0
0.0,0.0,0.0,1.0,0.98,0
0.0,0.00196078431372549,0.0,1.0,0.05,0
1.0,0.00784313725490196,0.023529411764705882,1.0,0.0,0
1.0,0.011764705882352941,0.011764705882352941,1.0,0.0,0
1.0,0.0,0.047058823529411764,0.2755905511811024,0.01,0
0.0,0.00196078431372549,0.00196078431372549,1.0,0.01,0
1.0,0.0196078431372549,0.025490196078431372,1.0,0.0,0
1.0,0.0,0.00980392156862745,1.0,0.0,0
0.0,0.8745098039215686,0.8745098039215686,1.0,1.0,1
1.0,0.013725490196078431,0.013725490196078431,0.2204724409448819,0.02,0
0.0,0.0,0.0,1.0,0.01,0
0.0,0.0,0.0,1.0,0.0,0
1.0,0.0,0.00392156862745098,0.35826771653543305,0.01,0
1.0,0.01764705882352941,0.047058823529411764,1.0,0.0,0
1.0,0.00196078431372549,0.00196078431372549,0.2952755905511811,0.01,0
1.0,0.00196078431372549,0.00980392156862745,0.3543307086614173,0.01,0
0.0,0.00196078431372549,0.00196078431372549,1.0,0.01,0
0.0,1.0,1.0,1.0,1.0,1
1.0,0.041176470588235294,0.041176470588235294,1.0,0.0,0
0.0,0.0,0.0,1.0,0.02,0
0.0,0.18627450980392157,0.18823529411764706,1.0,0.0,0
0.0,0.0058823529411764705,0.0058823529411764705,0.07480314960629922,0.9,0
0.0,0.0,0.0,0.12992125984251968,0.03,0
1.0,0.023529411764705882,0.023529411764705882,1.0,0.0,0
1.0,0.0,0.0,0.1732283464566929,0.02,0
1.0,0.0058823529411764705,0.0058823529411764705,0.1732283464566929,0.02,0
1.0,0.0,0.0,0.0,1.0,0
1.0,0.0,0.0,0.6496062992125984,0.01,0
0.0,0.0,0.0,1.0,0.0,0
0.0,0.0,0.0,0.051181102362204724,1.0,0
1.0,0.03333333333333333,0.041176470588235294,1.0,0.01,0
1.0,0.0058823529411764705,0.00784313725490196,1.0,0.0,0
0.0,1.0,1.0,1.0,1.0,1
1.0,0.049019607843137254,0.07254901960784314,0.3425196850393701,0.01,0
1.0,0.029411764705882353,0.029411764705882353,1.0,0.0,0
1.0,0.01764705882352941,0.023529411764705882,1.0,0.0,0
1.0,0.025490196078431372,0.07647058823529412,1.0,0.0,0
1.0,0.0,0.0,1.0,0.0,0
1.0,0.0,0.0,0.5708661417322834,0.01,0
0.0,0.0,0.0,1.0,0.0,0
1.0,0.047058823529411764,0.047058823529411764,1.0,0.0,0
0.0,0.00196078431372549,0.00196078431372549,1.0,1.0,0
1.0,0.056862745098039215,0.056862745098039215,1.0,0.0,0
1.0,0.00784313725490196,0.023529411764705882,0.11023622047244094,0.03,0
1.0,0.0,0.0,0.015748031496062992,0.2,0
1.0,0.00392156862745098,0.00392156862745098,0.007874015748031496,0.33,0
0.0,0.00196078431372549,0.00196078431372549,1.0,0.02,0
1.0,0.0,0.00196078431372549,1.0,0.0,0
0.0,0.00196078431372549,0.00196078431372549,1.0,0.01,0
1.0,0.03333333333333333,0.058823529411764705,1.0,0.0,0
1.0,0.00196078431372549,0.00196078431372549,1.0,0.0,0
0.0,0.0,0.0,0.7992125984251969,0.0,0
1.0,0.023529411764705882,0.023529411764705882,0.7007874015748031,0.01,0
1.0,0.00392156862745098,0.00392156862745098,1.0,0.0,0
0.0,0.0,0.0,1.0,0.99,0
1.0,0.0058823529411764705,0.0058823529411764705,1.0,0.0,0
1.0,0.023529411764705882,0.023529411764705882,0.047244094488188976,0.08,0
0.0,0.00392156862745098,0.0,1.0,0.94,0
0.0,0.0,0.0,0.14960629921259844,0.03,0
1.0,0.025490196078431372,0.025490196078431372,1.0,0.0,0
0.0,1.0,1.0,1.0,1.0,1
0.0,0.996078431372549,0.996078431372549,1.0,1.0,1
1.0,0.01764705882352941,0.03333333333333333,1.0,0.0,0
1.0,0.0196078431372549,0.0196078431372549,0.03937007874015748,0.09,0
0.0,0.0,0.0,0.09055118110236221,1.0,0
1.0,0.011764705882352941,0.029411764705882353,1.0,0.0,0
0.0,0.907843137254902,0.907843137254902,1.0,1.0,1
1.0,0.029411764705882353,0.029411764705882353,0.952755905511811,0.0,0
0.0,0.0,0.00196078431372549,0.007874015748031496,0.33,0
1.0,0.029411764705882353,0.041176470588235294,0.421259842519685,0.01,0
1.0,0.0,0.00196078431372549,0.05511811023622047,0.07,0
0.0,0.029411764705882353,0.029411764705882353,0.6850393700787402,0.01,0
0.0,1.0,1.0,1.0,1.0,1
0.0,0.0,0.0,1.0,0.0,0
0.0,1.0,1.0,1.0,1.0,1
0.0,0.0,0.0,0.3700787401574803,0.01,0
1.0,0.0,0.00196078431372549,0.562992125984252,0.01,0
1.0,0.0,0.0,0.6259842519685039,0.01,0
1.0,0.00784313725490196,0.00980392156862745,0.06692913385826772,0.06,0
1.0,0.00196078431372549,0.00392156862745098,0.003937007874015748,0.5,0
0.0,0.0,0.0,0.06692913385826772,0.06,0
1.0,0.0,0.0,0.30708661417322836,0.01,0
0.0,1.0,1.0,1.0,1.0,1
1.0,0.00392156862745098,0.00392156862745098,0.09448818897637795,0.36,0
0.0,0.0,0.0,0.3661417322834646,0.01,0
1.0,0.011764705882352941,0.011764705882352941,0.984251968503937,0.27,0
1.0,0.01764705882352941,0.01764705882352941,1.0,0.0,0
1.0,0.00980392156862745,0.011764705882352941,0.08267716535433071,0.05,0
0.0,0.0,0.0,1.0,0.0,0
1.0,0.0,0.00980392156862745,0.2755905511811024,0.01,0
1.0,0.025490196078431372,0.025490196078431372,0.051181102362204724,0.07,0
0.0,0.00196078431372549,0.00980392156862745,1.0,0.0,0
0.0,0.0,0.0,1.0,0.95,0
1.0,0.0392156862745098,0.0392156862745098,0.1377952755905512,0.75,0
0.0,0.0,0.0,1.0,1.0,0
1.0,0.023529411764705882,0.023529411764705882,1.0,0.0,0
0.0,0.0,0.0,1.0,0.0,0
0.0,1.0,1.0,1.0,1.0,1
1.0,0.0,0.00196078431372549,0.7165354330708661,0.01,0
1.0,0.0058823529411764705,0.00784313725490196,0.015748031496062992,0.2,0
1.0,0.027450980392156862,0.027450980392156862,0.48031496062992124,0.01,0
1.0,0.0058823529411764705,0.0058823529411764705,0.03937007874015748,0.09,0
1.0,0.01764705882352941,0.01764705882352941,0.38976377952755903,0.01,0
1.0,0.00392156862745098,0.00392156862745098,1.0,0.0,0
0.0,0.0,0.0,1.0,0.0,0
0.0,0.0,0.0,1.0,1.0,0
1.0,0.011764705882352941,0.011764705882352941,0.027559055118110236,0.12,0
0.0,0.0,0.0,1.0,0.0,0
0.0,1.0,1.0,1.0,1.0,1
0.0,1.0,1.0,1.0,1.0,1
1.0,0.023529411764705882,0.023529411764705882,1.0,0.0,0
1.0,0.0,0.0,1.0,0.43,0
1.0,0.03333333333333333,0.03333333333333333,0.23228346456692914,0.02,0
1.0,0.0058823529411764705,0.0058823529411764705,1.0,0.0,0
0.0,0.0,0.0,0.8228346456692913,0.0,0
1.0,0.0392156862745098,0.0392156862745098,0.23622047244094488,0.02,0
0.0,0.00196078431372549,0.00196078431372549,1.0,0.01,0
0.0,0.0,0.0,0.007874015748031496,0.33,0
1.0,0.0,0.00196078431372549,0.5748031496062992,0.01,0
1.0,0.0196078431372549,0.0196078431372549,0.7519685039370079,0.01,0
1.0,0.021568627450980392,0.052941176470588235,1.0,0.0,0
1.0,0.0,0.0,1.0,0.0,0
1.0,0.0,0.0,0.10236220472440945,0.04,0
0.0,0.0,0.0,1.0,0.96,0
1.0,0.052941176470588235,0.052941176470588235,0.8543307086614174,0.0,0
0.0,0.0,0.0,1.0,0.0,0
1.0,0.054901960784313725,0.054901960784313725,0.2283464566929134,0.02,0
1.0,0.00392156862745098,0.00392156862745098,0.023622047244094488,0.14,0
0.0,0.0,0.0,1.0,0.99,0
1.0,0.021568627450980392,0.060784313725490195,1.0,0.0,0
0.0,0.0,0.00196078431372549,0.07480314960629922,0.05,0
0.0,0.0,0.00196078431372549,1.0,0.0,0
1.0,0.0058823529411764705,0.0058823529411764705,0.9409448818897638,0.0,0
1.0,0.01568627450980392,0.0196078431372549,0.24015748031496062,0.02,0
1.0,0.01568627450980392,0.0196078431372549,0.031496062992125984,0.11,0
1.0,0.013725490196078431,0.013725490196078431,1.0,0.0,0
1.0,0.013725490196078431,0.013725490196078431,0.09055118110236221,0.04,0
1.0,0.0058823529411764705,0.054901960784313725,1.0,0.0,0
1.0,0.023529411764705882,0.023529411764705882,0.047244094488188976,0.08,0
1.0,0.025490196078431372,0.027450980392156862,0.7755905511811023,0.01,0
0.0,0.0,0.0,0.23228346456692914,0.02,0
1.0,0.00196078431372549,0.00392156862745098,0.05511811023622047,0.07,0
0.0,1.0,1.0,1.0,1.0,1
1.0,0.050980392156862744,0.050980392156862744,1.0,0.0,0
1.0,0.01568627450980392,0.027450980392156862,0.1732283464566929,0.02,0
1.0,0.058823529411764705,0.07450980392156863,0.38188976377952755,0.01,0
0.0,0.0,0.0,1.0,0.0,0
1.0,0.025490196078431372,0.027450980392156862,0.051181102362204724,0.07,0
1.0,0.0,0.00392156862745098,0.31496062992125984,0.01,0
0.0,0.0,0.0,1.0,1.0,0
1.0,0.0,0.0,0.6692913385826772,0.01,0
1.0,0.01764705882352941,0.021568627450980392,1.0,0.0,0
1.0,0.0,0.0,0.65748031496063,0.46,0
0.0,0.0,0.0,1.0,0.0,0
1.0,0.0,0.041176470588235294,0.047244094488188976,0.08,0
0.0,0.00392156862745098,0.00980392156862745,1.0,0.01,0
0.0,0.8568627450980392,0.8568627450980392,1.0,1.0,1
0.0,0.0,0.0,1.0,0.0,0
1.0,0.00392156862745098,0.023529411764705882,1.0,0.0,0
1.0,0.00196078431372549,0.00196078431372549,0.9881889763779528,0.0,0
0.0,0.09607843137254903,0.21764705882352942,1.0,0.0,0
1.0,0.00392156862745098,0.00392156862745098,0.18110236220472442,0.02,0
1.0,0.1450980392156863,0.14705882352941177,0.6299212598425197,0.01,0
1.0,0.0392156862745098,0.0392156862745098,1.0,0.0,0
1.0,0.0,0.00196078431372549,0.16535433070866143,0.02,0
1.0,0.0058823529411764705,0.0058823529411764705,1.0,0.0,0
0.0,0.0,0.0,1.0,0.0,0
0.0,0.0,0.0,0.2559055118110236,0.02,0
0.0,0.0,0.0,0.023622047244094488,0.14,0
0.0,1.0,1.0,1.0,1.0,1
1.0,0.013725490196078431,0.013725490196078431,0.4409448818897638,0.01,0
1.0,0.043137254901960784,0.045098039215686274,1.0,0.0,0
1.0,0.013725490196078431,0.10196078431372549,0.5551181102362205,0.01,0
1.0,0.0,0.00196078431372549,0.468503937007874,0.01,0
1.0,0.0196078431372549,0.0196078431372549,0.6417322834645669,0.2,0
1.0,0.0,0.011764705882352941,0.003937007874015748,0.5,0
0.0,0.00980392156862745,0.0196078431372549,1.0,0.0,0
1.0,0.07058823529411765,0.07058823529411765,0.14173228346456693,0.03,0
0.0,0.0,0.00196078431372549,0.03543307086614173,0.1,0
0.0,0.0,0.0,1.0,0.0,0
1.0,0.021568627450980392,0.023529411764705882,0.5275590551181102,0.01,0
0.0,0.023529411764705882,0.023529411764705882,0.14960629921259844,1.0,0
1.0,0.01568627450980392,0.01568627450980392,0.1377952755905512,0.03,0
0.0,0.00196078431372549,0.00196078431372549,1.0,0.02,0
1.0,0.01568627450980392,0.01568627450980392,0.6141732283464567,0.01,0
1.0,0.0,0.0,0.007874015748031496,0.33,0
0.0,0.00196078431372549,0.00196078431372549,1.0,0.01,0
0.0,0.0,0.0,1.0,0.0,0
1.0,0.00392156862745098,0.00196078431372549,1.0,0.0,0
0.0,1.0,1.0,1.0,1.0,1
1.0,0.00784313725490196,0.011764705882352941,1.0,0.0,0
0.0,0.8725490196078431,0.8725490196078431,1.0,1.0,1
1.0,0.058823529411764705,0.058823529411764705,0.2283464566929134,0.02,0
0.0,0.29215686274509806,0.03725490196078431,1.0,0.0,1
1.0,0.0058823529411764705,0.0058823529411764705,0.4763779527559055,0.13,0
0.0,0.49607843137254903,0.0392156862745098,1.0,0.0,1
1.0,0.056862745098039215,0.056862745098039215,1.0,0.0,0
1.0,0.025490196078431372,0.025490196078431372,1.0,0.0,0
1.0,0.00784313725490196,0.00784313725490196,0.09448818897637795,0.04,0
1.0,0.0,0.00196078431372549,0.11023622047244094,0.03,0
1.0,0.00784313725490196,0.00784313725490196,0.20078740157480315,0.02,0
0.0,0.0058823529411764705,0.0,1.0,0.96,0
1.0,0.00784313725490196,0.00784313725490196,0.12992125984251968,0.03,0
1.0,0.06862745098039216,0.07254901960784314,0.6141732283464567,0.01,0
0.0,0.0,0.0,0.0,1.0,0
0.0,0.0,0.0,0.003937007874015748,0.5,0
0.0,0.8960784313725491,0.8960784313725491,1.0,1.0,1
1.0,0.045098039215686274,0.049019607843137254,0.36220472440944884,0.01,0
0.0,0.0,0.0,1.0,0.01,0
1.0,0.03137254901960784,0.09411764705882353,0.12992125984251968,0.06,0
0.0,0.00196078431372549,0.00392156862745098,1.0,0.0,0
1.0,0.011764705882352941,0.06862745098039216,1.0,0.0,0
1.0,0.052941176470588235,0.054901960784313725,0.5590551181102362,0.01,0
1.0,0.0058823529411764705,0.00980392156862745,0.011811023622047244,0.25,0
0.0,0.0,0.00196078431372549,0.2677165354330709,0.65,0
0.0,0.00980392156862745,0.00784313725490196,1.0,0.07,0
0.0,0.0,0.0,1.0,0.99,0
1.0,0.00784313725490196,0.01568627450980392,0.08661417322834646,0.04,0
1.0,0.0058823529411764705,0.0058823529411764705,0.011811023622047244,0.25,0
0.0,0.0,0.0,1.0,0.0,0
0.0,0.0,0.0,1.0,0.0,0
1.0,0.0,0.0,0.01968503937007874,0.17,0
1.0,0.0,0.0,0.9606299212598425,0.0,0
1.0,0.0,0.00196078431372549,0.515748031496063,0.01,0
1.0,0.052941176470588235,0.052941176470588235,1.0,0.0,0
1.0,0.00196078431372549,0.00392156862745098,0.4251968503937008,0.01,0
1.0,0.0058823529411764705,0.0058823529411764705,1.0,0.0,0
1.0,0.03725490196078431,0.03725490196078431,0.42913385826771655,0.01,0
1.0,0.0,0.0,0.5669291338582677,0.01,0
1.0,0.029411764705882353,0.058823529411764705,1.0,0.0,0
1.0,0.023529411764705882,0.023529411764705882,0.05511811023622047,0.07,0
0.0,0.44901960784313727,0.0196078431372549,1.0,0.0,1
1.0,0.011764705882352941,0.011764705882352941,0.031496062992125984,0.11,0
0.0,0.0,0.0,1.0,0.01,0
1.0,0.03725490196078431,0.0392156862745098,0.19291338582677164,0.8,0
1.0,0.0,0.0,0.1377952755905512,0.03,0
1.0,0.0,0.00196078431372549,0.1732283464566929,0.02,0
1.0,0.00392156862745098,0.0058823529411764705,0.16535433070866143,0.02,0
1.0,0.03333333333333333,0.045098039215686274,1.0,0.0,0
0.0,0.0,0.0,1.0,1.0,0
0.0,1.0,1.0,1.0,1.0,1
1.0,0.013725490196078431,0.013725490196078431,1.0,0.0,0
1.0,0.0,0.0,0.9173228346456693,0.0,0
0.0,0.0,0.0,0.04330708661417323,0.08,0
1.0,0.00784313725490196,0.00784313725490196,0.015748031496062992,0.2,0
0.0,0.0,0.0,1.0,1.0,0
1.0,0.03529411764705882,0.045098039215686274,1.0,0.0,0
1.0,0.0,0.0,0.4409448818897638,0.01,0
0.0,0.0,0.0,1.0,0.0,0
1.0,0.013725490196078431,0.013725490196078431,1.0,0.0,0
1.0,0.00980392156862745,0.00980392156862745,0.19291338582677164,0.32,0
1.0,0.08431372549019608,0.08823529411764706,0.6062992125984252,0.01,0
1.0,0.00392156862745098,0.00392156862745098,0.11811023622047244,0.03,0
0.0,0.00196078431372549,0.0,1.0,0.51,0
1.0,0.025490196078431372,0.025490196078431372,1.0,0.0,0
0.0,0.48823529411764705,0.48823529411764705,1.0,1.0,1
1.0,0.0,0.0,1.0,0.0,0
1.0,0.01764705882352941,0.0196078431372549,1.0,0.0,0
1.0,0.023529411764705882,0.023529411764705882,0.047244094488188976,0.08,0
1.0,0.0,0.0,0.6456692913385826,0.48,0
0.0,0.0,0.0,0.08661417322834646,0.04,0
1.0,0.01764705882352941,0.025490196078431372,0.41338582677165353,0.01,0
1.0,0.013725490196078431,0.013725490196078431,1.0,0.0,0
1.0,0.0,0.0,0.5590551181102362,0.01,0
1.0,0.0,0.0,0.4330708661417323,0.01,0
0.0,0.0,0.0,1.0,1.0,0
0.0,0.0,0.0,1.0,1.0,0
1.0,0.14705882352941177,0.14705882352941177,0.6220472440944882,0.01,0
1.0,0.00196078431372549,0.00392156862745098,0.38188976377952755,0.01,0
1.0,0.00196078431372549,0.027450980392156862,0.027559055118110236,0.12,0
1.0,0.0,0.0,0.24803149606299213,0.02,0
1.0,0.00392156862745098,0.00392156862745098,0.7322834645669292,0.01,0
1.0,0.01764705882352941,0.01764705882352941,0.03543307086614173,0.1,0
1.0,0.0196078431372549,0.0196078431372549,1.0,0.0,0
1.0,0.0,0.00392156862745098,0.1968503937007874,0.02,0
1.0,0.043137254901960784,0.06862745098039216,0.9409448818897638,0.0,0
1.0,0.00980392156862745,0.00980392156862745,0.2559055118110236,0.02,0
0.0,0.043137254901960784,0.13137254901960785,1.0,0.0,0
1.0,0.06666666666666667,0.1,1.0,0.0,0
1.0,0.0,0.00196078431372549,0.11811023622047244,0.03,0
1.0,0.01568627450980392,0.01764705882352941,0.031496062992125984,0.11,0
1.0,0.0,0.0,0.594488188976378,0.01,0
1.0,0.00784313725490196,0.00784313725490196,0.25984251968503935,0.01,0
1.0,0.06862745098039216,0.10196078431372549,0.5748031496062992,0.01,0
0.0,0.00196078431372549,0.00196078431372549,1.0,0.01,0
1.0,0.00196078431372549,0.0,0.2874015748031496,0.01,0
0.0,0.0,0.0,1.0,0.0,0
0.0,0.00784313725490196,0.00196078431372549,1.0,1.0,0
1.0,0.01764705882352941,0.0196078431372549,0.2637795275590551,0.01,0
1.0,0.0,0.0,0.7125984251968503,0.01,0
1.0,0.00196078431372549,0.00196078431372549,0.2992125984251969,0.01,0
1.0,0.0058823529411764705,0.0058823529411764705,0.011811023622047244,0.25,0
1.0,0.013725490196078431,0.013725490196078431,0.027559055118110236,0.12,0
1.0,0.013725490196078431,0.013725490196078431,1.0,0.0,0
1.0,0.0,0.0,0.0,1.0,0
1.0,0.0,0.049019607843137254,0.03543307086614173,0.1,0
1.0,0.0,0.0,0.11811023622047244,0.03,0
0.0,0.0,0.0,1.0,0.0,0
1.0,0.027450980392156862,0.027450980392156862,0.25984251968503935,0.01,0
1.0,0.011764705882352941,0.01764705882352941,0.023622047244094488,0.14,0
1.0,0.00784313725490196,0.00784313725490196,0.015748031496062992,0.2,0
1.0,0.01568627450980392,0.01568627450980392,1.0,0.0,0
1.0,0.00784313725490196,0.00784313725490196,1.0,0.0,0
0.0,1.0,0.0,1.0,0.0,1
1.0,0.01568627450980392,0.03725490196078431,1.0,0.0,0
1.0,0.00196078431372549,0.01568627450980392,0.1732283464566929,0.02,0
0.0,0.0,0.0,1.0,1.0,0
1.0,0.011764705882352941,0.08431372549019608,0.4094488188976378,0.01,0
1.0,0.027450980392156862,0.03333333333333333,1.0,0.0,0
0.0,0.24313725490196078,0.013725490196078431,1.0,0.0,1
0.0,0.0,0.029411764705882353,0.03543307086614173,0.2,0
1.0,0.01764705882352941,0.01764705882352941,1.0,0.0,0
1.0,0.01764705882352941,0.01764705882352941,0.23228346456692914,0.02,0
0.0,0.0,0.0,1.0,1.0,0
0.0,1.0,1.0,1.0,1.0,1
0.0,0.0,0.0,0.1220472440944882,0.03,0
0.0,0.0,0.0,1.0,0.1,0
0.0,0.00196078431372549,0.00196078431372549,1.0,0.01,0
1.0,0.00392156862745098,0.00392156862745098,0.06299212598425197,0.06,0
0.0,1.0,1.0,1.0,1.0,1
1.0,0.0,0.00196078431372549,1.0,0.0,0
1.0,0.00196078431372549,0.00196078431372549,0.003937007874015748,0.5,0
0.0,0.0,0.0,1.0,0.0,0
1.0,0.00980392156862745,0.00980392156862745,0.2440944881889764,0.02,0
1.0,0.03137254901960784,0.08823529411764706,0.2047244094488189,0.02,0
1.0,0.049019607843137254,0.049019607843137254,0.40551181102362205,0.01,0
0.0,1.0,1.0,1.0,1.0,1
1.0,0.0,0.0,1.0,0.0,0
0.0,0.23137254901960785,0.023529411764705882,1.0,0.0,1
1.0,0.0,0.00196078431372549,0.2795275590551181,0.01,0
1.0,0.01764705882352941,0.0784313725490196,1.0,0.0,0
0.0,0.00196078431372549,0.00196078431372549,1.0,0.01,0
1.0,0.0392156862745098,0.0392156862745098,0.7755905511811023,0.01,0
1.0,0.00196078431372549,0.00196078431372549,0.5393700787401575,0.29,0
0.0,0.029411764705882353,0.1803921568627451,1.0,0.0,0
0.0,0.0,0.0,0.16141732283464566,0.02,0
1.0,0.00980392156862745,0.00980392156862745,1.0,0.0,0
1.0,0.011764705882352941,0.011764705882352941,1.0,0.0,0
1.0,0.021568627450980392,0.021568627450980392,0.6299212598425197,0.43,0
0.0,0.0058823529411764705,0.011764705882352941,1.0,0.0,0
1.0,0.029411764705882353,0.029411764705882353,0.2874015748031496,0.01,0
1.0,0.00784313725490196,0.00784313725490196,0.7125984251968503,0.01,0
1.0,0.00784313725490196,0.00784313725490196,0.015748031496062992,0.2,0
1.0,0.011764705882352941,0.013725490196078431,0.08267716535433071,0.05,0
1.0,0.029411764705882353,0.029411764705882353,1.0,0.0,0
1.0,0.0,0.0,0.6299212598425197,0.01,0
0.0,0.0,0.0,1.0,0.0,0
1.0,0.047058823529411764,0.052941176470588235,1.0,0.0,0
0.0,0.24313725490196078,0.00196078431372549,1.0,0.0,1
0.0,0.0,0.0,1.0,0.0,0
0.0,0.00196078431372549,0.00980392156862745,1.0,0.0,0
0.0,0.00196078431372549,0.0,1.0,0.91,0
1.0,0.0,0.00392156862745098,0.4645669291338583,0.01,0
0.0,0.0,0.0,0.0,1.0,0
1.0,0.03333333333333333,0.0392156862745098,0.6141732283464567,0.01,0
0.0,0.00196078431372549,0.00196078431372549,1.0,1.0,0
0.0,1.0,1.0,1.0,1.0,1
1.0,0.0,0.00980392156862745,0.2677165354330709,0.01,0
0.0,0.0,0.0,1.0,0.01,0
1.0,0.00196078431372549,0.07058823529411765,0.03937007874015748,0.09,0
1.0,0.0,0.0,0.3543307086614173,0.01,0
1.0,0.0196078431372549,0.0196078431372549,0.4881889763779528,0.33,0
1.0,0.0,0.00392156862745098,0.8543307086614174,0.0,0
0.0,0.0,0.00196078431372549,0.011811023622047244,0.25,0
0.0,0.0,0.0,0.3228346456692913,0.81,0
0.0,0.0,0.0,1.0,0.91,0
1.0,0.0196078431372549,0.0196078431372549,0.5708661417322834,0.01,0
0.0,1.0,1.0,1.0,1.0,1
1.0,0.0,0.0058823529411764705,0.5984251968503937,0.01,0
0.0,1.0,1.0,1.0,1.0,1
0.0,0.00196078431372549,0.0058823529411764705,0.11023622047244094,1.0,0
1.0,0.013725490196078431,0.09411764705882353,0.08267716535433071,0.05,0
1.0,0.06274509803921569,0.06274509803921569,0.4015748031496063,0.01,0
0.0,0.0,0.0,1.0,0.0,0
1.0,0.0,0.0,1.0,0.0,0
1.0,0.0,0.0,0.5354330708661418,0.01,0
0.0,0.023529411764705882,0.0392156862745098,1.0,0.0,0
1.0,0.052941176470588235,0.06274509803921569,1.0,0.0,0
0.0,0.00196078431372549,0.00196078431372549,1.0,0.01,0
0.0,0.0,0.0,0.21653543307086615,0.02,0
0.0,0.0,0.0,1.0,0.79,0
0.0,0.0,0.0,1.0,0.98,0
1.0,0.023529411764705882,0.023529411764705882,0.9881889763779528,0.47,0
1.0,0.00784313725490196,0.029411764705882353,1.0,0.0,0
1.0,0.00784313725490196,0.00784313725490196,0.7992125984251969,0.0,0
0.0,0.013725490196078431,0.021568627450980392,1.0,0.0,0
1.0,0.011764705882352941,0.011764705882352941,1.0,0.0,0
0.0,0.0,0.0,1.0,1.0,0
1.0,0.00980392156862745,0.00980392156862745,1.0,0.0,0
1.0,0.0196078431372549,0.021568627450980392,0.421259842519685,0.01,0
1.0,0.00784313725490196,0.00784313725490196,1.0,0.0,0
1.0,0.027450980392156862,0.041176470588235294,0.2047244094488189,0.02,0
1.0,0.021568627450980392,0.023529411764705882,1.0,0.0,0
1.0,0.00196078431372549,0.00196078431372549,0.5551181102362205,0.2,0
1.0,0.00392156862745098,0.00392156862745098,0.984251968503937,0.0,0
0.0,0.0,0.0,1.0,1.0,0
0.0,0.2803921568627451,0.03725490196078431,1.0,0.0,1
1.0,0.0058823529411764705,0.0058823529411764705,0.16535433070866143,0.02,0
1.0,0.0,0.00392156862745098,0.6889763779527559,0.01,0
1.0,0.0,0.0058823529411764705,0.33858267716535434,0.01,0
1.0,0.0,0.00196078431372549,0.1141732283464567,0.03,0
0.0,0.0,0.0,1.0,0.0,0
1.0,0.023529411764705882,0.023529411764705882,0.047244094488188976,0.08,0
1.0,0.00784313725490196,0.047058823529411764,0.03543307086614173,0.1,0
1.0,0.0,0.00784313725490196,1.0,0.0,0
0.0,0.0,0.011764705882352941,0.14566929133858267,0.03,0
1.0,0.01568627450980392,0.01764705882352941,0.031496062992125984,0.11,0
1.0,0.013725490196078431,0.01764705882352941,0.06692913385826772,0.06,0
1.0,0.0058823529411764705,0.0,1.0,0.0,0
0.0,0.996078431372549,0.996078431372549,1.0,1.0,1
1.0,0.0,0.0,0.7952755905511811,0.0,0
1.0,0.027450980392156862,0.027450980392156862,0.2952755905511811,0.01,0
0.0,0.2784313725490196,0.027450980392156862,1.0,0.0,1
1.0,0.027450980392156862,0.029411764705882353,1.0,0.0,0
1.0,0.03137254901960784,0.049019607843137254,1.0,0.0,0
0.0,1.0,1.0,1.0,1.0,1
1.0,0.0,0.0,0.5866141732283464,0.01,0
0.0,1.0,1.0,1.0,1.0,1
0.0,0.0,0.0,0.1377952755905512,1.0,0
1.0,0.00980392156862745,0.00980392156862745,1.0,0.0,0
1.0,0.0,0.00196078431372549,0.40551181102362205,0.01,0
0.0,1.0,1.0,1.0,1.0,1
0.0,0.0,0.0,1.0,0.0,0
0.0,0.0,0.0,1.0,0.01,0
1.0,0.00784313725490196,0.00784313725490196,0.015748031496062992,0.2,0
0.0,0.0,0.0,0.952755905511811,0.81,0
1.0,0.00196078431372549,0.0196078431372549,1.0,0.0,0
1.0,0.027450980392156862,0.027450980392156862,0.5826771653543307,0.47,0
0.0,0.00196078431372549,0.00196078431372549,0.3031496062992126,0.24,0
1.0,0.03333333333333333,0.0,1.0,0.2,0
0.0,1.0,1.0,1.0,1.0,1
1.0,0.00784313725490196,0.00784313725490196,1.0,0.0,0
0.0,0.0058823529411764705,0.00784313725490196,0.37401574803149606,0.01,0
0.0,0.0,0.0,1.0,0.0,0
0.0,0.0,0.0,1.0,1.0,0
1.0,0.050980392156862744,0.07450980392156863,1.0,0.0,0
1.0,0.011764705882352941,0.011764705882352941,1.0,0.0,0
1.0,0.0,0.00196078431372549,0.4921259842519685,0.02,0
0.0,0.0,0.0,0.0,1.0,0
1.0,0.00196078431372549,0.00196078431372549,0.1220472440944882,0.12,0
1.0,0.00196078431372549,0.00196078431372549,0.8110236220472441,0.0,0
1.0,0.00980392156862745,0.00980392156862745,0.2755905511811024,0.01,0
1.0,0.00392156862745098,0.00392156862745098,1.0,0.0,0
1.0,0.0196078431372549,0.021568627450980392,1.0,0.0,0
1.0,0.0058823529411764705,0.0058823529411764705,0.7204724409448819,0.59,0
0.0,0.0,0.0,1.0,0.0,0
0.0,0.00392156862745098,0.0,1.0,0.95,0
1.0,0.021568627450980392,0.027450980392156862,1.0,0.0,0
1.0,0.021568627450980392,0.021568627450980392,0.7244094488188977,0.01,0
1.0,0.01764705882352941,0.01764705882352941,0.18110236220472442,0.02,0
0.0,0.00196078431372549,0.00196078431372549,1.0,0.01,0
0.0,0.08235294117647059,0.08235294117647059,1.0,0.0,0
0.0,0.011764705882352941,0.021568627450980392,1.0,0.0,0
1.0,0.03137254901960784,0.043137254901960784,0.1377952755905512,0.03,0
1.0,0.03725490196078431,0.03725490196078431,0.9330708661417323,0.0,0
1.0,0.0,0.0,0.5236220472440944,0.01,0
1.0,0.0,0.00980392156862745,0.07874015748031496,0.05,0
1.0,0.00980392156862745,0.00980392156862745,1.0,0.0,0
0.0,0.00980392156862745,0.025490196078431372,1.0,0.22,0
0.0,0.5745098039215686,0.5745098039215686,1.0,0.0,0
0.0,0.0,0.0,1.0,0.0,0
0.0,1.0,1.0,1.0,1.0,1
1.0,0.03333333333333333,0.045098039215686274,0.16929133858267717,0.02,0
1.0,0.06470588235294118,0.09411764705882353,0.12992125984251968,0.03,0
1.0,0.023529411764705882,0.027450980392156862,0.515748031496063,0.01,0
1.0,0.0058823529411764705,0.0058823529411764705,0.12992125984251968,0.03,0
1.0,0.00784313725490196,0.00784313725490196,1.0,0.0,0
1.0,0.021568627450980392,0.021568627450980392,1.0,0.0,0
0.0,1.0,1.0,1.0,1.0,1
1.0,0.013725490196078431,0.013725490196078431,0.35039370078740156,0.01,0
1.0,0.01568627450980392,0.01568627450980392,1.0,0.0,0
1.0,0.01568627450980392,0.0803921568627451,0.031496062992125984,0.11,0
1.0,0.025490196078431372,0.025490196078431372,0.09448818897637795,0.04,0
0.0,0.0,0.00196078431372549,0.5984251968503937,0.01,0
1.0,0.0,0.027450980392156862,0.06692913385826772,0.06,0
0.0,0.0,0.00392156862745098,0.011811023622047244,0.25,0
0.0,0.0,0.0,1.0,1.0,0
1.0,0.00392156862745098,0.0,0.6417322834645669,0.01,0
0.0,0.3509803921568627,0.3509803921568627,1.0,0.0,0
1.0,0.0196078431372549,0.027450980392156862,0.9212598425196851,0.0,0
1.0,0.0,0.00196078431372549,0.09448818897637795,0.04,0
0.0,0.0,0.00196078431372549,0.0,1.0,0
1.0,0.0,0.0058823529411764705,0.007874015748031496,0.33,0
1.0,0.021568627450980392,0.021568627450980392,0.05905511811023622,0.06,0
1.0,0.00392156862745098,0.011764705882352941,0.13385826771653545,0.03,0
0.0,0.0,0.0,1.0,1.0,0
1.0,0.0,0.0,0.11023622047244094,0.03,0
1.0,0.00196078431372549,0.09411764705882353,1.0,0.0,0
1.0,0.07450980392156863,0.07450980392156863,0.3858267716535433,0.01,0
1.0,0.01568627450980392,0.01568627450980392,1.0,0.0,0
0.0,0.0,0.00196078431372549,0.5866141732283464,0.01,0
0.0,0.0,0.0,0.33070866141732286,0.01,0
1.0,0.011764705882352941,0.013725490196078431,0.023622047244094488,0.14,0
1.0,0.0,0.0,1.0,0.0,0
1.0,0.00196078431372549,0.00196078431372549,0.610236220472441,0.01,0
1.0,0.023529411764705882,0.027450980392156862,0.41732283464566927,0.01,0
1.0,0.0,0.0,1.0,0.0,0
0.0,0.0,0.0,1.0,0.0,0
1.0,0.03529411764705882,0.03725490196078431,0.07086614173228346,0.05,0
0.0,0.00196078431372549,0.00196078431372549,1.0,0.01,0
1.0,0.0,0.0,0.0,1.0,0
1.0,0.045098039215686274,0.045098039215686274,0.3425196850393701,0.01,0
0.0,0.38235294117647056,0.3803921568627451,1.0,0.01,0
0.0,0.17450980392156862,0.3352941176470588,1.0,0.01,0
1.0,0.01568627450980392,0.03725490196078431,0.031496062992125984,0.11,0
1.0,0.00980392156862745,0.013725490196078431,0.16535433070866143,0.02,0
0.0,0.0,0.0,1.0,1.0,0
1.0,0.041176470588235294,0.041176470588235294,0.41338582677165353,0.01,0
1.0,0.0,0.0,0.6062992125984252,0.01,0
0.0,1.0,1.0,1.0,1.0,1
1.0,0.03529411764705882,0.03529411764705882,1.0,0.0,0
1.0,0.023529411764705882,0.023529411764705882,1.0,0.0,0
0.0,0.00980392156862745,0.00980392156862745,1.0,0.0,0
0.0,0.00980392156862745,0.0196078431372549,1.0,0.0,0
0.0,1.0,1.0,1.0,1.0,1
0.0,0.0,0.0,0.2440944881889764,0.3,0
0.0,1.0,1.0,1.0,1.0,1
0.0,0.0,0.0,1.0,0.01,0
1.0,0.0058823529411764705,0.025490196078431372,0.011811023622047244,0.25,0
1.0,0.03137254901960784,0.03137254901960784,0.6456692913385826,0.01,0
1.0,0.00392156862745098,0.011764705882352941,0.5236220472440944,0.01,0
1.0,0.0,0.0,0.562992125984252,0.01,0
1.0,0.0,0.0,0.6811023622047244,0.01,0
1.0,0.0,0.00196078431372549,1.0,0.0,0
1.0,0.0058823529411764705,0.0058823529411764705,0.03543307086614173,0.1,0
0.0,0.0392156862745098,0.19411764705882353,1.0,0.0,0
1.0,0.00784313725490196,0.00784313725490196,0.2559055118110236,0.02,0
0.0,1.0,1.0,1.0,1.0,1
1.0,0.027450980392156862,0.027450980392156862,1.0,0.0,0
1.0,0.0058823529411764705,0.00980392156862745,0.15354330708661418,0.03,0
0.0,0.00196078431372549,0.00196078431372549,1.0,0.01,0
1.0,0.0,0.0,0.38188976377952755,0.26,0
0.0,0.0,0.0,0.9291338582677166,0.0,0
1.0,0.0196078431372549,0.041176470588235294,0.8188976377952756,0.0,0
0.0,0.8784313725490196,0.8784313725490196,1.0,1.0,1
1.0,0.025490196078431372,0.025490196078431372,1.0,0.0,0
1.0,0.0,0.0,0.5748031496062992,0.01,0
1.0,0.023529411764705882,0.025490196078431372,0.8110236220472441,0.0,0
1.0,0.023529411764705882,0.023529411764705882,0.25984251968503935,0.01,0
1.0,0.00196078431372549,0.00196078431372549,0.027559055118110236,0.12,0
0.0,0.0,0.0,0.04330708661417323,0.08,0
1.0,0.01764705882352941,0.07254901960784314,0.08661417322834646,0.04,0
0.0,1.0,1.0,1.0,1.0,1
1.0,0.0,0.0,0.0,1.0,0
1.0,0.00784313725490196,0.00784313725490196,1.0,0.0,0
0.0,0.0,0.0,1.0,0.0,0
1.0,0.00784313725490196,0.03725490196078431,1.0,0.0,0
0.0,0.0,0.0058823529411764705,1.0,0.0,0
0.0,1.0,1.0,1.0,1.0,1
1.0,0.049019607843137254,0.049019607843137254,0.14960629921259844,0.03,0
0.0,0.0,0.0,0.3346456692913386,0.01,0
0.0,1.0,1.0,1.0,1.0,1
0.0,0.0,0.0,0.20866141732283464,0.02,0
0.0,0.0,0.0,0.015748031496062992,0.2,0
1.0,0.025490196078431372,0.025490196078431372,1.0,0.0,0
1.0,0.025490196078431372,0.025490196078431372,0.32677165354330706,0.37,0
1.0,0.00196078431372549,0.00196078431372549,0.18110236220472442,0.02,0
0.0,0.0,0.0,1.0,0.0,0
1.0,0.00980392156862745,0.00980392156862745,0.65748031496063,0.01,0
1.0,0.01568627450980392,0.01568627450980392,1.0,0.0,0
1.0,0.01568627450980392,0.01568627450980392,1.0,0.0,0
0.0,0.0,0.0,1.0,1.0,0
1.0,0.01764705882352941,0.03137254901960784,0.7244094488188977,0.01,0
0.0,0.00196078431372549,0.00196078431372549,1.0,1.0,0
0.0,0.396078431372549,0.00196078431372549,1.0,0.0,1
1.0,0.021568627450980392,0.07254901960784314,0.047244094488188976,0.08,0
1.0,0.0,0.00196078431372549,1.0,0.0,0
1.0,0.00980392156862745,0.00980392156862745,0.38976377952755903,0.01,0
1.0,0.0,0.0,0.023622047244094488,0.14,0
1.0,0.0,0.0,0.003937007874015748,0.5,0
0.0,1.0,1.0,1.0,1.0,1
1.0,0.0,0.0,1.0,0.0,0
1.0,0.029411764705882353,0.03333333333333333,0.7322834645669292,0.01,0
1.0,0.0,0.0,0.031496062992125984,0.11,0
1.0,0.029411764705882353,0.03137254901960784,1.0,0.0,0
1.0,0.0058823529411764705,0.011764705882352941,0.7047244094488189,0.01,0
1.0,0.03333333333333333,0.056862745098039215,0.2637795275590551,0.01,0
1.0,0.0196078431372549,0.0196078431372549,0.7992125984251969,0.0,0
0.0,0.0,0.0,0.2677165354330709,0.65,0
0.0,0.0,0.0,1.0,1.0,0
0.0,0.5078431372549019,0.021568627450980392,1.0,0.0,1
1.0,0.0,0.0,0.0984251968503937,0.04,0
0.0,1.0,1.0,1.0,1.0,1
1.0,0.00196078431372549,0.0058823529411764705,0.32677165354330706,0.01,0
1.0,0.00196078431372549,0.00196078431372549,0.9173228346456693,0.31,0
1.0,0.013725490196078431,0.013725490196078431,1.0,0.0,0
1.0,0.027450980392156862,0.027450980392156862,0.1732283464566929,0.02,0
0.0,0.0,0.0,1.0,0.06,0
1.0,0.01568627450980392,0.01568627450980392,1.0,0.0,0
0.0,0.03137254901960784,0.054901960784313725,1.0,0.0,0
1.0,0.045098039215686274,0.045098039215686274,0.23228346456692914,0.02,0
1.0,0.00784313725490196,0.00784313725490196,0.25984251968503935,0.01,0
1.0,0.0,0.00196078431372549,0.6259842519685039,0.01,0
1.0,0.00784313725490196,0.00784313725490196,1.0,0.0,0
1.0,0.0,0.0,0.32677165354330706,0.01,0
1.0,0.013725490196078431,0.013725490196078431,0.35826771653543305,0.01,0
1.0,0.011764705882352941,0.029411764705882353,1.0,0.0,0
1.0,0.00196078431372549,0.029411764705882353,0.003937007874015748,0.5,0
1.0,0.00784313725490196,0.01568627450980392,0.14566929133858267,0.03,0
1.0,0.01764705882352941,0.0196078431372549,1.0,0.0,0
1.0,0.0,0.0,0.08267716535433071,0.05,0
1.0,0.0,0.0,0.18503937007874016,0.02,0
0.0,0.0,0.0,0.531496062992126,0.89,0
1.0,0.0,0.00980392156862745,0.09448818897637795,0.04,0
0.0,0.0,0.0,0.2047244094488189,0.09,0
1.0,0.00980392156862745,0.00980392156862745,0.4763779527559055,0.01,0
1.0,0.11176470588235295,0.11372549019607843,0.2283464566929134,0.02,0
0.0,1.0,1.0,1.0,1.0,1
1.0,0.056862745098039215,0.056862745098039215,0.4448818897637795,0.01,0
0.0,0.0,0.0,0.5433070866141733,0.01,0
1.0,0.0,0.00196078431372549,0.003937007874015748,0.5,0
1.0,0.0,0.00196078431372549,0.4251968503937008,0.01,0
0.0,1.0,1.0,1.0,1.0,1
0.0,0.0,0.0,0.003937007874015748,0.5,0
1.0,0.00196078431372549,0.00784313725490196,0.2440944881889764,0.02,0
1.0,0.0,0.0,0.03937007874015748,0.09,0
1.0,0.058823529411764705,0.06862745098039216,1.0,0.0,0
0.0,0.0,0.0,1.0,0.0,0
1.0,0.0,0.0,0.3346456692913386,0.26,0
0.0,0.0,0.0,1.0,1.0,0
1.0,0.043137254901960784,0.043137254901960784,1.0,0.0,0
1.0,0.00392156862745098,0.00392156862745098,1.0,0.0,0
1.0,0.011764705882352941,0.011764705882352941,0.023622047244094488,0.14,0
1.0,0.0,0.0,0.031496062992125984,0.11,0
1.0,0.00392156862745098,0.00392156862745098,1.0,0.0,0
1.0,0.00980392156862745,0.00980392156862745,1.0,0.0,0
0.0,1.0,1.0,1.0,1.0,1
1.0,0.00392156862745098,0.00392156862745098,1.0,0.0,0
1.0,0.0,0.00196078431372549,0.5236220472440944,0.01,0
0.0,0.00196078431372549,0.00196078431372549,1.0,0.01,0
0.0,1.0,1.0,1.0,1.0,1
0.0,0.00196078431372549,0.00196078431372549,1.0,0.01,0
0.0,0.9176470588235294,0.9176470588235294,1.0,1.0,1
1.0,0.0,0.0,0.2440944881889764,0.02,0
1.0,0.0,0.00196078431372549,0.1377952755905512,0.03,0
1.0,0.0196078431372549,0.0196078431372549,1.0,0.0,0
1.0,0.0196078431372549,0.0196078431372549,1.0,0.0,0
1.0,0.01568627450980392,0.01568627450980392,0.11811023622047244,0.03,0
1.0,0.011764705882352941,0.011764705882352941,0.19291338582677164,0.02,0
1.0,0.00196078431372549,0.0058823529411764705,0.003937007874015748,0.5,0
1.0,0.011764705882352941,0.011764705882352941,0.3661417322834646,0.01,0
0.0,0.12352941176470589,0.12352941176470589,0.5275590551181102,0.01,0
0.0,0.00196078431372549,0.00196078431372549,0.20866141732283464,1.0,0
1.0,0.011764705882352941,0.011764705882352941,1.0,0.0,0
1.0,0.0058823529411764705,0.0058823529411764705,0.2440944881889764,0.02,0
1.0,0.01568627450980392,0.01568627450980392,1.0,0.0,0
1.0,0.00196078431372549,0.00196078431372549,0.003937007874015748,0.5,0
0.0,0.0,0.0,1.0,1.0,0
0.0,0.0,0.0,1.0,1.0,0
1.0,0.025490196078431372,0.027450980392156862,0.051181102362204724,0.07,0
0.0,0.00784313725490196,0.00980392156862745,0.7755905511811023,0.01,0
0.0,0.0,0.0,0.01968503937007874,0.17,0
1.0,0.0,0.0,0.04330708661417323,0.08,0
1.0,0.0,0.0,0.39763779527559057,0.01,0
1.0,0.00196078431372549,0.00196078431372549,1.0,0.0,0
0.0,0.00196078431372549,0.00392156862745098,0.31496062992125984,0.16,0
1.0,0.013725490196078431,0.0196078431372549,0.027559055118110236,0.12,0
1.0,0.0,0.0,0.2559055118110236,0.02,0
0.0,0.9470588235294117,0.9470588235294117,1.0,1.0,1
0.0,1.0,1.0,1.0,1.0,1
1.0,0.029411764705882353,0.029411764705882353,0.30708661417322836,0.01,0
1.0,0.00784313725490196,0.03137254901960784,0.031496062992125984,0.11,0
1.0,0.011764705882352941,0.011764705882352941,1.0,0.0,0
1.0,0.00392156862745098,0.011764705882352941,0.01968503937007874,0.17,0
0.0,0.32745098039215687,0.47843137254901963,0.6653543307086615,0.01,0
1.0,0.0,0.00196078431372549,0.2637795275590551,0.01,0
0.0,0.5137254901960784,0.5137254901960784,1.0,0.0,0
1.0,0.00196078431372549,0.00196078431372549,1.0,0.0,0
0.0,0.00196078431372549,0.00392156862745098,1.0,0.0,0
0.0,0.2647058823529412,0.011764705882352941,1.0,0.0,1
0.0,1.0,1.0,1.0,1.0,1
1.0,0.00392156862745098,0.00392156862745098,1.0,0.0,0
1.0,0.0,0.0,0.1968503937007874,0.02,0
1.0,0.12156862745098039,0.12156862745098039,0.7086614173228346,0.01,0
0.0,0.00196078431372549,0.0,1.0,0.0,0
1.0,0.00392156862745098,0.00392156862745098,1.0,0.0,0
1.0,0.0,0.0,0.2677165354330709,0.01,0
0.0,0.00196078431372549,0.00196078431372549,1.0,0.84,0
1.0,0.00196078431372549,0.00196078431372549,0.015748031496062992,0.2,0
1.0,0.050980392156862744,0.052941176470588235,1.0,0.0,0
1.0,0.0,0.0,1.0,0.0,0
1.0,0.06274509803921569,0.07647058823529412,1.0,0.0,0
0.0,0.0,0.0,1.0,1.0,0
1.0,0.0196078431372549,0.0392156862745098,0.8188976377952756,0.0,0
0.0,1.0,1.0,1.0,1.0,1
0.0,1.0,1.0,1.0,1.0,1
1.0,0.01568627450980392,0.01568627450980392,0.23622047244094488,0.02,0
0.0,1.0,1.0,1.0,1.0,1
1.0,0.0,0.00196078431372549,0.8543307086614174,0.0,0
0.0,0.0,0.0,1.0,0.0,0
1.0,0.011764705882352941,0.0392156862745098,0.28346456692913385,0.01,0
1.0,0.023529411764705882,0.025490196078431372,1.0,0.0,0
1.0,0.00392156862745098,0.00392156862745098,0.3188976377952756,0.01,0
0.0,0.00196078431372549,0.00196078431372549,1.0,0.01,0
1.0,0.0196078431372549,0.0196078431372549,0.33070866141732286,0.01,0
1.0,0.0,0.0,0.3779527559055118,0.01,0
1.0,0.01568627450980392,0.01568627450980392,1.0,0.0,0
0.0,0.0,0.0,0.15748031496062992,0.05,0
1.0,0.00196078431372549,0.00392156862745098,0.04330708661417323,0.08,0
1.0,0.03529411764705882,0.047058823529411764,0.07086614173228346,0.05,0
1.0,0.06470588235294118,0.06470588235294118,1.0,0.01,0
1.0,0.01764705882352941,0.023529411764705882,1.0,0.0,0
1.0,0.00392156862745098,0.058823529411764705,1.0,0.0,0
0.0,1.0,1.0,1.0,1.0,1
1.0,0.0058823529411764705,0.0058823529411764705,0.12992125984251968,0.03,0
1.0,0.00784313725490196,0.00784313725490196,0.1968503937007874,0.02,0
1.0,0.08627450980392157,0.08627450980392157,0.42913385826771655,0.01,0
0.0,0.0,0.0,1.0,1.0,0
0.0,0.0,0.00196078431372549,0.011811023622047244,0.25,0
0.0,0.023529411764705882,0.03333333333333333,1.0,0.0,0
1.0,0.0,0.0,0.09448818897637795,0.32,0
1.0,0.00392156862745098,0.01764705882352941,0.38188976377952755,0.01,0
0.0,0.0,0.0,1.0,1.0,0
1.0,0.025490196078431372,0.025490196078431372,0.2440944881889764,0.02,0
1.0,0.00392156862745098,0.00392156862745098,0.5984251968503937,0.01,0
0.0,0.0,0.00196078431372549,0.0,1.0,0
0.0,0.0,0.0,1.0,0.12,0
1.0,0.03529411764705882,0.03529411764705882,0.17716535433070865,0.02,0
0.0,0.00196078431372549,0.00196078431372549,1.0,0.01,0
1.0,0.0,0.0,1.0,0.0,0
1.0,0.03333333333333333,0.03333333333333333,0.6653543307086615,0.01,0
1.0,0.01568627450980392,0.01568627450980392,0.031496062992125984,0.11,0
1.0,0.011764705882352941,0.013725490196078431,0.6299212598425197,0.01,0
1.0,0.0,0.0,0.8622047244094488,0.0,0
0.0,0.0,0.0,1.0,1.0,0
1.0,0.013725490196078431,0.013725490196078431,0.24015748031496062,0.02,0
1.0,0.00980392156862745,0.00980392156862745,0.18110236220472442,0.02,0
1.0,0.00784313725490196,0.00784313725490196,1.0,0.0,0
1.0,0.0,0.00196078431372549,0.09448818897637795,0.04,0
0.0,1.0,1.0,1.0,1.0,1
1.0,0.00784313725490196,0.00784313725490196,0.0984251968503937,0.04,0
1.0,0.00196078431372549,0.0,0.05905511811023622,0.06,0
1.0,0.0,0.0,0.7480314960629921,0.01,0
0.0,0.0,0.0,1.0,1.0,0
1.0,0.00980392156862745,0.011764705882352941,1.0,0.0,0
1.0,0.00784313725490196,0.00784313725490196,0.1377952755905512,0.03,0
0.0,0.0,0.0,0.41338582677165353,0.01,0
1.0,0.07254901960784314,0.13333333333333333,0.5433070866141733,0.01,0
1.0,0.052941176470588235,0.08235294117647059,1.0,0.0,0
1.0,0.0058823529411764705,0.0058823529411764705,0.14173228346456693,0.03,0
1.0,0.00392156862745098,0.0058823529411764705,0.4448818897637795,0.01,0
0.0,0.49411764705882355,0.043137254901960784,1.0,0.0,1
0.0,0.0,0.0,1.0,0.0,0
1.0,0.0,0.0,0.5196850393700787,0.01,0
1.0,0.0196078431372549,0.029411764705882353,1.0,0.0,0
1.0,0.025490196078431372,0.060784313725490195,1.0,0.0,0
1.0,0.011764705882352941,0.011764705882352941,1.0,0.0,0
1.0,0.0196078431372549,0.07450980392156863,0.03937007874015748,0.09,0
1.0,0.027450980392156862,0.027450980392156862,0.9881889763779528,0.25,0
1.0,0.0196078431372549,0.0196078431372549,0.2874015748031496,0.01,0
1.0,0.0058823529411764705,0.029411764705882353,1.0,0.0,0
0.0,0.0058823529411764705,0.00196078431372549,1.0,1.0,0
1.0,0.00196078431372549,0.00196078431372549,0.05511811023622047,0.07,0
1.0,0.00196078431372549,0.00392156862745098,0.41732283464566927,0.02,0
1.0,0.0,0.0,0.9803149606299213,0.0,0
0.0,0.0,0.0,0.011811023622047244,0.25,0
0.0,0.44509803921568625,0.596078431372549,0.9015748031496063,0.0,0
0.0,0.8862745098039215,0.8862745098039215,1.0,1.0,1
0.0,0.0,0.0,1.0,0.0,0
1.0,0.00196078431372549,0.00392156862745098,0.015748031496062992,0.4,0
0.0,1.0,1.0,1.0,1.0,1
1.0,0.03333333333333333,0.03333333333333333,1.0,0.0,0
1.0,0.0,0.0,0.2952755905511811,0.41,0
1.0,0.0058823529411764705,0.00784313725490196,0.17716535433070865,0.02,0
1.0,0.0,0.0,0.1968503937007874,0.02,0
1.0,0.0,0.0,1.0,0.0,0
0.0,0.10196078431372549,0.25882352941176473,1.0,0.0,0
1.0,0.01764705882352941,0.0196078431372549,0.9724409448818898,0.0,0
0.0,0.011764705882352941,0.00980392156862745,1.0,0.11,0
1.0,0.0,0.0,0.0,1.0,0
0.0,0.0,0.0,1.0,0.99,0
1.0,0.054901960784313725,0.054901960784313725,0.11023622047244094,0.03,0
1.0,0.00196078431372549,0.00196078431372549,0.03937007874015748,0.09,0
0.0,0.0,0.00196078431372549,0.7795275590551181,0.11,0
1.0,0.023529411764705882,0.023529411764705882,1.0,0.0,0
0.0,0.0,0.0,1.0,0.01,0
1.0,0.0196078431372549,0.0196078431372549,0.10236220472440945,0.04,0
1.0,0.01568627450980392,0.0392156862745098,1.0,0.0,0
1.0,0.00196078431372549,0.00196078431372549,0.5669291338582677,0.52,0
1.0,0.0,0.0,0.023622047244094488,0.14,0
1.0,0.029411764705882353,0.09215686274509804,1.0,0.0,0
1.0,0.0,0.0,0.1141732283464567,0.03,0
0.0,0.00196078431372549,0.00196078431372549,1.0,0.01,0
0.0,0.0,0.0,0.1889763779527559,1.0,0
1.0,0.013725490196078431,0.013725490196078431,1.0,0.0,0
0.0,0.0,0.00196078431372549,1.0,0.01,0
0.0,0.0,0.0,1.0,0.88,0
1.0,0.00196078431372549,0.0,0.984251968503937,0.0,0
1.0,0.025490196078431372,0.025490196078431372,1.0,0.0,0
1.0,0.0058823529411764705,0.00784313725490196,0.03937007874015748,0.09,0
1.0,0.0,0.0,0.16929133858267717,0.02,0
1.0,0.00784313725490196,0.01764705882352941,1.0,0.01,0
1.0,0.0,0.0058823529411764705,0.03543307086614173,0.1,0
0.0,0.9980392156862745,0.9980392156862745,1.0,1.0,1
1.0,0.0,0.0,0.3346456692913386,0.01,0
1.0,0.01764705882352941,0.01764705882352941,0.03543307086614173,0.1,0
1.0,0.01568627450980392,0.01568627450980392,1.0,0.0,0
0.0,1.0,1.0,1.0,1.0,1
1.0,0.07450980392156863,0.07450980392156863,0.6850393700787402,0.01,0
0.0,0.00980392156862745,0.00980392156862745,0.16929133858267717,0.27,0
0.0,0.0,0.00196078431372549,0.011811023622047244,0.25,0
1.0,0.0,0.00196078431372549,0.484251968503937,0.01,0
0.0,0.0,0.0,1.0,0.0,0
1.0,0.0,0.00196078431372549,0.5,0.01,0
0.0,0.3568627450980392,0.00784313725490196,1.0,0.0,1
1.0,0.029411764705882353,0.029411764705882353,0.32677165354330706,0.32,0
0.0,0.0,0.0058823529411764705,0.65748031496063,0.15,0
0.0,0.0,0.00196078431372549,0.04330708661417323,1.0,0
1.0,0.03529411764705882,0.03529411764705882,0.484251968503937,0.01,0
1.0,0.0,0.0,0.7598425196850394,0.01,0
1.0,0.0,0.0,1.0,0.0,0
1.0,0.058823529411764705,0.07647058823529412,1.0,0.0,0
1.0,0.00196078431372549,0.025490196078431372,0.04330708661417323,0.08,0
1.0,0.01764705882352941,0.01764705882352941,0.15354330708661418,0.03,0
1.0,0.0,0.00196078431372549,0.01968503937007874,0.17,0
1.0,0.00196078431372549,0.00196078431372549,0.27165354330708663,0.33,0
1.0,0.058823529411764705,0.058823529411764705,1.0,0.0,0
1.0,0.00196078431372549,0.00196078431372549,0.09448818897637795,0.04,0
1.0,0.00980392156862745,0.00980392156862745,0.27165354330708663,0.01,0
1.0,0.07058823529411765,0.07058823529411765,0.5039370078740157,0.01,0
0.0,0.07254901960784314,0.08235294117647059,1.0,0.0,0
1.0,0.00980392156862745,0.00980392156862745,0.40551181102362205,0.01,0
0.0,0.00392156862745098,0.0058823529411764705,0.42913385826771655,0.85,0
0.0,0.0,0.0,1.0,0.0,0
1.0,0.0,0.00196078431372549,1.0,0.0,0
1.0,0.00980392156862745,0.03529411764705882,1.0,0.0,0
0.0,0.0,0.0,1.0,0.99,0
0.0,1.0,1.0,1.0,1.0,1
1.0,0.047058823529411764,0.11568627450980393,1.0,0.0,0
1.0,0.0,0.00196078431372549,0.047244094488188976,0.08,0
1.0,0.013725490196078431,0.013725490196078431,1.0,0.0,0
1.0,0.029411764705882353,0.03137254901960784,0.18110236220472442,0.02,0
1.0,0.01764705882352941,0.01764705882352941,0.03543307086614173,0.1,0
1.0,0.025490196078431372,0.050980392156862744,1.0,0.0,0
1.0,0.0058823529411764705,0.0058823529411764705,1.0,0.0,0
0.0,0.0,0.0,1.0,0.0,0
1.0,0.0,0.045098039215686274,0.4448818897637795,0.01,0
1.0,0.0196078431372549,0.023529411764705882,1.0,0.0,0
0.0,0.0,0.00196078431372549,0.05905511811023622,0.06,0
0.0,0.0,0.0,1.0,0.0,0
0.0,0.29215686274509806,0.03529411764705882,1.0,0.0,1
0.0,0.0,0.0,1.0,0.01,0
1.0,0.00784313725490196,0.025490196078431372,0.09055118110236221,0.04,0
0.0,0.0,0.0,1.0,1.0,0
0.0,0.0,0.0,0.18503937007874016,1.0,0
0.0,0.0,0.0,0.0,1.0,0
1.0,0.013725490196078431,0.013725490196078431,1.0,0.0,0
0.0,0.00784313725490196,0.00784313725490196,1.0,0.08,0
0.0,0.0058823529411764705,0.0,1.0,1.0,0
1.0,0.029411764705882353,0.03137254901960784,0.05905511811023622,0.06,0
0.0,0.0,0.0,0.0,1.0,0
0.0,0.013725490196078431,0.0196078431372549,0.3346456692913386,1.0,0
1.0,0.0,0.0058823529411764705,0.08267716535433071,0.05,0
1.0,0.00196078431372549,0.00196078431372549,0.07480314960629922,0.05,0
0.0,0.2803921568627451,0.025490196078431372,1.0,0.0,1
1.0,0.0058823529411764705,0.0058823529411764705,1.0,0.0,0
1.0,0.0,0.01764705882352941,0.05905511811023622,0.06,0
0.0,0.9980392156862745,0.9980392156862745,1.0,1.0,1
1.0,0.0,0.0392156862745098,1.0,0.0,0
1.0,0.01568627450980392,0.021568627450980392,1.0,0.0,0
0.0,0.4725490196078431,0.01764705882352941,1.0,0.0,1
1.0,0.0,0.0,0.5393700787401575,0.01,0
1.0,0.00392156862745098,0.023529411764705882,0.007874015748031496,0.33,0
0.0,0.0,0.00196078431372549,0.01968503937007874,0.17,0
0.0,0.0,0.0,1.0,1.0,0
0.0,1.0,1.0,1.0,1.0,1
0.0,0.013725490196078431,0.021568627450980392,1.0,0.0,0
1.0,0.023529411764705882,0.023529411764705882,0.5039370078740157,0.01,0
1.0,0.027450980392156862,0.027450980392156862,0.23622047244094488,0.02,0
0.0,0.39019607843137255,0.39019607843137255,1.0,0.0,0
1.0,0.01568627450980392,0.01764705882352941,0.2952755905511811,0.01,0
1.0,0.021568627450980392,0.021568627450980392,0.04330708661417323,0.08,0
1.0,0.0,0.0,1.0,0.0,0
0.0,1.0,1.0,1.0,1.0,1
1.0,0.0,0.0,0.08661417322834646,0.04,0
1.0,0.0,0.0,0.6299212598425197,0.01,0
0.0,0.24313725490196078,0.011764705882352941,1.0,0.0,1
1.0,0.00784313725490196,0.00784313725490196,1.0,0.0,0
0.0,0.47058823529411764,0.0196078431372549,1.0,0.0,1
1.0,0.01764705882352941,0.01764705882352941,0.8188976377952756,0.3,0
1.0,0.0,0.0,0.9291338582677166,0.0,0
1.0,0.027450980392156862,0.027450980392156862,0.6929133858267716,0.01,0
1.0,0.01764705882352941,0.01764705882352941,0.16929133858267717,0.02,0
0.0,0.0,0.0,1.0,0.0,0
1.0,0.00196078431372549,0.00196078431372549,0.12598425196850394,0.03,0
0.0,0.0,0.0,0.2992125984251969,0.01,0
0.0,1.0,1.0,1.0,1.0,1
1.0,0.0058823529411764705,0.03137254901960784,0.05511811023622047,0.07,0
1.0,0.03333333333333333,0.03333333333333333,1.0,0.0,0
1.0,0.00392156862745098,0.00392156862745098,0.16141732283464566,0.02,0
0.0,0.00784313725490196,0.0,1.0,0.97,0
1.0,0.0058823529411764705,0.0058823529411764705,0.3700787401574803,0.01,0
1.0,0.013725490196078431,0.01568627450980392,0.5748031496062992,0.01,0
1.0,0.00196078431372549,0.00392156862745098,1.0,0.0,0
1.0,0.0058823529411764705,0.0058823529411764705,0.2874015748031496,0.01,0
0.0,0.0,0.0,1.0,0.0,0
1.0,0.0,0.0,1.0,0.0,0
1.0,0.00392156862745098,0.0058823529411764705,1.0,0.46,0
0.0,0.0,0.0,0.0,1.0,0
1.0,0.0058823529411764705,0.0058823529411764705,0.011811023622047244,0.25,0
1.0,0.0,0.00196078431372549,0.09448818897637795,0.04,0
1.0,0.050980392156862744,0.06862745098039216,0.7204724409448819,0.01,0
0.0,0.8568627450980392,0.8568627450980392,1.0,1.0,1
0.0,0.0,0.0,0.0984251968503937,0.04,0
0.0,0.0,0.0,0.23622047244094488,0.02,0
0.0,0.0,0.0,1.0,0.0,0
1.0,0.00980392156862745,0.013725490196078431,0.22440944881889763,0.02,0
1.0,0.00980392156862745,0.00980392156862745,1.0,0.0,0
1.0,0.0196078431372549,0.021568627450980392,0.5118110236220472,0.01,0
1.0,0.00196078431372549,0.00784313725490196,1.0,0.16,0
1.0,0.00784313725490196,0.00784313725490196,0.015748031496062992,0.2,0
1.0,0.00196078431372549,0.00196078431372549,0.09055118110236221,0.04,0
0.0,1.0,1.0,1.0,1.0,1
0.0,0.0,0.0,1.0,1.0,0
1.0,0.0058823529411764705,0.0196078431372549,0.5511811023622047,0.01,0
1.0,0.00196078431372549,0.00196078431372549,0.05905511811023622,0.06,0
1.0,0.0,0.0,1.0,0.0,0
1.0,0.0,0.0,0.8267716535433071,0.0,0
0.0,0.3431372549019608,0.3431372549019608,1.0,0.01,0
0.0,0.0,0.0,0.16535433070866143,1.0,0
1.0,0.01764705882352941,0.01764705882352941,0.03543307086614173,0.1,0
0.0,0.01764705882352941,0.029411764705882353,1.0,0.0,0
1.0,0.0,0.00196078431372549,0.16141732283464566,0.02,0
0.0,0.0,0.0,1.0,0.01,0
1.0,0.03333333333333333,0.058823529411764705,1.0,0.0,0
1.0,0.00392156862745098,0.00980392156862745,1.0,0.01,0
1.0,0.025490196078431372,0.025490196078431372,0.1220472440944882,0.03,0
1.0,0.011764705882352941,0.011764705882352941,1.0,0.0,0
1.0,0.013725490196078431,0.013725490196078431,0.16929133858267717,0.02,0
1.0,0.023529411764705882,0.023529411764705882,0.047244094488188976,0.08,0
1.0,0.03137254901960784,0.03137254901960784,0.547244094488189,0.01,0
0.0,0.013725490196078431,0.025490196078431372,1.0,0.01,0
1.0,0.0,0.08235294117647059,0.023622047244094488,0.14,0
1.0,0.03137254901960784,0.03529411764705882,0.2283464566929134,0.02,0
0.0,0.0,0.0,0.015748031496062992,0.2,0
0.0,0.0,0.0,1.0,0.99,0
1.0,0.021568627450980392,0.021568627450980392,1.0,0.0,0
1.0,0.0,0.013725490196078431,0.1141732283464567,0.03,0
1.0,0.013725490196078431,0.029411764705882353,1.0,0.0,0
1.0,0.013725490196078431,0.013725490196078431,0.051181102362204724,1.0,0
0.0,0.0,0.0,0.5393700787401575,0.01,0
1.0,0.03725490196078431,0.0392156862745098,0.3110236220472441,0.01,0
1.0,0.0392156862745098,0.11764705882352941,1.0,0.0,0
1.0,0.00196078431372549,0.00196078431372549,1.0,0.13,0
0.0,0.0196078431372549,0.0196078431372549,1.0,0.31,0
1.0,0.00392156862745098,0.00392156862745098,1.0,0.0,0
1.0,0.00980392156862745,0.00980392156862745,0.43700787401574803,0.14,0
1.0,0.00196078431372549,0.00196078431372549,0.003937007874015748,0.5,0
1.0,0.011764705882352941,0.01764705882352941,0.12992125984251968,0.03,0
0.0,0.0,0.0,1.0,0.0,0
0.0,0.8450980392156863,0.8450980392156863,1.0,1.0,1
1.0,0.029411764705882353,0.029411764705882353,1.0,0.0,0
1.0,0.0,0.0,0.8582677165354331,0.39,0
0.0,0.0,0.00196078431372549,1.0,0.0,0
1.0,0.03725490196078431,0.03725490196078431,1.0,0.0,0
1.0,0.0,0.0,0.0984251968503937,0.04,0
1.0,0.06666666666666667,0.06666666666666667,1.0,0.0,0
0.0,0.00784313725490196,0.00784313725490196,1.0,0.01,0
1.0,0.025490196078431372,0.0392156862745098,0.20078740157480315,0.02,0
1.0,0.0392156862745098,0.0392156862745098,0.8188976377952756,0.0,0
1.0,0.011764705882352941,0.013725490196078431,0.12598425196850394,0.03,0
0.0,0.0,0.0,1.0,0.0,0
0.0,1.0,1.0,1.0,1.0,1
1.0,0.0058823529411764705,0.0058823529411764705,1.0,0.0,0
1.0,0.0,0.047058823529411764,0.38188976377952755,0.01,0
1.0,0.00784313725490196,0.00784313725490196,0.15748031496062992,0.02,0
1.0,0.00392156862745098,0.00392156862745098,1.0,0.0,0
0.0,0.0,0.0,1.0,0.0,0
1.0,0.00980392156862745,0.013725490196078431,1.0,0.0,0
1.0,0.00196078431372549,0.01568627450980392,0.5708661417322834,0.01,0
1.0,0.0,0.0,0.11023622047244094,0.03,0
0.0,0.1,0.1,1.0,0.07,1
0.0,0.00196078431372549,0.00196078431372549,1.0,0.98,0
0.0,0.00196078431372549,0.00196078431372549,1.0,0.99,0
1.0,0.0,0.00196078431372549,0.01968503937007874,0.17,0
0.0,0.00196078431372549,0.00196078431372549,0.952755905511811,0.24,0
0.0,0.0,0.0,0.015748031496062992,0.2,0
0.0,0.00196078431372549,0.00196078431372549,1.0,0.01,0
1.0,0.0,0.0,0.0,1.0,0
0.0,0.0,0.0,1.0,0.02,0
1.0,0.00196078431372549,0.011764705882352941,1.0,0.0,0
0.0,0.0,0.0,1.0,0.0,0
0.0,0.5098039215686274,0.029411764705882353,1.0,0.0,1
1.0,0.01568627450980392,0.060784313725490195,0.5551181102362205,0.01,0
1.0,0.00392156862745098,0.00980392156862745,0.007874015748031496,0.33,0
1.0,0.011764705882352941,0.011764705882352941,0.562992125984252,0.01,0
1.0,0.0,0.00980392156862745,0.023622047244094488,0.14,0
1.0,0.03529411764705882,0.12352941176470589,1.0,0.0,0
1.0,0.011764705882352941,0.011764705882352941,0.047244094488188976,0.08,0
1.0,0.03529411764705882,0.03529411764705882,0.8110236220472441,0.0,0
1.0,0.00392156862745098,0.0058823529411764705,0.05511811023622047,0.07,0
1.0,0.0,0.00196078431372549,1.0,0.0,0
0.0,0.0,0.0,1.0,0.0,0
0.0,0.0,0.0,0.023622047244094488,0.14,0
0.0,1.0,1.0,1.0,1.0,1
1.0,0.0196078431372549,0.0196078431372549,1.0,0.0,0
1.0,0.01764705882352941,0.01764705882352941,0.7401574803149606,0.01,0
1.0,0.021568627450980392,0.021568627450980392,0.17716535433070865,0.02,0
1.0,0.01764705882352941,0.01764705882352941,0.03543307086614173,0.1,0
1.0,0.00196078431372549,0.00196078431372549,1.0,0.0,0
1.0,0.00784313725490196,0.00784313725490196,0.7834645669291339,0.38,0
1.0,0.0,0.041176470588235294,0.14566929133858267,0.03,0
1.0,0.06666666666666667,0.07254901960784314,1.0,0.0,0
1.0,0.025490196078431372,0.027450980392156862,1.0,0.0,0
0.0,0.0,0.0,1.0,0.0,0
1.0,0.00392156862745098,0.00392156862745098,1.0,0.0,0
1.0,0.06862745098039216,0.13529411764705881,0.44881889763779526,0.01,0
0.0,1.0,1.0,1.0,1.0,1
0.0,0.00980392156862745,0.00980392156862745,1.0,0.02,0
1.0,0.01764705882352941,0.01764705882352941,1.0,0.0,0
1.0,0.0,0.00196078431372549,0.7795275590551181,0.01,0
0.0,0.0,0.00392156862745098,0.0,1.0,0
1.0,0.029411764705882353,0.029411764705882353,1.0,0.0,0
1.0,0.00980392156862745,0.00980392156862745,0.01968503937007874,0.17,0
1.0,0.00196078431372549,0.00196078431372549,0.21653543307086615,0.04,0
1.0,0.021568627450980392,0.023529411764705882,1.0,0.0,0
1.0,0.0,0.00196078431372549,0.01968503937007874,0.17,0
1.0,0.01568627450980392,0.01568627450980392,1.0,0.0,0
1.0,0.00392156862745098,0.0196078431372549,0.007874015748031496,0.33,0
1.0,0.00392156862745098,0.011764705882352941,0.1141732283464567,0.03,0
0.0,0.0058823529411764705,0.1627450980392157,1.0,0.0,0
0.0,0.00196078431372549,0.00196078431372549,1.0,0.01,0
1.0,0.01764705882352941,0.0196078431372549,0.03543307086614173,0.1,0
0.0,1.0,1.0,1.0,1.0,1
1.0,0.00784313725490196,0.041176470588235294,1.0,0.0,0
1.0,0.0,0.00196078431372549,0.49606299212598426,0.01,0
0.0,1.0,1.0,1.0,1.0,1
1.0,0.0,0.03725490196078431,0.05511811023622047,0.07,0
1.0,0.00392156862745098,0.0058823529411764705,0.007874015748031496,0.33,0
1.0,0.00196078431372549,0.00196078431372549,0.4409448818897638,0.01,0
0.0,0.00784313725490196,0.00196078431372549,1.0,0.69,0
0.0,0.22941176470588234,0.0058823529411764705,1.0,0.0,1
1.0,0.00784313725490196,0.00784313725490196,1.0,0.0,0
1.0,0.03333333333333333,0.03725490196078431,1.0,0.0,0
1.0,0.0058823529411764705,0.0392156862745098,0.07874015748031496,0.05,0
0.0,0.011764705882352941,0.021568627450980392,1.0,0.0,0
1.0,0.00980392156862745,0.013725490196078431,0.01968503937007874,0.17,0
1.0,0.00980392156862745,0.07058823529411765,1.0,0.0,0
0.0,0.00196078431372549,0.00196078431372549,1.0,1.0,0
1.0,0.00392156862745098,0.0392156862745098,0.7519685039370079,0.01,0
1.0,0.03333333333333333,0.03333333333333333,0.41732283464566927,0.01,0
1.0,0.0058823529411764705,0.03137254901960784,0.04330708661417323,0.08,0
0.0,0.00196078431372549,0.00196078431372549,1.0,0.01,0
1.0,0.013725490196078431,0.0196078431372549,1.0,0.0,0
1.0,0.025490196078431372,0.027450980392156862,0.18110236220472442,0.02,0
0.0,0.0,0.00392156862745098,0.6062992125984252,0.01,0
1.0,0.00980392156862745,0.00980392156862745,0.06299212598425197,0.06,0
1.0,0.00196078431372549,0.00392156862745098,0.03543307086614173,0.1,0
1.0,0.0,0.0,0.5590551181102362,0.01,0
0.0,0.0,0.0,1.0,0.98,0
0.0,1.0,1.0,1.0,1.0,1
1.0,0.013725490196078431,0.013725490196078431,0.027559055118110236,0.12,0
1.0,0.03333333333333333,0.03333333333333333,1.0,0.0,0
1.0,0.0,0.00196078431372549,0.4763779527559055,0.01,0
0.0,0.0,0.0,1.0,0.01,0
1.0,0.013725490196078431,0.013725490196078431,1.0,0.0,0
1.0,0.00196078431372549,0.01568627450980392,1.0,0.0,0
1.0,0.0,0.0,0.21653543307086615,0.41,0
1.0,0.00392156862745098,0.00392156862745098,0.10236220472440945,0.04,0
1.0,0.0,0.0,0.2559055118110236,0.02,0
1.0,0.025490196078431372,0.025490196078431372,0.2874015748031496,0.01,0
1.0,0.00784313725490196,0.00784313725490196,1.0,0.0,0
0.0,0.0,0.0,0.0,1.0,0
1.0,0.00392156862745098,0.00392156862745098,0.5511811023622047,0.01,0
1.0,0.0,0.0,0.1377952755905512,0.03,0
1.0,0.0,0.0,0.007874015748031496,1.0,1
1.0,0.0196078431372549,0.025490196078431372,0.14173228346456693,0.03,0
1.0,0.00784313725490196,0.00980392156862745,1.0,0.0,0
0.0,0.0,0.0,0.2755905511811024,1.0,0
1.0,0.0,0.00392156862745098,0.06299212598425197,0.06,0
1.0,0.043137254901960784,0.045098039215686274,0.7244094488188977,0.01,0
1.0,0.029411764705882353,0.029411764705882353,0.20866141732283464,0.02,0
1.0,0.00392156862745098,0.00392156862745098,0.03937007874015748,0.09,0
1.0,0.0,0.0,0.7834645669291339,0.0,0
1.0,0.023529411764705882,0.023529411764705882,1.0,0.0,0
0.0,0.0,0.00196078431372549,0.015748031496062992,0.2,0
1.0,0.027450980392156862,0.029411764705882353,0.1889763779527559,0.02,0
1.0,0.0058823529411764705,0.0058823529411764705,0.05511811023622047,0.07,1
1.0,0.03333333333333333,0.0392156862745098,1.0,0.0,0
1.0,0.0,0.0,0.7244094488188977,0.44,0
1.0,0.011764705882352941,0.011764705882352941,0.14960629921259844,0.03,0
1.0,0.0058823529411764705,0.0058823529411764705,1.0,0.0,0
1.0,0.00980392156862745,0.00980392156862745,0.01968503937007874,0.17,0
1.0,0.0,0.00196078431372549,0.35826771653543305,0.01,0
1.0,0.0196078431372549,0.0196078431372549,0.2952755905511811,0.51,0
1.0,0.00980392156862745,0.00980392156862745,1.0,0.0,0
1.0,0.0,0.0,0.35826771653543305,0.01,0
1.0,0.01764705882352941,0.01764705882352941,1.0,0.0,0
1.0,0.0,0.00392156862745098,0.2677165354330709,0.01,0
1.0,0.00196078431372549,0.00196078431372549,0.09448818897637795,0.4,0
0.0,0.08627450980392157,0.08627450980392157,1.0,0.0,0
1.0,0.0,0.00196078431372549,0.0,1.0,0
1.0,0.0,0.0,0.6811023622047244,0.3,0
0.0,0.0,0.0,1.0,0.01,0
1.0,0.0,0.00196078431372549,1.0,0.0,0
1.0,0.00392156862745098,0.00392156862745098,0.007874015748031496,0.33,0
0.0,1.0,1.0,1.0,1.0,1
0.0,1.0,1.0,1.0,1.0,1
1.0,0.00392156862745098,0.0058823529411764705,0.2440944881889764,0.02,0
1.0,0.0,0.0,0.3346456692913386,0.01,0
0.0,0.00196078431372549,0.00196078431372549,1.0,1.0,0
1.0,0.00196078431372549,0.00196078431372549,0.7322834645669292,0.25,0
0.0,0.4568627450980392,0.029411764705882353,1.0,0.0,1
1.0,0.00196078431372549,0.0,0.20078740157480315,0.02,0
1.0,0.041176470588235294,0.050980392156862744,0.32677165354330706,0.01,0
1.0,0.00196078431372549,0.00196078431372549,0.2440944881889764,0.02,0
0.0,0.00196078431372549,0.00196078431372549,1.0,0.99,0
1.0,0.03725490196078431,0.047058823529411764,0.5669291338582677,0.01,0
1.0,0.0196078431372549,0.023529411764705882,1.0,0.0,0
0.0,0.0,0.0,1.0,0.0,0
0.0,0.00196078431372549,0.00196078431372549,1.0,0.01,0
0.0,1.0,1.0,1.0,1.0,1
0.0,0.0,0.0,1.0,1.0,0
0.0,0.0,0.0,1.0,1.0,0
0.0,0.0,0.0,0.003937007874015748,0.5,0
1.0,0.00392156862745098,0.013725490196078431,0.6968503937007874,0.01,0
1.0,0.025490196078431372,0.049019607843137254,0.6299212598425197,0.01,0
1.0,0.0,0.0,0.7559055118110236,0.01,0
0.0,0.0,0.00392156862745098,0.2952755905511811,0.01,0
1.0,0.0,0.043137254901960784,0.003937007874015748,0.5,0
0.0,0.0,0.0,0.5748031496062992,0.94,0
0.0,0.08235294117647059,0.08627450980392157,1.0,0.0,0
1.0,0.0196078431372549,0.0196078431372549,0.35826771653543305,0.01,0
1.0,0.021568627450980392,0.021568627450980392,0.20078740157480315,0.02,0
1.0,0.00784313725490196,0.00980392156862745,0.7637795275590551,0.01,0
1.0,0.0058823529411764705,0.03137254901960784,0.3937007874015748,0.01,0
0.0,0.00196078431372549,0.00196078431372549,1.0,0.01,0
0.0,0.06470588235294118,0.22156862745098038,1.0,0.0,0
1.0,0.00392156862745098,0.0,0.9803149606299213,0.01,0
1.0,0.01568627450980392,0.01568627450980392,1.0,0.0,0
1.0,0.011764705882352941,0.011764705882352941,0.023622047244094488,0.14,0
1.0,0.0058823529411764705,0.01568627450980392,0.15354330708661418,0.03,0
0.0,0.0,0.0,0.5196850393700787,0.99,0
0.0,0.0,0.0,1.0,0.0,0
1.0,0.03725490196078431,0.03725490196078431,1.0,0.0,0
1.0,0.0,0.00196078431372549,0.9251968503937008,0.0,0
1.0,0.045098039215686274,0.047058823529411764,1.0,0.0,0
1.0,0.0,0.0,0.35039370078740156,0.01,0
1.0,0.0058823529411764705,0.0058823529411764705,1.0,0.0,1
0.0,0.0,0.00196078431372549,1.0,0.1,0
1.0,0.00980392156862745,0.052941176470588235,0.12992125984251968,0.03,0
1.0,0.00980392156862745,0.00980392156862745,0.3228346456692913,0.01,0
1.0,0.0,0.0,0.8385826771653543,0.0,0
0.0,0.0,0.0,1.0,0.0,0
1.0,0.0058823529411764705,0.0058823529411764705,1.0,0.0,0
1.0,0.0058823529411764705,0.00980392156862745,1.0,0.0,0
1.0,0.060784313725490195,0.08627450980392157,1.0,0.0,0
0.0,1.0,1.0,1.0,1.0,1
0.0,0.0,0.0,1.0,0.0,0
1.0,0.00392156862745098,0.00392156862745098,0.3346456692913386,0.01,0
1.0,0.00196078431372549,0.00196078431372549,0.003937007874015748,0.5,0
1.0,0.00196078431372549,0.00392156862745098,0.2125984251968504,0.05,0
1.0,0.00196078431372549,0.00196078431372549,0.051181102362204724,0.07,0
1.0,0.011764705882352941,0.056862745098039215,0.023622047244094488,0.14,0
1.0,0.027450980392156862,0.029411764705882353,0.12598425196850394,0.03,0
0.0,0.0,0.0,1.0,0.01,0
1.0,0.00392156862745098,0.00784313725490196,1.0,0.0,0
1.0,0.049019607843137254,0.050980392156862744,1.0,0.0,0
1.0,0.00784313725490196,0.00784313725490196,0.3228346456692913,0.01,0
1.0,0.00196078431372549,0.00196078431372549,0.3858267716535433,0.29,0
1.0,0.0,0.00196078431372549,0.08661417322834646,0.04,0
1.0,0.00784313725490196,0.00784313725490196,0.015748031496062992,0.2,0
1.0,0.027450980392156862,0.027450980392156862,1.0,0.0,0
0.0,0.0,0.0,0.9488188976377953,0.0,0
1.0,0.047058823529411764,0.054901960784313725,1.0,0.0,0
1.0,0.0058823529411764705,0.00980392156862745,0.31496062992125984,0.33,0
1.0,0.0,0.0,0.051181102362204724,0.07,0
0.0,0.0,0.0,0.2559055118110236,0.02,0
1.0,0.0,0.0,0.8110236220472441,0.0,0
1.0,0.00196078431372549,0.00196078431372549,0.05511811023622047,0.07,0
1.0,0.029411764705882353,0.050980392156862744,1.0,0.0,0
1.0,0.0,0.0,1.0,0.0,0
1.0,0.07254901960784314,0.07254901960784314,1.0,0.0,0
0.0,0.0,0.00196078431372549,0.38976377952755903,0.01,0
0.0,0.00392156862745098,0.0,1.0,0.93,0
1.0,0.00196078431372549,0.00980392156862745,0.14173228346456693,0.03,0
1.0,0.00392156862745098,0.011764705882352941,0.07480314960629922,0.05,0
0.0,0.0,0.0,1.0,0.0,0
0.0,0.0,0.0,1.0,0.0,0
0.0,0.0,0.00196078431372549,0.5433070866141733,0.01,0
1.0,0.01764705882352941,0.0392156862745098,1.0,0.0,0
1.0,0.00980392156862745,0.050980392156862744,0.7440944881889764,0.01,0
1.0,0.00980392156862745,0.00980392156862745,0.8818897637795275,0.0,0
1.0,0.011764705882352941,0.013725490196078431,1.0,0.0,0
1.0,0.00392156862745098,0.00392156862745098,1.0,0.0,0
1.0,0.00196078431372549,0.00196078431372549,0.452755905511811,0.01,0
1.0,0.0,0.0,0.0,1.0,0
0.0,0.00196078431372549,0.0,1.0,1.0,0
1.0,0.013725490196078431,0.013725490196078431,0.25984251968503935,0.01,0
1.0,0.0,0.0,1.0,0.0,0
0.0,0.00980392156862745,0.00196078431372549,1.0,1.0,0
1.0,0.00196078431372549,0.00196078431372549,0.003937007874015748,0.5,0
1.0,0.00784313725490196,0.00784313725490196,0.2204724409448819,0.02,0
1.0,0.01764705882352941,0.01764705882352941,0.8976377952755905,0.0,0
1.0,0.00392156862745098,0.00392156862745098,0.515748031496063,0.01,0
1.0,0.01764705882352941,0.01764705882352941,1.0,0.0,0
1.0,0.0,0.0,0.9488188976377953,0.0,0
1.0,0.0,0.00392156862745098,0.0,1.0,0
0.0,0.0,0.00196078431372549,0.023622047244094488,0.14,0
1.0,0.00392156862745098,0.00392156862745098,0.15748031496062992,0.02,0
1.0,0.01764705882352941,0.01764705882352941,0.05905511811023622,0.06,0
0.0,0.0,0.0,0.007874015748031496,0.33,0
0.0,0.0,0.0,0.007874015748031496,0.33,0
1.0,0.00196078431372549,0.00196078431372549,0.18110236220472442,0.43,0
1.0,0.0,0.00392156862745098,0.30708661417322836,0.01,0
1.0,0.0,0.0,0.0,1.0,0
1.0,0.0,0.0,0.7204724409448819,0.01,0
1.0,0.00980392156862745,0.00980392156862745,0.01968503937007874,0.17,0
0.0,0.0058823529411764705,0.00196078431372549,1.0,0.88,0
1.0,0.0,0.0,0.3346456692913386,0.01,0
1.0,0.0,0.00196078431372549,0.468503937007874,0.01,0
1.0,0.0196078431372549,0.0196078431372549,0.03937007874015748,0.09,0
0.0,0.0,0.0,0.023622047244094488,0.14,0
0.0,0.0,0.0,1.0,0.0,0
1.0,0.0058823529411764705,0.00980392156862745,0.0984251968503937,0.04,0
0.0,0.0,0.00196078431372549,0.16929133858267717,0.16,0
1.0,0.00980392156862745,0.00980392156862745,1.0,0.0,0
0.0,0.00196078431372549,0.00196078431372549,1.0,1.0,0
0.0,0.0,0.0,0.18110236220472442,0.02,0
1.0,0.0,0.0,0.38188976377952755,0.01,0
1.0,0.011764705882352941,0.011764705882352941,0.05511811023622047,0.07,0
1.0,0.0,0.0,0.03543307086614173,0.1,0
1.0,0.0,0.0,0.015748031496062992,0.2,0
1.0,0.01568627450980392,0.01568627450980392,1.0,0.01,0
1.0,0.0,0.0,0.03543307086614173,0.1,0
0.0,0.25098039215686274,0.3803921568627451,1.0,0.0,0
0.0,0.0,0.00196078431372549,0.011811023622047244,0.25,0
0.0,0.01764705882352941,0.01764705882352941,0.7086614173228346,0.22,0
1.0,0.013725490196078431,0.013725490196078431,1.0,0.0,0
1.0,0.043137254901960784,0.043137254901960784,1.0,0.0,0
0.0,0.0,0.0,0.04330708661417323,0.08,0
1.0,0.0,0.0,0.7913385826771654,0.0,0
1.0,0.0,0.0,1.0,0.0,0
1.0,0.00196078431372549,0.00392156862745098,1.0,0.0,0
1.0,0.011764705882352941,0.011764705882352941,0.023622047244094488,0.14,0
1.0,0.00784313725490196,0.058823529411764705,1.0,0.0,0
0.0,0.0,0.0,0.03543307086614173,0.1,0
0.0,0.0,0.0,0.003937007874015748,0.5,0
1.0,0.0,0.021568627450980392,0.0984251968503937,0.04,0
0.0,1.0,1.0,1.0,1.0,1
1.0,0.0,0.0058823529411764705,0.3661417322834646,0.01,0
1.0,0.00196078431372549,0.00196078431372549,0.1141732283464567,0.03,0
0.0,0.0,0.0,1.0,0.0,0
0.0,0.0,0.0,1.0,0.98,0
1.0,0.01764705882352941,0.01764705882352941,1.0,0.0,0
1.0,0.0,0.0,0.06299212598425197,0.06,0
0.0,0.0,0.0,0.015748031496062992,0.2,0
1.0,0.00196078431372549,0.00196078431372549,0.027559055118110236,0.12,0
0.0,0.37058823529411766,0.37058823529411766,1.0,0.0,0
0.0,1.0,1.0,1.0,1.0,1
1.0,0.011764705882352941,0.023529411764705882,1.0,0.0,0
1.0,0.0,0.0,1.0,0.0,0
1.0,0.00980392156862745,0.00980392156862745,1.0,0.0,0
1.0,0.0,0.0,1.0,0.0,0
1.0,0.0,0.0,0.1732283464566929,0.02,0
0.0,0.00196078431372549,0.00196078431372549,1.0,0.51,0
1.0,0.06274509803921569,0.06274509803921569,0.6535433070866141,0.01,0
1.0,0.0,0.0392156862745098,1.0,0.0,0
1.0,0.03137254901960784,0.03137254901960784,0.15354330708661418,0.03,0
1.0,0.00784313725490196,0.00784313725490196,0.023622047244094488,0.14,0
0.0,0.0,0.00196078431372549,0.051181102362204724,0.07,0
0.0,1.0,1.0,1.0,1.0,1
1.0,0.049019607843137254,0.10588235294117647,1.0,0.0,0
1.0,0.0196078431372549,0.0196078431372549,0.31496062992125984,0.01,0
0.0,0.0,0.00196078431372549,0.031496062992125984,0.11,0
0.0,0.0,0.00392156862745098,0.3700787401574803,0.01,0
1.0,0.00392156862745098,0.00392156862745098,0.007874015748031496,0.33,0
1.0,0.0,0.0,0.7165354330708661,0.01,0
0.0,0.0058823529411764705,0.00980392156862745,1.0,0.0,0
1.0,0.03725490196078431,0.03725490196078431,0.27165354330708663,0.01,0
0.0,0.0,0.0,0.41732283464566927,0.01,0
1.0,0.0,0.00196078431372549,1.0,0.0,0
0.0,0.22549019607843138,0.011764705882352941,1.0,0.0,1
0.0,0.396078431372549,0.0,1.0,0.0,1
1.0,0.025490196078431372,0.025490196078431372,1.0,0.0,0
1.0,0.041176470588235294,0.041176470588235294,1.0,0.0,0
1.0,0.0,0.0,0.968503937007874,0.01,0
1.0,0.0,0.029411764705882353,0.007874015748031496,0.33,0
1.0,0.01764705882352941,0.01764705882352941,0.937007874015748,0.0,0
0.0,0.44509803921568625,0.44509803921568625,1.0,0.0,0
1.0,0.03333333333333333,0.03333333333333333,1.0,0.0,0
1.0,0.00784313725490196,0.00784313725490196,0.1141732283464567,0.03,0
1.0,0.07254901960784314,0.07254901960784314,1.0,0.0,0
1.0,0.043137254901960784,0.043137254901960784,0.47244094488188976,0.01,0
0.0,0.15294117647058825,0.15294117647058825,1.0,0.0,0
1.0,0.0196078431372549,0.0196078431372549,0.03937007874015748,0.09,0
1.0,0.0,0.0,0.37401574803149606,0.01,0
1.0,0.00196078431372549,0.00196078431372549,0.3661417322834646,0.01,0
0.0,0.23333333333333334,0.013725490196078431,1.0,0.0,1
0.0,1.0,1.0,1.0,1.0,1
0.0,0.00196078431372549,0.00196078431372549,1.0,0.01,0
0.0,0.0,0.0,1.0,0.89,0
0.0,0.18235294117647058,0.0,1.0,0.0,1
0.0,0.0,0.00196078431372549,0.07086614173228346,0.05,0
1.0,0.00784313725490196,0.013725490196078431,0.0984251968503937,0.04,0
1.0,0.00196078431372549,0.0,0.8622047244094488,0.0,0
0.0,0.42549019607843136,0.01568627450980392,1.0,0.0,1
1.0,0.00980392156862745,0.049019607843137254,1.0,0.0,0
0.0,0.0,0.00196078431372549,0.9724409448818898,0.1,0
1.0,0.060784313725490195,0.060784313725490195,1.0,0.0,0
1.0,0.00784313725490196,0.00784313725490196,1.0,0.0,0
1.0,0.00784313725490196,0.00784313725490196,0.09448818897637795,0.04,0
0.0,0.00196078431372549,0.0,1.0,0.45,0
0.0,0.0,0.0,1.0,0.98,0
0.0,0.00196078431372549,0.00196078431372549,1.0,0.01,0
1.0,0.03137254901960784,0.09215686274509804,1.0,0.0,0
1.0,0.0,0.00196078431372549,0.9015748031496063,0.0,0
1.0,0.011764705882352941,0.029411764705882353,1.0,0.01,0
0.0,0.0,0.00196078431372549,0.0,1.0,0
0.0,0.0,0.0,0.6141732283464567,0.01,0
1.0,0.00784313725490196,0.00784313725490196,0.015748031496062992,0.2,0
1.0,0.023529411764705882,0.03529411764705882,1.0,0.0,0
1.0,0.0,0.0,0.003937007874015748,0.5,0
1.0,0.01568627450980392,0.01568627450980392,1.0,0.0,0
1.0,0.0058823529411764705,0.0058823529411764705,0.09055118110236221,0.04,0
1.0,0.029411764705882353,0.029411764705882353,0.2440944881889764,0.02,0
0.0,0.0,0.0,1.0,0.0,0
1.0,0.00196078431372549,0.00196078431372549,1.0,0.0,0
1.0,0.0,0.011764705882352941,0.40551181102362205,0.01,0
0.0,1.0,1.0,1.0,1.0,1
1.0,0.047058823529411764,0.07058823529411765,1.0,0.0,0
1.0,0.0058823529411764705,0.0058823529411764705,1.0,0.0,0
1.0,0.01568627450980392,0.01764705882352941,0.4094488188976378,0.01,0
1.0,0.060784313725490195,0.060784313725490195,1.0,0.0,0
1.0,0.0,0.00196078431372549,0.16535433070866143,0.02,0
0.0,0.9980392156862745,0.9980392156862745,1.0,1.0,1
1.0,0.00392156862745098,0.00392156862745098,0.05511811023622047,0.07,0
1.0,0.013725490196078431,0.013725490196078431,0.05905511811023622,0.06,0
1.0,0.0196078431372549,0.0196078431372549,0.09448818897637795,0.04,0
0.0,0.0,0.0,0.6771653543307087,0.01,0
1.0,0.0058823529411764705,0.00784313725490196,1.0,0.0,0
0.0,0.0,0.0,0.007874015748031496,0.33,0
0.0,0.0,0.0,1.0,0.95,0
1.0,0.01764705882352941,0.01764705882352941,0.2677165354330709,0.01,0
1.0,0.023529411764705882,0.023529411764705882,1.0,0.0,0
1.0,0.011764705882352941,0.011764705882352941,0.18503937007874016,0.02,0
1.0,0.0,0.0058823529411764705,0.38188976377952755,0.01,0
1.0,0.00392156862745098,0.013725490196078431,0.6850393700787402,0.01,0
1.0,0.01568627450980392,0.01568627450980392,0.6535433070866141,0.01,0
1.0,0.00392156862745098,0.013725490196078431,0.468503937007874,0.01,0
1.0,0.03333333333333333,0.03725490196078431,0.32677165354330706,0.01,0
0.0,0.0058823529411764705,0.0,1.0,1.0,0
0.0,0.0,0.0,0.003937007874015748,0.5,0
0.0,1.0,1.0,1.0,1.0,1
0.0,0.0,0.0,1.0,0.0,0
0.0,0.2235294117647059,0.023529411764705882,1.0,0.0,1
1.0,0.01568627450980392,0.01568627450980392,0.25196850393700787,0.02,0
1.0,0.0,0.0,0.6653543307086615,0.01,0
1.0,0.06274509803921569,0.06274509803921569,0.7874015748031497,0.01,0
1.0,0.025490196078431372,0.025490196078431372,0.23622047244094488,0.02,0
0.0,0.0,0.0,1.0,0.91,0
0.0,0.2529411764705882,0.03725490196078431,1.0,0.0,1
1.0,0.060784313725490195,0.060784313725490195,0.13385826771653545,0.03,0
0.0,0.0784313725490196,0.15294117647058825,1.0,0.0,0
1.0,0.0058823529411764705,0.00784313725490196,0.5708661417322834,0.01,0
1.0,0.03333333333333333,0.03333333333333333,1.0,0.35,0
1.0,0.01568627450980392,0.01568627450980392,0.0984251968503937,0.58,0
0.0,0.0,0.00196078431372549,0.1377952755905512,0.14,0
0.0,1.0,1.0,1.0,1.0,1
0.0,0.00196078431372549,0.00196078431372549,0.4566929133858268,0.19,0
0.0,0.21568627450980393,0.2196078431372549,0.905511811023622,0.0,0
1.0,0.03137254901960784,0.03137254901960784,0.06299212598425197,0.06,0
1.0,0.00392156862745098,0.00392156862745098,0.5354330708661418,0.01,0
0.0,0.01764705882352941,0.029411764705882353,1.0,0.01,0
1.0,0.029411764705882353,0.029411764705882353,0.547244094488189,0.01,0
0.0,0.0,0.00196078431372549,0.3188976377952756,0.02,0
1.0,0.011764705882352941,0.049019607843137254,1.0,0.0,0
0.0,0.0,0.0,0.2047244094488189,0.02,0
0.0,0.00392156862745098,0.00196078431372549,1.0,0.55,0
1.0,0.0,0.0,1.0,0.0,0
0.0,1.0,1.0,1.0,1.0,1
1.0,0.0,0.0,0.8267716535433071,0.0,0
1.0,0.00196078431372549,0.00392156862745098,1.0,0.0,0
1.0,0.0,0.00196078431372549,1.0,0.0,0
1.0,0.0,0.00196078431372549,0.10236220472440945,0.04,0
1.0,0.00784313725490196,0.00784313725490196,1.0,0.0,0
0.0,0.0,0.0,0.421259842519685,1.0,0
1.0,0.00196078431372549,0.00196078431372549,0.003937007874015748,0.5,0
1.0,0.01764705882352941,0.01764705882352941,0.03543307086614173,0.1,0
1.0,0.023529411764705882,0.023529411764705882,0.047244094488188976,0.08,0
0.0,0.0196078431372549,0.027450980392156862,1.0,0.06,0
0.0,1.0,1.0,1.0,1.0,1
0.0,0.0,0.0,1.0,0.0,0
1.0,0.0,0.0,0.7952755905511811,0.0,0
1.0,0.00784313725490196,0.00784313725490196,1.0,0.0,0
1.0,0.00196078431372549,0.00196078431372549,0.0984251968503937,0.04,0
0.0,0.0,0.0,0.003937007874015748,0.5,0
0.0,0.0,0.0,0.1062992125984252,1.0,0
1.0,0.011764705882352941,0.01764705882352941,1.0,0.0,0
0.0,0.22941176470588234,0.021568627450980392,1.0,0.0,1
0.0,0.0,0.0,0.015748031496062992,0.2,0
0.0,0.0,0.0,0.03543307086614173,0.1,0
1.0,0.0058823529411764705,0.00784313725490196,1.0,0.0,0
0.0,0.5745098039215686,0.03333333333333333,1.0,0.0,1
1.0,0.0,0.0,0.515748031496063,0.01,0
1.0,0.025490196078431372,0.027450980392156862,0.484251968503937,0.01,0
1.0,0.00980392156862745,0.00980392156862745,0.01968503937007874,0.17,0
1.0,0.00980392156862745,0.00980392156862745,0.01968503937007874,0.17,0
0.0,0.0,0.0,1.0,0.0,0
1.0,0.0,0.0,0.48031496062992124,0.01,0
1.0,0.054901960784313725,0.056862745098039215,0.1141732283464567,0.03,0
0.0,0.00196078431372549,0.00196078431372549,1.0,1.0,0
1.0,0.00980392156862745,0.00980392156862745,0.31496062992125984,0.01,0
0.0,0.403921568627451,0.00392156862745098,1.0,0.0,1
0.0,0.0,0.0,1.0,0.0,0
1.0,0.01568627450980392,0.01568627450980392,1.0,0.0,0
0.0,1.0,1.0,1.0,1.0,1
1.0,0.021568627450980392,0.021568627450980392,1.0,0.0,0
1.0,0.00784313725490196,0.013725490196078431,0.3661417322834646,0.01,0
1.0,0.03333333333333333,0.03725490196078431,0.952755905511811,0.0,0
1.0,0.00196078431372549,0.00392156862745098,0.16535433070866143,0.02,0
1.0,0.013725490196078431,0.013725490196078431,0.08661417322834646,0.04,0
1.0,0.00196078431372549,0.01764705882352941,0.003937007874015748,0.5,0
0.0,0.0,0.0,1.0,0.94,0
1.0,0.011764705882352941,0.011764705882352941,0.1062992125984252,0.04,0
0.0,0.0,0.0,0.2125984251968504,0.13,0
0.0,0.0,0.0,1.0,0.92,0
0.0,0.00196078431372549,0.00196078431372549,1.0,0.01,0
0.0,1.0,1.0,1.0,1.0,1
1.0,0.00980392156862745,0.00980392156862745,0.2125984251968504,0.02,0
1.0,0.021568627450980392,0.021568627450980392,1.0,0.0,0
1.0,0.03333333333333333,0.03333333333333333,0.06692913385826772,0.06,0
0.0,0.00196078431372549,0.00196078431372549,1.0,0.01,0
1.0,0.0,0.00784313725490196,0.6929133858267716,0.01,0
1.0,0.0,0.0,0.4881889763779528,0.01,0
1.0,0.00196078431372549,0.00196078431372549,0.8031496062992126,0.0,0
0.0,0.0,0.0,1.0,1.0,0
0.0,0.20392156862745098,0.0,1.0,0.0,1
1.0,0.00980392156862745,0.00980392156862745,0.07480314960629922,0.05,0
1.0,0.029411764705882353,0.047058823529411764,0.1062992125984252,0.04,0
0.0,0.0,0.0,1.0,0.99,0
1.0,0.029411764705882353,0.029411764705882353,1.0,0.0,0
1.0,0.011764705882352941,0.0784313725490196,1.0,0.0,0
0.0,0.0,0.0,1.0,0.0,0
1.0,0.0058823529411764705,0.013725490196078431,0.594488188976378,0.01,0
0.0,0.0,0.0,0.17716535433070865,1.0,0
1.0,0.0,0.0,0.4015748031496063,0.01,0
1.0,0.00784313725490196,0.03137254901960784,1.0,0.0,0
1.0,0.0058823529411764705,0.00784313725490196,0.10236220472440945,0.04,0
1.0,0.00196078431372549,0.00196078431372549,0.003937007874015748,0.5,0
1.0,0.0,0.0,0.23622047244094488,0.02,0
1.0,0.0,0.0,1.0,0.0,0
1.0,0.011764705882352941,0.011764705882352941,0.7480314960629921,0.01,0
1.0,0.01568627450980392,0.021568627450980392,0.12598425196850394,0.03,0
1.0,0.0,0.0,0.8740157480314961,0.0,0
1.0,0.0,0.00196078431372549,0.7401574803149606,0.01,0
1.0,0.047058823529411764,0.058823529411764705,1.0,0.0,0
1.0,0.0,0.00196078431372549,0.8346456692913385,0.0,0
0.0,0.0,0.0,0.03937007874015748,0.09,0
1.0,0.00980392156862745,0.00980392156862745,1.0,0.0,0
0.0,0.0,0.0,1.0,0.89,0
0.0,0.0,0.00196078431372549,0.003937007874015748,0.5,0
1.0,0.0,0.0,0.5748031496062992,0.01,0
0.0,0.023529411764705882,0.023529411764705882,0.9803149606299213,0.2,0
1.0,0.01764705882352941,0.027450980392156862,0.3425196850393701,0.01,0
1.0,0.0058823529411764705,0.0058823529411764705,1.0,0.0,0
1.0,0.0,0.0196078431372549,0.30708661417322836,0.01,0
1.0,0.0,0.00392156862745098,0.1062992125984252,0.04,0
1.0,0.00196078431372549,0.00784313725490196,0.023622047244094488,0.14,0
0.0,0.17450980392156862,0.0058823529411764705,1.0,0.0,1
1.0,0.027450980392156862,0.06274509803921569,0.1377952755905512,0.03,0
0.0,0.0,0.00196078431372549,0.984251968503937,0.11,0
1.0,0.00784313725490196,0.00784313725490196,0.023622047244094488,0.14,0
1.0,0.025490196078431372,0.03529411764705882,0.8503937007874016,0.0,0
1.0,0.00392156862745098,0.00392156862745098,0.11811023622047244,0.03,0
1.0,0.025490196078431372,0.025490196078431372,1.0,0.0,0
0.0,0.14901960784313725,0.3058823529411765,1.0,0.0,0
1.0,0.021568627450980392,0.021568627450980392,0.2283464566929134,0.31,0
1.0,0.0058823529411764705,0.0058823529411764705,0.11023622047244094,0.03,0
1.0,0.0,0.0,0.9645669291338582,0.0,0
0.0,0.00196078431372549,0.00196078431372549,0.6220472440944882,0.84,0
1.0,0.0196078431372549,0.0196078431372549,0.42913385826771655,0.01,0
0.0,0.00196078431372549,0.00196078431372549,1.0,0.01,0
1.0,0.07254901960784314,0.08823529411764706,0.14960629921259844,0.03,0
0.0,0.0,0.00196078431372549,0.7637795275590551,0.07,0
1.0,0.011764705882352941,0.01568627450980392,0.09055118110236221,0.04,0
1.0,0.025490196078431372,0.06470588235294118,0.1968503937007874,0.02,0
0.0,0.0,0.0,1.0,1.0,0
1.0,0.03137254901960784,0.03137254901960784,1.0,0.0,0
0.0,0.0,0.0,1.0,0.07,0
1.0,0.011764705882352941,0.011764705882352941,0.20866141732283464,0.02,0
0.0,0.0,0.0,1.0,0.0,0
1.0,0.00784313725490196,0.00980392156862745,0.17716535433070865,0.02,0
0.0,0.0,0.0,1.0,0.0,0
1.0,0.013725490196078431,0.013725490196078431,0.952755905511811,0.0,0
1.0,0.0,0.0,0.2047244094488189,0.02,0
1.0,0.011764705882352941,0.013725490196078431,0.7992125984251969,0.0,0
1.0,0.01764705882352941,0.01764705882352941,1.0,0.0,0
1.0,0.050980392156862744,0.050980392156862744,1.0,0.01,0
1.0,0.00196078431372549,0.00392156862745098,0.1220472440944882,0.03,0
1.0,0.029411764705882353,0.029411764705882353,0.05905511811023622,0.06,0
1.0,0.011764705882352941,0.011764705882352941,1.0,0.0,0
0.0,0.0,0.0,1.0,0.0,0
1.0,0.011764705882352941,0.011764705882352941,0.023622047244094488,0.14,0
1.0,0.0,0.0,0.0,1.0,0
1.0,0.0,0.0,1.0,0.0,0
1.0,0.041176470588235294,0.054901960784313725,0.7874015748031497,0.0,0
0.0,0.0,0.0,1.0,0.0,0
1.0,0.07647058823529412,0.07647058823529412,1.0,0.0,0
1.0,0.023529411764705882,0.023529411764705882,1.0,0.0,0
1.0,0.0,0.0,0.610236220472441,0.01,0
0.0,0.0,0.0,0.0984251968503937,0.04,0
1.0,0.0058823529411764705,0.054901960784313725,0.1220472440944882,0.03,0
1.0,0.01568627450980392,0.01568627450980392,1.0,0.0,0
1.0,0.03333333333333333,0.03725490196078431,0.41338582677165353,0.01,0
1.0,0.01764705882352941,0.043137254901960784,1.0,0.0,0
1.0,0.045098039215686274,0.06666666666666667,0.5590551181102362,0.01,0
0.0,1.0,1.0,1.0,1.0,1
1.0,0.00784313725490196,0.00784313725490196,0.5078740157480315,0.01,0
1.0,0.054901960784313725,0.054901960784313725,1.0,0.0,0
0.0,0.9392156862745098,0.9392156862745098,1.0,1.0,1
0.0,0.0,0.0,0.5196850393700787,0.8,0
1.0,0.03333333333333333,0.03333333333333333,0.3346456692913386,0.01,0
0.0,0.00196078431372549,0.00196078431372549,1.0,0.01,0
0.0,0.045098039215686274,0.10392156862745099,1.0,0.0,0
1.0,0.0392156862745098,0.041176470588235294,1.0,0.0,0
1.0,0.025490196078431372,0.025490196078431372,1.0,0.25,0
0.0,0.00196078431372549,0.00196078431372549,1.0,0.01,0
1.0,0.021568627450980392,0.021568627450980392,1.0,0.0,0
1.0,0.025490196078431372,0.027450980392156862,1.0,0.0,0
0.0,1.0,1.0,1.0,1.0,1
0.0,1.0,1.0,1.0,1.0,1
1.0,0.03137254901960784,0.03137254901960784,1.0,0.0,0
1.0,0.08627450980392157,0.08627450980392157,1.0,0.0,0
1.0,0.0,0.0,0.984251968503937,0.0,0
1.0,0.00784313725490196,0.021568627450980392,0.5905511811023622,0.01,0
1.0,0.06666666666666667,0.06666666666666667,1.0,0.0,0
1.0,0.029411764705882353,0.029411764705882353,0.1062992125984252,0.04,0
0.0,0.00392156862745098,0.00784313725490196,1.0,0.0,0
1.0,0.025490196078431372,0.025490196078431372,0.5433070866141733,0.01,0
0.0,0.0,0.0,0.05905511811023622,0.06,0
1.0,0.00196078431372549,0.00196078431372549,1.0,0.49,0
0.0,1.0,1.0,1.0,1.0,1
1.0,0.00392156862745098,0.00392156862745098,0.007874015748031496,0.33,0
1.0,0.0803921568627451,0.11764705882352941,0.8740157480314961,0.0,0
1.0,0.027450980392156862,0.13137254901960785,1.0,0.0,0
0.0,0.0,0.0,1.0,1.0,0
1.0,0.0,0.0,0.11023622047244094,0.03,0
1.0,0.049019607843137254,0.049019607843137254,1.0,0.0,0
0.0,0.00196078431372549,0.00196078431372549,0.007874015748031496,0.33,0
1.0,0.01764705882352941,0.045098039215686274,1.0,0.0,0
1.0,0.0,0.0,1.0,0.36,0
1.0,0.013725490196078431,0.013725490196078431,0.3425196850393701,0.01,0
0.0,0.00196078431372549,0.00196078431372549,0.18503937007874016,0.02,0
1.0,0.00784313725490196,0.00784313725490196,1.0,0.0,0
0.0,0.0,0.0,1.0,1.0,0
1.0,0.01568627450980392,0.01568627450980392,1.0,0.0,0
0.0,0.0058823529411764705,0.0,1.0,0.04,0
0.0,0.0,0.0,1.0,0.46,0
1.0,0.03333333333333333,0.07058823529411765,0.6732283464566929,0.01,0
0.0,0.0,0.00196078431372549,0.0,1.0,0
1.0,0.0,0.00196078431372549,1.0,0.0,0
0.0,0.0,0.0,1.0,0.99,0
1.0,0.00196078431372549,0.00392156862745098,0.003937007874015748,0.5,0
1.0,0.00784313725490196,0.00784313725490196,1.0,0.0,0
1.0,0.00784313725490196,0.011764705882352941,0.015748031496062992,0.2,0
0.0,0.0,0.0,1.0,1.0,0
1.0,0.00196078431372549,0.00196078431372549,0.003937007874015748,0.5,0
0.0,0.0,0.0,0.027559055118110236,0.12,0
0.0,0.058823529411764705,0.13333333333333333,1.0,0.0,0
1.0,0.021568627450980392,0.025490196078431372,1.0,0.0,0
0.0,1.0,1.0,1.0,1.0,1
1.0,0.013725490196078431,0.01764705882352941,1.0,0.01,0
0.0,0.0,0.0,1.0,0.93,0
1.0,0.00784313725490196,0.00784313725490196,1.0,0.0,0
0.0,0.0,0.0,1.0,0.0,0
0.0,0.5470588235294118,0.00980392156862745,1.0,0.0,1
0.0,0.0,0.0,0.08267716535433071,0.05,0
1.0,0.013725490196078431,0.029411764705882353,0.2125984251968504,0.02,0
0.0,0.054901960784313725,0.34901960784313724,0.6614173228346457,0.66,0
1.0,0.027450980392156862,0.027450980392156862,0.7244094488188977,0.38,0
1.0,0.00980392156862745,0.00980392156862745,0.01968503937007874,0.17,0
1.0,0.00196078431372549,0.00392156862745098,0.3779527559055118,0.01,0
1.0,0.0,0.00196078431372549,0.7952755905511811,0.0,0
0.0,0.025490196078431372,0.0392156862745098,1.0,0.0,0
0.0,0.996078431372549,0.996078431372549,1.0,1.0,1
1.0,0.01764705882352941,0.047058823529411764,0.8031496062992126,0.0,0
1.0,0.0,0.011764705882352941,0.003937007874015748,0.5,0
0.0,0.0058823529411764705,0.00392156862745098,1.0,0.07,0
1.0,0.0,0.00980392156862745,0.023622047244094488,0.14,0
1.0,0.0,0.0,0.6929133858267716,0.01,0
1.0,0.023529411764705882,0.023529411764705882,1.0,0.0,0
1.0,0.025490196078431372,0.025490196078431372,0.07480314960629922,0.05,0
1.0,0.0,0.00196078431372549,0.8858267716535433,0.0,0
0.0,0.00196078431372549,0.00392156862745098,1.0,0.0,0
0.0,0.01764705882352941,0.03137254901960784,1.0,0.0,0
0.0,0.0,0.0,1.0,0.0,0
1.0,0.052941176470588235,0.0784313725490196,1.0,0.0,0
0.0,0.0,0.0,1.0,0.01,0
1.0,0.03725490196078431,0.08235294117647059,1.0,0.0,0
0.0,0.42745098039215684,0.42745098039215684,1.0,0.0,0
0.0,0.0,0.0,1.0,0.0,0
0.0,0.2019607843137255,0.021568627450980392,1.0,0.0,1
0.0,1.0,1.0,1.0,1.0,1
1.0,0.047058823529411764,0.09215686274509804,1.0,0.0,0
0.0,1.0,1.0,1.0,1.0,1
1.0,0.00980392156862745,0.00980392156862745,0.16535433070866143,0.02,0
1.0,0.0,0.00196078431372549,0.003937007874015748,0.5,0
0.0,0.0,0.0,0.09055118110236221,0.04,0
0.0,0.0,0.0,1.0,0.01,0
1.0,0.029411764705882353,0.029411764705882353,1.0,0.0,0
1.0,0.00196078431372549,0.00196078431372549,0.5236220472440944,0.31,0
1.0,0.0,0.0,1.0,0.0,0
0.0,0.1980392156862745,0.0058823529411764705,1.0,0.0,1
1.0,0.0196078431372549,0.0196078431372549,0.9566929133858267,0.0,0
1.0,0.0,0.00196078431372549,0.25984251968503935,0.01,0
1.0,0.0,0.0,0.0,1.0,0
0.0,1.0,1.0,1.0,1.0,1
1.0,0.0,0.023529411764705882,0.011811023622047244,0.25,0
1.0,0.0,0.00196078431372549,0.515748031496063,0.01,0
1.0,0.00392156862745098,0.0058823529411764705,1.0,0.0,0
0.0,1.0,1.0,1.0,1.0,1
1.0,0.03529411764705882,0.045098039215686274,0.07086614173228346,0.05,0
0.0,0.01568627450980392,0.01568627450980392,0.3228346456692913,0.71,0
0.0,0.00196078431372549,0.00196078431372549,0.3543307086614173,0.02,0
1.0,0.0392156862745098,0.0392156862745098,1.0,0.0,0
0.0,1.0,1.0,1.0,1.0,1
1.0,0.0,0.0196078431372549,0.06299212598425197,0.06,0
1.0,0.0,0.0,0.07874015748031496,0.05,0
1.0,0.0392156862745098,0.0392156862745098,0.07874015748031496,0.05,0
1.0,0.01764705882352941,0.01764705882352941,0.1377952755905512,0.03,0
1.0,0.0,0.00196078431372549,0.468503937007874,0.01,0
1.0,0.00196078431372549,0.00196078431372549,1.0,0.0,0
1.0,0.0,0.0,0.0,1.0,0
0.0,0.0,0.0,0.2047244094488189,0.02,0
1.0,0.0,0.00392156862745098,0.7559055118110236,0.01,0
1.0,0.00196078431372549,0.00196078431372549,0.21653543307086615,0.02,0
0.0,0.0,0.0,1.0,1.0,0
1.0,0.0,0.0,0.05511811023622047,0.07,0
0.0,0.19607843137254902,0.0,1.0,0.0,1
0.0,0.00784313725490196,0.01764705882352941,1.0,0.0,0
1.0,0.023529411764705882,0.027450980392156862,1.0,0.0,0
1.0,0.023529411764705882,0.023529411764705882,0.047244094488188976,0.08,0
1.0,0.00196078431372549,0.00980392156862745,0.1889763779527559,0.02,0
0.0,0.0,0.0,1.0,0.98,0
1.0,0.025490196078431372,0.025490196078431372,0.051181102362204724,0.07,0
0.0,0.22156862745098038,0.03529411764705882,1.0,0.0,1
1.0,0.0058823529411764705,0.0058823529411764705,0.4763779527559055,0.01,0
0.0,0.0,0.0,1.0,0.07,0
1.0,0.011764705882352941,0.027450980392156862,0.03543307086614173,0.1,0
1.0,0.0,0.00392156862745098,0.33858267716535434,0.01,0
0.0,0.0,0.01568627450980392,0.0,1.0,1
1.0,0.047058823529411764,0.047058823529411764,1.0,0.0,0
0.0,0.0,0.00392156862745098,0.14960629921259844,0.03,0
1.0,0.00196078431372549,0.0058823529411764705,0.14173228346456693,0.03,0
0.0,0.996078431372549,0.996078431372549,1.0,1.0,1
1.0,0.0058823529411764705,0.013725490196078431,1.0,0.0,0
1.0,0.0,0.0,0.5984251968503937,0.01,0
1.0,0.00784313725490196,0.00784313725490196,0.09448818897637795,0.04,0
0.0,0.0,0.00196078431372549,0.031496062992125984,0.11,0
0.0,0.00196078431372549,0.00392156862745098,1.0,0.0,0
1.0,0.01568627450980392,0.01568627450980392,0.4566929133858268,0.21,0
1.0,0.025490196078431372,0.045098039215686274,0.051181102362204724,0.07,0
1.0,0.0,0.0,0.1141732283464567,0.03,0
0.0,0.0,0.0,0.4921259842519685,0.01,0
1.0,0.0,0.0,0.003937007874015748,0.5,0
1.0,0.0,0.0,0.16535433070866143,0.02,0
1.0,0.0,0.0,1.0,0.0,0
1.0,0.0,0.0,0.3110236220472441,0.01,0
0.0,0.0,0.0,1.0,0.01,0
1.0,0.00980392156862745,0.03725490196078431,0.43700787401574803,0.01,0
1.0,0.060784313725490195,0.060784313725490195,0.6220472440944882,0.01,0
0.0,0.9784313725490196,0.9784313725490196,1.0,1.0,1
0.0,0.5117647058823529,0.00196078431372549,1.0,0.0,1
0.0,0.9980392156862745,0.9980392156862745,1.0,1.0,1
1.0,0.021568627450980392,0.11176470588235295,0.04330708661417323,0.08,0
1.0,0.0,0.0,0.5196850393700787,0.01,0
0.0,0.00196078431372549,0.0,1.0,0.65,0
1.0,0.0,0.0,1.0,0.0,0
1.0,0.0,0.00196078431372549,0.8346456692913385,0.0,0
0.0,0.0,0.0,1.0,1.0,0
0.0,0.0,0.0,1.0,0.99,0
0.0,0.0,0.00196078431372549,0.32677165354330706,0.18,0
0.0,1.0,1.0,1.0,1.0,1
1.0,0.0,0.0,0.5,0.01,0
0.0,0.4843137254901961,0.013725490196078431,1.0,0.0,1
1.0,0.023529411764705882,0.023529411764705882,0.24803149606299213,0.02,0
1.0,0.01568627450980392,0.01568627450980392,0.515748031496063,0.01,0
0.0,1.0,1.0,1.0,1.0,1
1.0,0.021568627450980392,0.021568627450980392,0.2992125984251969,0.01,0
0.0,0.5588235294117647,0.03137254901960784,1.0,0.0,1
1.0,0.01568627450980392,0.0196078431372549,1.0,0.0,0
0.0,0.0,0.00196078431372549,0.5039370078740157,0.01,0
1.0,0.029411764705882353,0.029411764705882353,0.2992125984251969,0.34,0
1.0,0.0,0.00196078431372549,1.0,0.0,0
1.0,0.00196078431372549,0.00196078431372549,0.003937007874015748,0.5,0
1.0,0.0,0.0,0.0,1.0,0
0.0,0.0,0.0,1.0,1.0,0
0.0,0.5411764705882353,0.5392156862745098,0.9488188976377953,0.0,0
1.0,0.00392156862745098,0.00392156862745098,0.01968503937007874,0.17,0
1.0,0.0392156862745098,0.06274509803921569,0.1968503937007874,0.02,0
1.0,0.00196078431372549,0.0,0.04330708661417323,0.08,0
1.0,0.0,0.0058823529411764705,0.28346456692913385,0.01,0
1.0,0.00392156862745098,0.00392156862745098,1.0,0.0,0
1.0,0.011764705882352941,0.08627450980392157,0.46062992125984253,0.01,0
0.0,0.09019607843137255,0.1803921568627451,1.0,0.0,0
0.0,0.0,0.0,1.0,0.0,0
0.0,0.00196078431372549,0.00392156862745098,0.18110236220472442,0.49,0
1.0,0.00784313725490196,0.00784313725490196,1.0,0.0,0
0.0,0.8941176470588236,0.8941176470588236,1.0,1.0,1
1.0,0.0,0.00196078431372549,0.3779527559055118,0.01,0
1.0,0.00392156862745098,0.00392156862745098,0.37401574803149606,0.01,0
1.0,0.0058823529411764705,0.0058823529411764705,1.0,0.0,0
1.0,0.027450980392156862,0.029411764705882353,0.1220472440944882,0.03,0
1.0,0.00784313725490196,0.03137254901960784,0.3661417322834646,0.01,0
1.0,0.027450980392156862,0.03529411764705882,0.05511811023622047,0.07,0
0.0,0.0,0.00196078431372549,0.007874015748031496,0.33,0
0.0,0.027450980392156862,0.027450980392156862,0.6299212598425197,0.32,0
1.0,0.01568627450980392,0.052941176470588235,1.0,0.0,0
1.0,0.00980392156862745,0.01568627450980392,0.1220472440944882,0.03,0
1.0,0.023529411764705882,0.025490196078431372,0.14960629921259844,0.03,0
1.0,0.03137254901960784,0.03137254901960784,0.8149606299212598,0.0,0
1.0,0.0196078431372549,0.0196078431372549,1.0,0.0,0
1.0,0.00196078431372549,0.00392156862745098,1.0,0.0,0
0.0,0.0,0.047058823529411764,0.0,1.0,1
0.0,0.0,0.0,0.3228346456692913,0.01,0
0.0,0.0,0.0,1.0,0.0,0
1.0,0.06274509803921569,0.06470588235294118,0.12598425196850394,0.03,0
1.0,0.0196078431372549,0.0196078431372549,1.0,0.0,0
1.0,0.0,0.0,0.08661417322834646,0.04,0
1.0,0.043137254901960784,0.043137254901960784,0.7204724409448819,0.01,0
1.0,0.00196078431372549,0.00196078431372549,0.09055118110236221,0.04,0
1.0,0.011764705882352941,0.011764705882352941,0.18110236220472442,0.02,0
1.0,0.013725490196078431,0.013725490196078431,0.2204724409448819,0.02,0
1.0,0.0,0.0,1.0,0.0,0
0.0,0.0,0.0,1.0,0.95,0
1.0,0.047058823529411764,0.12941176470588237,0.10236220472440945,0.04,0
0.0,0.0,0.0,1.0,0.95,0
0.0,0.0,0.00196078431372549,0.23622047244094488,1.0,0
1.0,0.043137254901960784,0.043137254901960784,1.0,0.0,0
1.0,0.027450980392156862,0.029411764705882353,0.05511811023622047,0.07,0
1.0,0.00980392156862745,0.013725490196078431,0.04330708661417323,0.08,0
0.0,0.00196078431372549,0.00392156862745098,0.08661417322834646,0.04,0
1.0,0.03725490196078431,0.03725490196078431,1.0,0.0,0
0.0,1.0,1.0,1.0,1.0,1
0.0,1.0,1.0,1.0,1.0,1
1.0,0.013725490196078431,0.013725490196078431,1.0,0.0,0
0.0,0.0,0.0,1.0,0.0,0
1.0,0.011764705882352941,0.011764705882352941,0.03543307086614173,0.1,0
0.0,0.0,0.0,1.0,0.0,0
1.0,0.013725490196078431,0.013725490196078431,0.33858267716535434,0.01,0
0.0,0.0,0.0,1.0,0.83,0
1.0,0.045098039215686274,0.052941176470588235,1.0,0.0,0
1.0,0.0,0.00196078431372549,0.3779527559055118,0.01,0
0.0,0.00196078431372549,0.00196078431372549,1.0,0.01,0
1.0,0.0,0.0,0.4566929133858268,0.01,0
0.0,0.15098039215686274,0.307843137254902,1.0,0.0,0
1.0,0.03137254901960784,0.0803921568627451,0.17716535433070865,0.02,0
1.0,0.07450980392156863,0.07450980392156863,1.0,0.0,0
1.0,0.03725490196078431,0.03725490196078431,0.07480314960629922,0.05,0
0.0,0.0,0.00196078431372549,0.1141732283464567,0.03,0
0.0,0.17647058823529413,0.1784313725490196,1.0,0.0,0
0.0,1.0,1.0,1.0,1.0,1
0.0,0.00196078431372549,0.00196078431372549,1.0,0.01,0
0.0,0.0,0.0,0.0,1.0,0
1.0,0.00392156862745098,0.00392156862745098,0.04330708661417323,0.08,0
1.0,0.00392156862745098,0.00392156862745098,0.007874015748031496,0.33,0
1.0,0.023529411764705882,0.023529411764705882,0.35039370078740156,0.01,0
0.0,0.0,0.0,1.0,1.0,0
1.0,0.0392156862745098,0.043137254901960784,1.0,0.0,0
0.0,0.0,0.0,0.0,1.0,0
1.0,0.00392156862745098,0.01764705882352941,0.1968503937007874,0.02,0
0.0,0.0,0.0,0.007874015748031496,0.33,0
0.0,0.0,0.0,1.0,0.96,0
1.0,0.0,0.00196078431372549,0.11023622047244094,0.03,0
0.0,0.0,0.0,1.0,0.0,0
1.0,0.07058823529411765,0.07058823529411765,0.32677165354330706,0.01,0
1.0,0.0,0.00196078431372549,0.0984251968503937,0.04,0
0.0,0.0,0.00196078431372549,0.9094488188976378,0.09,0
0.0,1.0,1.0,1.0,1.0,1
1.0,0.0058823529411764705,0.0058823529411764705,1.0,0.0,0
0.0,0.0,0.0,0.05511811023622047,0.07,0
1.0,0.00784313725490196,0.00784313725490196,1.0,0.0,0
1.0,0.00392156862745098,0.00392156862745098,1.0,0.0,0
1.0,0.021568627450980392,0.041176470588235294,0.12598425196850394,0.03,0
1.0,0.00392156862745098,0.00392156862745098,0.5590551181102362,0.01,0
1.0,0.03529411764705882,0.1392156862745098,0.07086614173228346,0.05,0
0.0,0.0,0.0,1.0,1.0,0
0.0,0.0,0.00196078431372549,0.4094488188976378,0.01,0
0.0,0.17450980392156862,0.17450980392156862,0.35039370078740156,1.0,0
1.0,0.0,0.0058823529411764705,0.3425196850393701,0.01,0
1.0,0.00196078431372549,0.00392156862745098,1.0,0.0,0
0.0,0.00196078431372549,0.00196078431372549,1.0,0.01,0
0.0,0.9333333333333333,0.9333333333333333,1.0,1.0,1
0.0,0.0,0.0,1.0,0.99,0
1.0,0.0,0.0,0.0,1.0,0
1.0,0.00392156862745098,0.0058823529411764705,0.07874015748031496,0.05,0
1.0,0.0,0.0,1.0,0.0,0
1.0,0.03333333333333333,0.054901960784313725,1.0,0.0,0
1.0,0.045098039215686274,0.045098039215686274,1.0,0.0,0
1.0,0.00980392156862745,0.01568627450980392,1.0,0.0,0
1.0,0.0,0.06274509803921569,0.38188976377952755,0.01,0
1.0,0.013725490196078431,0.03333333333333333,1.0,0.0,0
1.0,0.01568627450980392,0.01568627450980392,0.031496062992125984,0.11,0
0.0,0.0,0.0,0.3543307086614173,1.0,0
1.0,0.01568627450980392,0.03529411764705882,0.12598425196850394,0.03,0
1.0,0.00196078431372549,0.00196078431372549,0.007874015748031496,0.33,0
1.0,0.00196078431372549,0.027450980392156862,0.1377952755905512,0.03,0
1.0,0.01764705882352941,0.01764705882352941,0.7952755905511811,0.0,0
1.0,0.025490196078431372,0.025490196078431372,0.7559055118110236,0.36,0
1.0,0.011764705882352941,0.011764705882352941,0.48031496062992124,0.01,0
0.0,1.0,1.0,1.0,1.0,1
1.0,0.00196078431372549,0.00196078431372549,0.027559055118110236,1.0,0
1.0,0.00196078431372549,0.00196078431372549,0.7755905511811023,0.01,0
0.0,1.0,1.0,1.0,1.0,1
0.0,0.0,0.0,0.2677165354330709,1.0,0
1.0,0.025490196078431372,0.054901960784313725,0.42913385826771655,0.01,0
1.0,0.0,0.00392156862745098,0.051181102362204724,0.07,0
1.0,0.03137254901960784,0.03137254901960784,0.3779527559055118,0.01,0
1.0,0.0,0.0,0.0,1.0,0
1.0,0.03333333333333333,0.0,1.0,0.27,0
0.0,0.0,0.0,0.10236220472440945,0.3,0
1.0,0.00196078431372549,0.00196078431372549,0.003937007874015748,0.5,0
1.0,0.0,0.0,0.7362204724409449,0.01,0
1.0,0.011764705882352941,0.011764705882352941,1.0,0.0,0
1.0,0.023529411764705882,0.025490196078431372,1.0,0.0,0
0.0,0.0,0.00196078431372549,0.07086614173228346,0.05,0
1.0,0.0,0.03529411764705882,0.01968503937007874,0.17,0
1.0,0.0058823529411764705,0.00980392156862745,0.031496062992125984,0.11,0
1.0,0.0,0.00196078431372549,1.0,0.0,0
0.0,0.0,0.0,1.0,0.0,0
0.0,1.0,1.0,1.0,1.0,1
1.0,0.00392156862745098,0.00392156862745098,0.1377952755905512,0.03,0
1.0,0.00784313725490196,0.058823529411764705,1.0,0.0,0
1.0,0.050980392156862744,0.050980392156862744,1.0,0.0,0
0.0,0.021568627450980392,0.03333333333333333,1.0,0.01,0
1.0,0.00196078431372549,0.00196078431372549,1.0,0.0,0
1.0,0.01568627450980392,0.025490196078431372,0.031496062992125984,0.11,0
1.0,0.00392156862745098,0.00392156862745098,0.06692913385826772,0.06,0
1.0,0.00196078431372549,0.00196078431372549,0.28346456692913385,0.01,0
0.0,1.0,1.0,1.0,1.0,1
1.0,0.0196078431372549,0.0196078431372549,1.0,0.0,0
1.0,0.00196078431372549,0.00196078431372549,0.003937007874015748,0.5,0
0.0,0.0,0.0,1.0,1.0,0
1.0,0.0,0.0,1.0,0.0,0
1.0,0.0,0.00392156862745098,0.3661417322834646,0.01,0
1.0,0.0196078431372549,0.0196078431372549,0.19291338582677164,0.02,0
1.0,0.00196078431372549,0.00196078431372549,0.003937007874015748,0.5,0
1.0,0.011764705882352941,0.013725490196078431,0.023622047244094488,0.14,0
0.0,0.00196078431372549,0.00196078431372549,1.0,0.01,0
0.0,1.0,1.0,1.0,1.0,1
0.0,0.0,0.0,1.0,0.98,0
0.0,0.15294117647058825,0.30980392156862746,1.0,0.0,0
0.0,0.00392156862745098,0.0058823529411764705,0.3661417322834646,1.0,0
1.0,0.0,0.00196078431372549,0.01968503937007874,0.17,0
1.0,0.03333333333333333,0.03333333333333333,1.0,0.0,0
1.0,0.01568627450980392,0.01568627450980392,1.0,0.0,0
1.0,0.0,0.00196078431372549,0.16929133858267717,0.02,0
0.0,0.00196078431372549,0.00196078431372549,1.0,0.01,0
1.0,0.021568627450980392,0.021568627450980392,0.04330708661417323,0.08,0
0.0,0.0,0.0,0.011811023622047244,0.25,0
1.0,0.00392156862745098,0.027450980392156862,1.0,0.0,0
1.0,0.043137254901960784,0.043137254901960784,0.11023622047244094,0.03,0
0.0,0.0,0.0,0.7952755905511811,0.03,0
0.0,0.0,0.0,1.0,0.0,0
1.0,0.025490196078431372,0.025490196078431372,0.9724409448818898,0.0,0
0.0,0.0,0.0,0.007874015748031496,0.33,0
0.0,0.9980392156862745,0.9980392156862745,1.0,1.0,1
0.0,0.0058823529411764705,0.00196078431372549,1.0,0.89,0
1.0,0.021568627450980392,0.029411764705882353,0.1968503937007874,0.02,0
1.0,0.0058823529411764705,0.00980392156862745,0.09055118110236221,0.04,0
1.0,0.00784313725490196,0.00784313725490196,1.0,0.0,0
1.0,0.0,0.00196078431372549,0.562992125984252,0.01,0
0.0,1.0,1.0,1.0,1.0,1
0.0,0.00196078431372549,0.00392156862745098,1.0,0.0,0
1.0,0.00392156862745098,0.00392156862745098,1.0,0.0,0
0.0,1.0,1.0,1.0,1.0,1
0.0,1.0,1.0,1.0,1.0,1
0.0,1.0,1.0,1.0,1.0,1
1.0,0.03529411764705882,0.03529411764705882,1.0,0.0,0
1.0,0.021568627450980392,0.021568627450980392,0.7834645669291339,0.0,0
1.0,0.00196078431372549,0.023529411764705882,1.0,0.0,0
1.0,0.00980392156862745,0.0392156862745098,0.01968503937007874,0.17,0
1.0,0.0058823529411764705,0.043137254901960784,0.04330708661417323,0.08,0
1.0,0.0,0.00196078431372549,0.17716535433070865,0.02,0
0.0,0.00196078431372549,0.00196078431372549,0.33858267716535434,0.47,0
1.0,0.029411764705882353,0.029411764705882353,0.39763779527559057,0.01,0
1.0,0.013725490196078431,0.01568627450980392,1.0,0.0,0
1.0,0.00392156862745098,0.0058823529411764705,0.03543307086614173,0.1,0
1.0,0.0,0.00196078431372549,0.40551181102362205,0.01,0
0.0,0.0,0.0,1.0,0.0,0
1.0,0.00196078431372549,0.023529411764705882,0.09055118110236221,0.04,0
1.0,0.03725490196078431,0.03725490196078431,1.0,0.0,0
1.0,0.027450980392156862,0.027450980392156862,0.39763779527559057,0.01,0
1.0,0.013725490196078431,0.03725490196078431,1.0,0.0,0
1.0,0.01568627450980392,0.01568627450980392,0.14173228346456693,0.03,0
0.0,0.0,0.0,1.0,0.0,0
1.0,0.027450980392156862,0.03725490196078431,0.15748031496062992,0.02,0
0.0,0.0,0.0,1.0,0.0,0
1.0,0.0,0.0,0.4763779527559055,0.01,0
1.0,0.01764705882352941,0.01764705882352941,0.49606299212598426,0.01,0
0.0,1.0,1.0,1.0,1.0,1
1.0,0.00196078431372549,0.00196078431372549,0.08267716535433071,0.05,0
1.0,0.0,0.00196078431372549,0.003937007874015748,0.5,0
0.0,0.0,0.0,1.0,0.0,0
0.0,0.00196078431372549,0.00196078431372549,1.0,0.01,0
1.0,0.0058823529411764705,0.01568627450980392,1.0,0.0,0
1.0,0.023529411764705882,0.023529411764705882,0.047244094488188976,0.08,0
1.0,0.0058823529411764705,0.0058823529411764705,1.0,0.0,0
0.0,0.0,0.0,1.0,0.0,0
1.0,0.00392156862745098,0.00392156862745098,1.0,0.0,0
1.0,0.00784313725490196,0.011764705882352941,1.0,0.0,0
1.0,0.01568627450980392,0.056862745098039215,0.610236220472441,0.01,0
1.0,0.0784313725490196,0.0803921568627451,0.15748031496062992,0.02,0
1.0,0.01568627450980392,0.01568627450980392,0.1141732283464567,0.03,0
1.0,0.0196078431372549,0.0196078431372549,1.0,0.07,0
1.0,0.01764705882352941,0.023529411764705882,1.0,0.0,0
1.0,0.0058823529411764705,0.0058823529411764705,1.0,0.0,0
0.0,0.0,0.0,1.0,0.0,0
0.0,0.0,0.0,1.0,0.01,0
0.0,0.0,0.0,1.0,1.0,0
1.0,0.00196078431372549,0.00392156862745098,1.0,0.0,0
1.0,0.011764705882352941,0.011764705882352941,0.023622047244094488,0.14,0
1.0,0.00392156862745098,0.00392156862745098,1.0,0.0,0
1.0,0.021568627450980392,0.023529411764705882,1.0,0.0,0
1.0,0.03725490196078431,0.052941176470588235,1.0,0.0,0
0.0,1.0,1.0,1.0,1.0,1
1.0,0.025490196078431372,0.027450980392156862,0.051181102362204724,0.07,0
0.0,0.4764705882352941,0.03529411764705882,1.0,0.0,1
1.0,0.0058823529411764705,0.0058823529411764705,0.06692913385826772,0.06,0
1.0,0.0,0.00196078431372549,0.14960629921259844,0.03,0
1.0,0.0,0.0,1.0,0.0,0
1.0,0.00392156862745098,0.00392156862745098,0.5708661417322834,0.01,0
1.0,0.0058823529411764705,0.0058823529411764705,0.25196850393700787,0.02,0
1.0,0.029411764705882353,0.029411764705882353,1.0,0.0,0
1.0,0.023529411764705882,0.023529411764705882,0.047244094488188976,0.08,0
1.0,0.050980392156862744,0.056862745098039215,0.14566929133858267,0.03,0
1.0,0.049019607843137254,0.06274509803921569,1.0,0.0,0
0.0,0.0,0.0,1.0,1.0,0
0.0,0.0,0.0,0.8464566929133859,0.0,0
1.0,0.021568627450980392,0.023529411764705882,0.22440944881889763,0.02,0
1.0,0.0,0.0,0.3937007874015748,0.01,0
0.0,0.0,0.0,0.48031496062992124,0.01,0
1.0,0.0196078431372549,0.0196078431372549,1.0,0.0,0
0.0,0.0,0.0,0.0,1.0,0
1.0,0.03137254901960784,0.03137254901960784,0.06299212598425197,0.06,0
1.0,0.09019607843137255,0.09411764705882353,1.0,0.0,0
1.0,0.0058823529411764705,0.0058823529411764705,0.9606299212598425,0.0,0
1.0,0.0,0.0058823529411764705,0.65748031496063,0.01,0
1.0,0.013725490196078431,0.013725490196078431,0.15354330708661418,0.03,0
1.0,0.01764705882352941,0.01764705882352941,1.0,0.0,0
0.0,0.0,0.0,0.011811023622047244,0.25,0
0.0,1.0,1.0,1.0,1.0,1
0.0,0.00196078431372549,0.0058823529411764705,1.0,0.0,0
1.0,0.00980392156862745,0.00980392156862745,1.0,0.0,0
0.0,0.0,0.0,0.24015748031496062,1.0,0
1.0,0.0,0.0,0.003937007874015748,0.5,0
1.0,0.0,0.00196078431372549,0.6417322834645669,0.01,0
1.0,0.0,0.06666666666666667,0.0,1.0,0
1.0,0.06470588235294118,0.06470588235294118,1.0,0.0,0
1.0,0.00784313725490196,0.011764705882352941,0.47244094488188976,0.01,0
0.0,0.00784313725490196,0.0,1.0,1.0,0
0.0,0.9235294117647059,0.9235294117647059,1.0,1.0,1
0.0,0.0,0.0,1.0,0.95,0
1.0,0.0,0.0,0.023622047244094488,0.14,0
0.0,1.0,1.0,1.0,1.0,1
1.0,0.0,0.00196078431372549,0.003937007874015748,0.5,0
0.0,0.0,0.021568627450980392,0.4921259842519685,0.11,0
0.0,0.5196078431372549,0.03137254901960784,1.0,0.0,1
0.0,0.0,0.0,0.1377952755905512,0.03,0
1.0,0.00784313725490196,0.00980392156862745,0.08661417322834646,0.04,0
1.0,0.0,0.0,0.2637795275590551,0.06,0
0.0,1.0,1.0,1.0,1.0,1
1.0,0.0,0.050980392156862744,0.007874015748031496,0.33,0
0.0,1.0,1.0,1.0,1.0,1
0.0,0.0,0.0,1.0,0.0,0
1.0,0.00196078431372549,0.00196078431372549,0.43700787401574803,0.01,0
0.0,0.0,0.0,0.01968503937007874,0.17,0
0.0,1.0,1.0,1.0,1.0,1
1.0,0.021568627450980392,0.021568627450980392,0.04330708661417323,0.08,0
0.0,0.09803921568627451,0.25098039215686274,0.4251968503937008,0.83,0
1.0,0.052941176470588235,0.054901960784313725,1.0,0.0,0
1.0,0.00784313725490196,0.00784313725490196,1.0,0.0,0
0.0,1.0,1.0,1.0,1.0,1
0.0,0.0,0.0,1.0,0.95,0
0.0,0.0,0.00392156862745098,0.3110236220472441,0.82,0
1.0,0.023529411764705882,0.023529411764705882,1.0,0.0,0
1.0,0.00196078431372549,0.00392156862745098,0.5118110236220472,0.01,0
1.0,0.00196078431372549,0.00196078431372549,0.2047244094488189,0.11,0
0.0,0.28431372549019607,0.01568627450980392,1.0,0.0,1
0.0,1.0,1.0,1.0,1.0,1
1.0,0.07254901960784314,0.07254901960784314,1.0,0.0,0
1.0,0.0196078431372549,0.021568627450980392,0.1141732283464567,0.03,0
1.0,0.00196078431372549,0.056862745098039215,0.594488188976378,0.01,0
0.0,1.0,1.0,1.0,1.0,1
0.0,0.01764705882352941,0.03529411764705882,1.0,0.0,0
0.0,0.00196078431372549,0.00196078431372549,1.0,0.01,0
0.0,0.01568627450980392,0.027450980392156862,1.0,0.0,0
0.0,0.0,0.0,1.0,0.95,0
1.0,0.054901960784313725,0.054901960784313725,1.0,0.0,0
0.0,0.029411764705882353,0.050980392156862744,1.0,0.0,0
0.0,0.0,0.0,0.0,1.0,0
1.0,0.00392156862745098,0.11176470588235295,0.7440944881889764,0.01,0
1.0,0.0,0.0,1.0,0.0,0
1.0,0.00980392156862745,0.00980392156862745,1.0,0.0,0
0.0,1.0,1.0,1.0,1.0,1
1.0,0.021568627450980392,0.06666666666666667,0.3110236220472441,0.01,0
1.0,0.01568627450980392,0.049019607843137254,1.0,0.0,0
1.0,0.013725490196078431,0.01568627450980392,0.6062992125984252,0.01,0
1.0,0.00196078431372549,0.00196078431372549,0.17716535433070865,0.02,0
0.0,0.21764705882352942,0.03529411764705882,1.0,0.0,1
1.0,0.045098039215686274,0.045098039215686274,0.1220472440944882,0.94,0
1.0,0.00784313725490196,0.00784313725490196,0.14960629921259844,0.03,0
1.0,0.00392156862745098,0.00392156862745098,0.06692913385826772,0.06,0
0.0,0.2725490196078431,0.03725490196078431,1.0,0.0,1
1.0,0.049019607843137254,0.09803921568627451,1.0,0.0,0
0.0,0.00196078431372549,0.00196078431372549,1.0,0.01,0
1.0,0.0,0.021568627450980392,1.0,0.0,0
0.0,0.0,0.0,0.011811023622047244,0.25,0
1.0,0.01568627450980392,0.01568627450980392,0.06299212598425197,0.06,0
1.0,0.050980392156862744,0.054901960784313725,1.0,0.0,0
1.0,0.00392156862745098,0.00392156862745098,0.007874015748031496,0.33,0
1.0,0.0,0.0,0.5866141732283464,0.01,0
1.0,0.047058823529411764,0.050980392156862744,0.20866141732283464,0.02,0
0.0,0.22156862745098038,0.021568627450980392,1.0,0.0,1
1.0,0.0,0.023529411764705882,0.011811023622047244,0.25,0
1.0,0.0058823529411764705,0.0058823529411764705,1.0,0.0,0
1.0,0.03137254901960784,0.03137254901960784,0.9960629921259843,0.0,0
0.0,1.0,1.0,1.0,1.0,1
0.0,0.021568627450980392,0.025490196078431372,1.0,0.13,0
1.0,0.0,0.00196078431372549,0.5433070866141733,0.01,0
0.0,0.0,0.00980392156862745,1.0,0.0,0
1.0,0.00392156862745098,0.00980392156862745,1.0,0.0,0
1.0,0.029411764705882353,0.029411764705882353,0.4763779527559055,0.01,0
0.0,0.9980392156862745,0.9980392156862745,1.0,1.0,1
1.0,0.00784313725490196,0.011764705882352941,0.015748031496062992,0.2,0
1.0,0.01568627450980392,0.01568627450980392,0.4409448818897638,0.01,0
1.0,0.029411764705882353,0.029411764705882353,1.0,0.0,0
1.0,0.0,0.0,0.03937007874015748,0.09,0
1.0,0.0,0.0,1.0,0.0,0
0.0,1.0,1.0,1.0,1.0,1
0.0,0.0,0.0,0.17716535433070865,0.02,0
1.0,0.047058823529411764,0.06274509803921569,1.0,0.0,0
0.0,0.21568627450980393,0.011764705882352941,1.0,0.0,1
1.0,0.025490196078431372,0.029411764705882353,1.0,0.0,0
1.0,0.0196078431372549,0.050980392156862744,0.08661417322834646,0.04,0
1.0,0.00784313725490196,0.00784313725490196,1.0,0.0,0
0.0,0.2901960784313726,0.4470588235294118,1.0,0.0,0
0.0,0.0,0.0,1.0,0.0,0
0.0,0.39019607843137255,0.011764705882352941,1.0,0.0,1
1.0,0.00196078431372549,0.00392156862745098,1.0,0.0,0
1.0,0.00196078431372549,0.00196078431372549,0.10236220472440945,0.04,0
0.0,1.0,1.0,1.0,1.0,1
1.0,0.0,0.0,0.051181102362204724,0.07,0
0.0,0.041176470588235294,0.06470588235294118,1.0,0.0,0
1.0,0.0,0.00196078431372549,0.9488188976377953,0.0,0
0.0,1.0,1.0,1.0,1.0,1
0.0,1.0,1.0,1.0,1.0,1
1.0,0.00392156862745098,0.00980392156862745,0.7165354330708661,0.01,0
1.0,0.0,0.00196078431372549,0.18503937007874016,0.02,0
1.0,0.0,0.0,1.0,0.0,0
1.0,0.027450980392156862,0.027450980392156862,1.0,0.0,0
1.0,0.01568627450980392,0.01568627450980392,0.4015748031496063,0.01,0
0.0,0.0,0.0,1.0,1.0,0
0.0,1.0,1.0,1.0,1.0,1
0.0,1.0,1.0,1.0,1.0,1
1.0,0.0,0.0,1.0,0.0,0
0.0,0.0,0.0,0.003937007874015748,0.5,0
1.0,0.00784313725490196,0.00784313725490196,0.015748031496062992,0.2,0
1.0,0.011764705882352941,0.060784313725490195,0.5669291338582677,0.01,0
1.0,0.00784313725490196,0.01568627450980392,1.0,0.0,0
0.0,0.0,0.0,1.0,0.01,0
1.0,0.00196078431372549,0.0,0.9291338582677166,0.3,0
0.0,0.06274509803921569,0.2196078431372549,1.0,0.0,0
0.0,0.00196078431372549,0.00196078431372549,1.0,0.01,0
0.0,0.00196078431372549,0.00196078431372549,1.0,0.01,0
1.0,0.013725490196078431,0.013725490196078431,1.0,0.0,0
0.0,0.025490196078431372,0.029411764705882353,1.0,0.0,0
1.0,0.029411764705882353,0.029411764705882353,0.7125984251968503,0.01,0
1.0,0.03333333333333333,0.03333333333333333,0.3543307086614173,0.01,0
1.0,0.025490196078431372,0.025490196078431372,0.5905511811023622,0.01,0
0.0,0.00196078431372549,0.00196078431372549,0.28346456692913385,0.59,0
1.0,0.03725490196078431,0.0392156862745098,0.07480314960629922,0.05,0
1.0,0.01568627450980392,0.01568627450980392,1.0,0.0,0
1.0,0.0058823529411764705,0.0784313725490196,0.5551181102362205,0.01,0
0.0,0.28823529411764703,0.03725490196078431,1.0,0.0,1
1.0,0.0,0.0,1.0,0.0,0
0.0,0.9980392156862745,0.9980392156862745,1.0,1.0,1
0.0,1.0,1.0,1.0,1.0,1
1.0,0.01568627450980392,0.01568627450980392,1.0,0.0,0
0.0,0.0,0.0,1.0,0.0,0
1.0,0.011764705882352941,0.011764705882352941,1.0,0.0,0
0.0,0.0,0.0,1.0,0.0,0
1.0,0.0,0.0,1.0,0.0,0
1.0,0.021568627450980392,0.021568627450980392,1.0,0.0,0
0.0,0.0,0.0,0.12992125984251968,0.03,0
1.0,0.00980392156862745,0.00980392156862745,1.0,0.0,0
1.0,0.0,0.0,1.0,0.01,0
1.0,0.00196078431372549,0.00196078431372549,0.7598425196850394,0.01,0
1.0,0.029411764705882353,0.056862745098039215,1.0,0.0,0
0.0,0.0,0.0,0.17716535433070865,1.0,0
1.0,0.0,0.0,0.8818897637795275,0.0,0
1.0,0.0,0.0,0.0,1.0,0
1.0,0.060784313725490195,0.12745098039215685,0.13385826771653545,0.03,0
1.0,0.027450980392156862,0.03725490196078431,0.05511811023622047,0.07,0
0.0,0.0,0.0,0.0,1.0,0
1.0,0.00980392156862745,0.021568627450980392,0.3425196850393701,0.01,0
0.0,0.0,0.0,1.0,0.99,0
1.0,0.03137254901960784,0.03333333333333333,1.0,0.0,0
0.0,0.0,0.0,1.0,0.0,0
0.0,0.0,0.0,1.0,0.93,0
0.0,0.0,0.0,0.015748031496062992,0.2,0
1.0,0.00980392156862745,0.013725490196078431,0.015748031496062992,0.2,0
1.0,0.023529411764705882,0.027450980392156862,0.33070866141732286,0.01,0
1.0,0.0,0.00196078431372549,1.0,0.0,0
1.0,0.01764705882352941,0.01764705882352941,1.0,0.0,0
1.0,0.0,0.00196078431372549,0.35826771653543305,0.01,0
0.0,0.0,0.0,1.0,0.0,0
1.0,0.0,0.0058823529411764705,0.35826771653543305,0.01,0
0.0,0.0,0.0,1.0,0.0,0
1.0,0.025490196078431372,0.025490196078431372,0.7834645669291339,0.44,0
1.0,0.00196078431372549,0.00196078431372549,0.003937007874015748,0.5,0
1.0,0.00392156862745098,0.00980392156862745,0.22440944881889763,0.02,0
1.0,0.027450980392156862,0.027450980392156862,0.05511811023622047,0.07,0
0.0,0.0,0.0,1.0,0.0,0
0.0,0.0058823529411764705,0.00980392156862745,1.0,0.01,0
1.0,0.00784313725490196,0.00784313725490196,1.0,0.0,0
1.0,0.013725490196078431,0.013725490196078431,0.031496062992125984,0.11,0
1.0,0.0,0.0,0.07874015748031496,0.05,0
0.0,0.9980392156862745,0.9980392156862745,1.0,1.0,1
1.0,0.011764705882352941,0.011764705882352941,1.0,0.01,0
1.0,0.00980392156862745,0.00980392156862745,0.20078740157480315,0.02,0
0.0,0.0,0.0,1.0,0.01,0
0.0,0.025490196078431372,0.08627450980392157,0.25984251968503935,0.01,0
1.0,0.052941176470588235,0.052941176470588235,0.7125984251968503,0.01,0
0.0,0.0,0.0,1.0,1.0,1
0.0,0.0,0.0,0.2047244094488189,1.0,0
1.0,0.00784313725490196,0.0058823529411764705,0.19291338582677164,0.56,0
0.0,0.0,0.0,1.0,0.0,0
1.0,0.0,0.0,1.0,0.0,0
0.0,1.0,1.0,1.0,1.0,1
1.0,0.01764705882352941,0.023529411764705882,1.0,0.0,0
1.0,0.00196078431372549,0.00196078431372549,0.594488188976378,0.01,0
1.0,0.01764705882352941,0.06862745098039216,0.421259842519685,0.01,0
1.0,0.0,0.0,0.41338582677165353,0.01,0
0.0,0.0,0.0,1.0,0.0,0
0.0,1.0,1.0,1.0,1.0,1
1.0,0.0058823529411764705,0.0058823529411764705,0.4881889763779528,0.32,0
1.0,0.027450980392156862,0.027450980392156862,1.0,0.0,0
0.0,1.0,1.0,1.0,1.0,1
0.0,0.0058823529411764705,0.00196078431372549,1.0,0.93,0
1.0,0.00196078431372549,0.0058823529411764705,0.5787401574803149,0.01,0
0.0,0.9509803921568627,0.9509803921568627,1.0,1.0,1
1.0,0.0,0.00196078431372549,0.01968503937007874,0.17,0
1.0,0.011764705882352941,0.01764705882352941,1.0,0.0,0
1.0,0.011764705882352941,0.01764705882352941,0.20078740157480315,0.02,0
0.0,1.0,1.0,1.0,1.0,1
1.0,0.027450980392156862,0.027450980392156862,0.05511811023622047,0.07,0
1.0,0.00784313725490196,0.0803921568627451,0.23228346456692914,0.02,0
1.0,0.0,0.00784313725490196,1.0,0.0,0
0.0,0.0,0.0,1.0,0.01,0
1.0,0.047058823529411764,0.060784313725490195,1.0,0.0,0
0.0,0.0,0.0,1.0,1.0,0
1.0,0.00784313725490196,0.00980392156862745,0.452755905511811,0.01,1
0.0,0.0,0.0,1.0,0.0,0
0.0,0.0,0.00196078431372549,0.011811023622047244,0.25,0
1.0,0.045098039215686274,0.045098039215686274,1.0,0.0,0
1.0,0.0,0.0,0.0,1.0,0
1.0,0.027450980392156862,0.027450980392156862,0.44881889763779526,0.01,0
1.0,0.00784313725490196,0.01568627450980392,1.0,0.0,0
1.0,0.0,0.0,0.0,0.0,0
0.0,0.0,0.0,1.0,1.0,0
1.0,0.0058823529411764705,0.00980392156862745,0.23228346456692914,0.02,0
1.0,0.01568627450980392,0.01568627450980392,1.0,0.0,0
1.0,0.025490196078431372,0.025490196078431372,0.13385826771653545,0.03,0
1.0,0.00784313725490196,0.00784313725490196,0.09055118110236221,0.04,0
1.0,0.021568627450980392,0.03333333333333333,1.0,0.0,0
0.0,0.00392156862745098,0.0,1.0,0.98,0
1.0,0.045098039215686274,0.08235294117647059,1.0,0.0,0
1.0,0.01568627450980392,0.027450980392156862,0.5787401574803149,0.01,0
0.0,0.029411764705882353,0.18627450980392157,1.0,0.0,0
1.0,0.049019607843137254,0.049019607843137254,1.0,0.0,0
1.0,0.00392156862745098,0.00392156862745098,0.23228346456692914,0.02,0
1.0,0.021568627450980392,0.021568627450980392,0.04330708661417323,0.08,0
1.0,0.00392156862745098,0.00392156862745098,1.0,0.0,1
0.0,0.0,0.0,1.0,1.0,0
1.0,0.013725490196078431,0.013725490196078431,0.27165354330708663,0.01,0
1.0,0.01568627450980392,0.01568627450980392,1.0,0.0,0
1.0,0.047058823529411764,0.047058823529411764,0.46062992125984253,0.01,0
1.0,0.00196078431372549,0.0058823529411764705,0.03543307086614173,0.1,0
1.0,0.054901960784313725,0.054901960784313725,1.0,0.0,0
1.0,0.00980392156862745,0.013725490196078431,0.8740157480314961,0.0,0
0.0,0.5862745098039216,0.03725490196078431,1.0,0.0,1
0.0,0.0,0.0,1.0,0.01,0
1.0,0.056862745098039215,0.056862745098039215,1.0,0.0,0
0.0,0.0,0.00196078431372549,0.003937007874015748,0.5,0
1.0,0.0058823529411764705,0.0058823529411764705,0.07480314960629922,0.05,0
1.0,0.00196078431372549,0.00196078431372549,0.5275590551181102,0.01,0
1.0,0.0,0.0,0.16535433070866143,0.02,0
0.0,0.06274509803921569,0.2196078431372549,1.0,0.01,0
0.0,0.0,0.0,0.015748031496062992,0.2,0
1.0,0.050980392156862744,0.050980392156862744,1.0,0.0,0
1.0,0.0,0.0,1.0,0.0,0
0.0,0.00196078431372549,0.00196078431372549,1.0,0.1,0
1.0,0.00980392156862745,0.011764705882352941,1.0,0.0,0
1.0,0.00196078431372549,0.00196078431372549,0.610236220472441,0.01,0
1.0,0.0,0.0,1.0,0.0,0
1.0,0.013725490196078431,0.01568627450980392,0.5354330708661418,0.01,0
1.0,0.023529411764705882,0.023529411764705882,0.047244094488188976,0.08,0
1.0,0.03333333333333333,0.03529411764705882,0.5590551181102362,0.01,0
1.0,0.00392156862745098,0.00392156862745098,1.0,0.0,0
0.0,0.6137254901960785,0.6137254901960785,1.0,0.0,0
1.0,0.01568627450980392,0.01764705882352941,1.0,0.0,0
1.0,0.0,0.025490196078431372,0.003937007874015748,0.5,0
1.0,0.0392156862745098,0.045098039215686274,1.0,0.0,0
0.0,0.0,0.0,0.16535433070866143,1.0,0
1.0,0.0,0.0,0.015748031496062992,0.2,0
1.0,0.0,0.0,0.1220472440944882,0.03,0
1.0,0.0,0.021568627450980392,1.0,0.0,0
1.0,0.00784313725490196,0.00784313725490196,0.06692913385826772,0.06,0
1.0,0.01568627450980392,0.01764705882352941,0.0984251968503937,0.04,0
1.0,0.00196078431372549,0.00392156862745098,0.3700787401574803,0.01,0
1.0,0.021568627450980392,0.021568627450980392,0.5984251968503937,0.01,0
1.0,0.0196078431372549,0.0196078431372549,1.0,0.0,0
1.0,0.03529411764705882,0.03529411764705882,0.3937007874015748,0.01,0
1.0,0.013725490196078431,0.013725490196078431,0.7362204724409449,0.01,0
1.0,0.021568627450980392,0.021568627450980392,0.3228346456692913,0.01,0
0.0,0.00196078431372549,0.00196078431372549,1.0,1.0,0
1.0,0.06470588235294118,0.06470588235294118,0.28346456692913385,0.01,0
0.0,0.00784313725490196,0.01764705882352941,0.051181102362204724,0.57,0
1.0,0.01568627450980392,0.023529411764705882,1.0,0.0,0
0.0,1.0,1.0,1.0,1.0,1
0.0,0.9117647058823529,0.9117647058823529,1.0,1.0,1
1.0,0.00196078431372549,0.00392156862745098,0.0984251968503937,0.04,0
1.0,0.011764705882352941,0.013725490196078431,0.023622047244094488,0.14,0
1.0,0.03137254901960784,0.03725490196078431,1.0,0.0,0
0.0,0.0,0.0,1.0,0.0,0
0.0,0.0,0.01764705882352941,0.65748031496063,0.01,0
0.0,0.00196078431372549,0.00196078431372549,1.0,0.01,0
1.0,0.0,0.0,0.35826771653543305,0.01,0
1.0,0.00980392156862745,0.013725490196078431,1.0,0.0,0
0.0,0.00196078431372549,0.00196078431372549,1.0,0.99,0
1.0,0.0058823529411764705,0.00980392156862745,0.011811023622047244,0.25,0
1.0,0.058823529411764705,0.06274509803921569,1.0,0.0,0
1.0,0.0,0.0,0.2874015748031496,0.01,0
0.0,0.0,0.0,1.0,0.0,0
1.0,0.00392156862745098,0.025490196078431372,0.9803149606299213,0.0,0
1.0,0.00392156862745098,0.00392156862745098,1.0,0.0,0
1.0,0.0058823529411764705,0.00784313725490196,0.4921259842519685,0.01,0
0.0,0.0,0.0,0.08267716535433071,0.05,0
1.0,0.0,0.0,0.5748031496062992,0.01,0
1.0,0.029411764705882353,0.029411764705882353,1.0,0.0,0
0.0,1.0,1.0,1.0,1.0,1
1.0,0.03529411764705882,0.03529411764705882,1.0,0.01,0
1.0,0.0058823529411764705,0.01568627450980392,0.5708661417322834,0.01,0
1.0,0.00392156862745098,0.00392156862745098,1.0,0.0,0
0.0,1.0,1.0,1.0,1.0,1
1.0,0.03529411764705882,0.03529411764705882,1.0,0.0,0
1.0,0.0,0.0,0.2440944881889764,0.02,0
1.0,0.01568627450980392,0.01568627450980392,1.0,0.0,0
0.0,0.0058823529411764705,0.00196078431372549,1.0,0.99,0
1.0,0.01568627450980392,0.01568627450980392,1.0,0.01,0
1.0,0.056862745098039215,0.056862745098039215,0.1220472440944882,0.03,0
1.0,0.0,0.00196078431372549,0.49606299212598426,0.01,0
0.0,0.0,0.0,1.0,0.0,0
1.0,0.0,0.01568627450980392,0.32677165354330706,0.01,0
1.0,0.0,0.00392156862745098,0.2952755905511811,0.01,0
0.0,0.0,0.0,0.007874015748031496,0.33,0
1.0,0.00196078431372549,0.00196078431372549,0.3700787401574803,0.12,0
0.0,0.2901960784313726,0.021568627450980392,1.0,0.0,1
1.0,0.0,0.0,0.889763779527559,0.0,0
1.0,0.00392156862745098,0.011764705882352941,0.17716535433070865,0.02,0
0.0,1.0,1.0,1.0,1.0,1
1.0,0.025490196078431372,0.029411764705882353,1.0,0.0,0
0.0,1.0,1.0,1.0,1.0,1
1.0,0.0,0.052941176470588235,0.1732283464566929,0.02,0
0.0,0.0,0.0,0.023622047244094488,0.14,0
0.0,0.0,0.0,0.6377952755905512,0.01,0
1.0,0.0058823529411764705,0.025490196078431372,1.0,0.0,0
0.0,0.9980392156862745,0.9980392156862745,1.0,1.0,1
1.0,0.049019607843137254,0.10980392156862745,1.0,0.0,0
1.0,0.0058823529411764705,0.0058823529411764705,0.1062992125984252,0.04,0
1.0,0.049019607843137254,0.06274509803921569,1.0,0.0,0
1.0,0.00784313725490196,0.01568627450980392,1.0,0.0,0
1.0,0.01568627450980392,0.023529411764705882,1.0,0.0,0
1.0,0.021568627450980392,0.021568627450980392,0.15354330708661418,0.03,0
1.0,0.01568627450980392,0.0196078431372549,0.031496062992125984,0.11,0
1.0,0.027450980392156862,0.027450980392156862,1.0,0.0,0
1.0,0.00784313725490196,0.00784313725490196,0.015748031496062992,0.2,0
0.0,0.0,0.0,0.0,1.0,0
0.0,0.0,0.0,0.0984251968503937,0.04,0
1.0,0.011764705882352941,0.013725490196078431,0.15354330708661418,0.03,0
1.0,0.01568627450980392,0.01568627450980392,1.0,0.0,0
0.0,0.0,0.0,1.0,0.0,0
1.0,0.0,0.0,0.5236220472440944,0.01,0
0.0,0.0,0.0,0.3228346456692913,0.84,0
1.0,0.00196078431372549,0.03137254901960784,0.1732283464566929,0.02,0
0.0,1.0,1.0,1.0,1.0,1
1.0,0.00392156862745098,0.00392156862745098,0.007874015748031496,0.33,0
0.0,0.0,0.0,1.0,0.0,0
1.0,0.00392156862745098,0.00392156862745098,0.1062992125984252,0.04,0
0.0,0.0,0.0,1.0,0.0,0
1.0,0.00392156862745098,0.0196078431372549,0.007874015748031496,0.33,0
1.0,0.0,0.0,0.7677165354330708,0.01,0
1.0,0.01764705882352941,0.01764705882352941,1.0,0.0,0
0.0,0.011764705882352941,0.03333333333333333,1.0,0.01,0
0.0,0.20392156862745098,0.00980392156862745,1.0,0.0,1
0.0,0.0,0.0,0.13385826771653545,1.0,0
0.0,0.9980392156862745,0.9980392156862745,1.0,1.0,1
1.0,0.00196078431372549,0.00196078431372549,1.0,0.0,0
1.0,0.00784313725490196,0.06666666666666667,1.0,0.0,0
1.0,0.03137254901960784,0.03137254901960784,0.06299212598425197,0.06,0
1.0,0.029411764705882353,0.029411764705882353,1.0,0.0,0
0.0,0.011764705882352941,0.00980392156862745,1.0,0.1,0
1.0,0.011764705882352941,0.021568627450980392,0.2795275590551181,0.01,0
0.0,0.0,0.0,0.12992125984251968,1.0,0
0.0,0.0,0.0,0.003937007874015748,0.5,0
0.0,0.0,0.0,0.007874015748031496,0.33,0
0.0,1.0,1.0,1.0,1.0,1
0.0,0.0,0.0,1.0,0.98,0
0.0,1.0,1.0,1.0,1.0,1
1.0,0.03725490196078431,0.043137254901960784,0.15748031496062992,0.02,0
1.0,0.00784313725490196,0.011764705882352941,0.06692913385826772,0.06,0
1.0,0.06470588235294118,0.06862745098039216,1.0,0.0,0
0.0,0.00392156862745098,0.0,1.0,0.97,0
0.0,0.42745098039215684,0.013725490196078431,1.0,0.0,1
1.0,0.06274509803921569,0.06274509803921569,1.0,0.0,0
0.0,0.0058823529411764705,0.011764705882352941,1.0,0.0,0
1.0,0.01568627450980392,0.01764705882352941,0.6653543307086615,0.01,0
1.0,0.011764705882352941,0.011764705882352941,1.0,0.0,0
1.0,0.03725490196078431,0.0392156862745098,1.0,0.0,0
1.0,0.00196078431372549,0.00196078431372549,0.2795275590551181,0.43,0
1.0,0.03333333333333333,0.03529411764705882,0.06692913385826772,0.06,0
1.0,0.011764705882352941,0.011764705882352941,0.2677165354330709,0.01,0
1.0,0.00392156862745098,0.00392156862745098,1.0,0.0,0
1.0,0.01568627450980392,0.01568627450980392,0.7204724409448819,0.01,0
0.0,0.0,0.00196078431372549,0.023622047244094488,0.14,0
1.0,0.03725490196078431,0.0392156862745098,0.07480314960629922,0.05,0
1.0,0.01568627450980392,0.01568627450980392,0.07480314960629922,0.05,0
1.0,0.023529411764705882,0.023529411764705882,0.27165354330708663,0.01,0
1.0,0.021568627450980392,0.021568627450980392,0.07480314960629922,0.05,0
1.0,0.0,0.00196078431372549,0.10236220472440945,0.04,0
1.0,0.0,0.0,0.3700787401574803,0.01,0
1.0,0.0,0.0,1.0,0.0,0
0.0,1.0,1.0,1.0,1.0,1
0.0,0.0,0.03333333333333333,0.7047244094488189,0.12,0
0.0,0.0,0.0,0.015748031496062992,0.2,0
1.0,0.00196078431372549,0.00196078431372549,1.0,0.0,0
1.0,0.0,0.00196078431372549,0.24015748031496062,0.02,0
1.0,0.021568627450980392,0.025490196078431372,0.1732283464566929,0.02,0
1.0,0.00196078431372549,0.00196078431372549,1.0,0.0,0
1.0,0.0,0.0,0.051181102362204724,0.07,0
1.0,0.0,0.0,1.0,0.0,0
1.0,0.03137254901960784,0.03333333333333333,1.0,0.0,0
0.0,0.0,0.0,1.0,0.0,0
0.0,0.0,0.0,0.7677165354330708,1.0,0
1.0,0.00196078431372549,0.00196078431372549,0.007874015748031496,0.33,0
1.0,0.043137254901960784,0.09803921568627451,0.47244094488188976,0.02,0
1.0,0.00392156862745098,0.00392156862745098,1.0,0.0,0
0.0,0.0,0.0,1.0,0.0,0
0.0,0.00392156862745098,0.0,1.0,0.98,0
0.0,0.00196078431372549,0.00196078431372549,1.0,0.01,0
1.0,0.0058823529411764705,0.0058823529411764705,0.05905511811023622,0.06,0
1.0,0.011764705882352941,0.049019607843137254,1.0,0.0,0
0.0,1.0,1.0,1.0,1.0,1
1.0,0.00784313725490196,0.00784313725490196,1.0,0.0,0
1.0,0.01568627450980392,0.01568627450980392,0.031496062992125984,0.11,0
1.0,0.011764705882352941,0.011764705882352941,0.031496062992125984,0.11,0
1.0,0.0,0.0,1.0,0.03,0
1.0,0.011764705882352941,0.011764705882352941,1.0,0.0,0
1.0,0.0,0.00196078431372549,0.6653543307086615,0.01,0
1.0,0.0,0.0058823529411764705,0.16141732283464566,0.02,0
1.0,0.0392156862745098,0.0392156862745098,1.0,0.0,0
1.0,0.06862745098039216,0.07647058823529412,1.0,0.0,0
0.0,0.00196078431372549,0.00196078431372549,0.06299212598425197,0.47,0
1.0,0.07058823529411765,0.07058823529411765,0.46062992125984253,0.01,0
1.0,0.00784313725490196,0.00784313725490196,0.07086614173228346,0.05,0
1.0,0.0,0.0,0.023622047244094488,0.14,0
0.0,0.46078431372549017,0.00196078431372549,1.0,0.0,1
1.0,0.0,0.00392156862745098,1.0,0.0,0
1.0,0.011764705882352941,0.011764705882352941,0.023622047244094488,0.14,0
0.0,1.0,1.0,1.0,1.0,1
0.0,0.021568627450980392,0.021568627450980392,0.14566929133858267,1.0,0
0.0,1.0,1.0,1.0,1.0,1
1.0,0.049019607843137254,0.056862745098039215,1.0,0.0,0
1.0,0.00196078431372549,0.00392156862745098,0.003937007874015748,0.5,0
1.0,0.041176470588235294,0.041176470588235294,0.08267716535433071,0.05,0
1.0,0.06274509803921569,0.06274509803921569,0.8503937007874016,0.0,0
1.0,0.00392156862745098,0.00392156862745098,0.031496062992125984,0.11,0
0.0,0.884313725490196,0.884313725490196,1.0,1.0,1
1.0,0.0,0.0,1.0,0.0,0
1.0,0.03725490196078431,0.03725490196078431,0.19291338582677164,0.02,0
1.0,0.0,0.0,1.0,0.0,0
0.0,0.025490196078431372,0.025490196078431372,0.1377952755905512,0.03,0
0.0,0.06862745098039216,0.22549019607843138,1.0,0.0,0
0.0,0.0,0.0,1.0,1.0,0
1.0,0.023529411764705882,0.045098039215686274,0.047244094488188976,0.08,0
1.0,0.00980392156862745,0.011764705882352941,1.0,0.0,0
1.0,0.0,0.0,0.36220472440944884,0.01,0
1.0,0.00196078431372549,0.00196078431372549,0.25196850393700787,0.02,0
1.0,0.011764705882352941,0.011764705882352941,0.24015748031496062,0.02,0
1.0,0.0,0.0,0.44881889763779526,0.01,0
1.0,0.0,0.0,1.0,0.0,0
0.0,0.0,0.0,0.5236220472440944,0.6,0
1.0,0.0,0.0,1.0,0.0,0
1.0,0.021568627450980392,0.09607843137254903,1.0,0.0,0
1.0,0.00392156862745098,0.00392156862745098,0.5354330708661418,0.01,0
0.0,0.2784313725490196,0.03725490196078431,1.0,0.0,1
0.0,0.9980392156862745,0.9980392156862745,1.0,1.0,1
1.0,0.0,0.0,1.0,0.0,0
1.0,0.0,0.00196078431372549,0.21653543307086615,0.02,0
1.0,0.0058823529411764705,0.0058823529411764705,1.0,0.0,0
0.0,0.5509803921568628,0.023529411764705882,1.0,0.0,1
1.0,0.0,0.0,0.0,1.0,1
1.0,0.0,0.0,1.0,0.0,0
1.0,0.0,0.054901960784313725,0.03937007874015748,0.09,0
0.0,0.0,0.0,0.14173228346456693,0.03,0
0.0,0.0,0.0,1.0,0.99,0
1.0,0.03333333333333333,0.03529411764705882,0.06692913385826772,0.06,0
1.0,0.011764705882352941,0.011764705882352941,1.0,0.0,0
0.0,0.5549019607843138,0.027450980392156862,1.0,0.0,1
0.0,0.0,0.0,0.18110236220472442,0.02,0
1.0,0.01764705882352941,0.01764705882352941,0.16141732283464566,0.02,0
1.0,0.011764705882352941,0.011764705882352941,1.0,0.0,0
1.0,0.0,0.00196078431372549,0.015748031496062992,0.2,0
1.0,0.023529411764705882,0.03529411764705882,0.5354330708661418,0.01,0
0.0,0.0,0.0,1.0,0.95,0
1.0,0.0392156862745098,0.0392156862745098,0.38976377952755903,0.74,0
1.0,0.0,0.00196078431372549,0.40551181102362205,0.01,0
1.0,0.00784313725490196,0.00784313725490196,0.9409448818897638,0.0,0
0.0,0.03333333333333333,0.03333333333333333,1.0,0.0,0
1.0,0.00392156862745098,0.00392156862745098,1.0,0.0,0
1.0,0.013725490196078431,0.013725490196078431,0.027559055118110236,0.12,0
0.0,0.0,0.0,1.0,0.0,0
0.0,1.0,1.0,1.0,1.0,1
0.0,0.043137254901960784,0.043137254901960784,0.27165354330708663,0.01,0
1.0,0.0,0.00196078431372549,0.03937007874015748,0.09,0
1.0,0.027450980392156862,0.027450980392156862,0.1889763779527559,0.55,0
1.0,0.0,0.00196078431372549,1.0,0.0,0
0.0,0.8705882352941177,0.8705882352941177,1.0,1.0,1
0.0,0.0,0.0,0.01968503937007874,0.17,0
0.0,0.013725490196078431,0.025490196078431372,0.32677165354330706,0.01,0
1.0,0.03333333333333333,0.12941176470588237,1.0,0.0,0
0.0,0.0,0.0,1.0,0.0,0
1.0,0.01764705882352941,0.01764705882352941,1.0,0.0,0
1.0,0.0,0.0,0.25984251968503935,0.01,0
1.0,0.011764705882352941,0.050980392156862744,1.0,0.0,0
1.0,0.0,0.0,0.594488188976378,0.01,0
1.0,0.03529411764705882,0.15490196078431373,1.0,0.0,0
1.0,0.013725490196078431,0.013725490196078431,0.027559055118110236,0.12,0
0.0,0.00392156862745098,0.00196078431372549,1.0,1.0,0
0.0,0.011764705882352941,0.0,1.0,0.0,0
0.0,1.0,1.0,1.0,1.0,1
1.0,0.0,0.0,0.0,1.0,0
1.0,0.01764705882352941,0.01764705882352941,1.0,0.0,0
1.0,0.00196078431372549,0.00196078431372549,0.003937007874015748,0.5,0
0.0,0.0,0.0,1.0,1.0,0
0.0,0.0392156862745098,0.1568627450980392,1.0,0.0,0
1.0,0.025490196078431372,0.025490196078431372,0.6692913385826772,0.01,0
0.0,0.0,0.0,1.0,1.0,0
1.0,0.07450980392156863,0.07450980392156863,1.0,0.0,0
1.0,0.00392156862745098,0.00392156862745098,0.3858267716535433,0.01,0
1.0,0.0,0.0,0.2677165354330709,0.01,0
0.0,0.00196078431372549,0.00196078431372549,1.0,0.01,0
0.0,1.0,1.0,1.0,1.0,1
1.0,0.00784313725490196,0.00784313725490196,1.0,0.0,0
0.0,0.0,0.0,1.0,0.0,0
1.0,0.045098039215686274,0.09215686274509804,1.0,0.0,0
1.0,0.0,0.011764705882352941,0.007874015748031496,0.33,0
1.0,0.013725490196078431,0.013725490196078431,0.8149606299212598,0.0,0
1.0,0.00196078431372549,0.01764705882352941,0.03937007874015748,0.09,0
1.0,0.01568627450980392,0.01568627450980392,1.0,0.0,0
0.0,0.0,0.0,1.0,0.96,0
1.0,0.00196078431372549,0.027450980392156862,0.8543307086614174,0.01,0
0.0,1.0,1.0,1.0,1.0,1
1.0,0.0,0.00392156862745098,0.2795275590551181,0.01,0
1.0,0.0058823529411764705,0.0058823529411764705,0.09448818897637795,0.4,0
0.0,0.0803921568627451,0.2372549019607843,1.0,0.0,0
1.0,0.0058823529411764705,0.0058823529411764705,0.3661417322834646,0.01,0
1.0,0.00980392156862745,0.00980392156862745,0.8858267716535433,0.0,0
0.0,1.0,1.0,1.0,1.0,1
1.0,0.0,0.00196078431372549,0.023622047244094488,0.14,0
1.0,0.013725490196078431,0.013725490196078431,1.0,0.0,0
1.0,0.01568627450980392,0.07647058823529412,0.2559055118110236,0.02,0
1.0,0.054901960784313725,0.06666666666666667,1.0,0.0,0
1.0,0.0,0.0058823529411764705,0.0,1.0,0
1.0,0.00392156862745098,0.00392156862745098,0.007874015748031496,0.33,0
0.0,0.0,0.0,0.19291338582677164,1.0,0
1.0,0.0,0.00196078431372549,0.5708661417322834,0.01,0
1.0,0.0,0.0,0.3228346456692913,0.01,0
1.0,0.0058823529411764705,0.00784313725490196,0.04330708661417323,0.08,0
1.0,0.0,0.0,1.0,0.0,0
1.0,0.0196078431372549,0.0196078431372549,0.7204724409448819,0.01,0
1.0,0.00196078431372549,0.060784313725490195,0.01968503937007874,0.17,0
1.0,0.01568627450980392,0.01568627450980392,1.0,0.0,0
1.0,0.00980392156862745,0.00980392156862745,1.0,0.0,0
1.0,0.0058823529411764705,0.049019607843137254,1.0,0.0,0
1.0,0.00392156862745098,0.00392156862745098,0.16141732283464566,0.02,0
0.0,0.0058823529411764705,0.023529411764705882,1.0,0.01,0
1.0,0.0,0.0,0.24015748031496062,0.02,0
1.0,0.0058823529411764705,0.0058823529411764705,1.0,0.0,0
1.0,0.049019607843137254,0.049019607843137254,1.0,0.0,0
1.0,0.00392156862745098,0.00392156862745098,0.2755905511811024,0.01,0
1.0,0.0,0.0,0.18503937007874016,0.02,0
1.0,0.041176470588235294,0.043137254901960784,1.0,0.0,0
0.0,1.0,1.0,1.0,1.0,1
1.0,0.03725490196078431,0.03725490196078431,1.0,0.0,0
1.0,0.0,0.041176470588235294,1.0,0.0,0
0.0,0.0058823529411764705,0.00196078431372549,1.0,0.98,0
0.0,0.0,0.0,1.0,0.0,0
1.0,0.011764705882352941,0.011764705882352941,1.0,0.0,0
0.0,0.0,0.0,0.023622047244094488,0.14,0
0.0,0.12156862745098039,0.12156862745098039,1.0,0.0,0
1.0,0.00980392156862745,0.00980392156862745,1.0,0.0,0
1.0,0.0,0.00196078431372549,0.4763779527559055,0.01,0
1.0,0.045098039215686274,0.045098039215686274,0.5826771653543307,0.38,0
0.0,0.0,0.0,0.007874015748031496,0.33,0
1.0,0.0058823529411764705,0.0058823529411764705,1.0,0.0,0
1.0,0.011764705882352941,0.011764705882352941,1.0,0.0,0
0.0,0.00196078431372549,0.00392156862745098,1.0,0.01,0
1.0,0.00196078431372549,0.056862745098039215,0.003937007874015748,0.5,0
1.0,0.03333333333333333,0.043137254901960784,0.6377952755905512,0.01,0
1.0,0.011764705882352941,0.01568627450980392,1.0,0.0,0
1.0,0.00196078431372549,0.00196078431372549,0.5196850393700787,0.22,0
1.0,0.0058823529411764705,0.0058823529411764705,0.011811023622047244,0.25,0
1.0,0.00392156862745098,0.00392156862745098,1.0,0.0,0
1.0,0.025490196078431372,0.025490196078431372,0.3858267716535433,0.01,0
0.0,1.0,1.0,1.0,1.0,1
0.0,0.0,0.0,0.051181102362204724,0.07,0
1.0,0.0,0.0,0.9330708661417323,0.0,0
0.0,0.0,0.0,1.0,0.99,0
1.0,0.00196078431372549,0.00196078431372549,0.05511811023622047,0.07,0
1.0,0.00196078431372549,0.00196078431372549,0.14566929133858267,0.03,0
0.0,0.5411764705882353,0.027450980392156862,1.0,0.0,1
1.0,0.00392156862745098,0.0058823529411764705,0.5708661417322834,0.01,0
1.0,0.029411764705882353,0.07647058823529412,1.0,0.0,0
1.0,0.013725490196078431,0.013725490196078431,0.6299212598425197,0.01,0
0.0,0.0,0.0,0.0,1.0,0
0.0,0.0,0.00392156862745098,0.47244094488188976,0.01,0
1.0,0.0,0.00196078431372549,0.047244094488188976,0.08,0
0.0,1.0,1.0,1.0,1.0,1
1.0,0.029411764705882353,0.03529411764705882,1.0,0.0,0
0.0,0.0,0.0,1.0,0.97,0
1.0,0.01568627450980392,0.01764705882352941,0.1141732283464567,0.03,0
1.0,0.0058823529411764705,0.0058823529411764705,0.011811023622047244,0.25,0
0.0,0.0,0.00196078431372549,0.015748031496062992,0.2,0
1.0,0.0,0.00196078431372549,0.7559055118110236,0.01,0
0.0,0.00196078431372549,0.00196078431372549,1.0,1.0,0
1.0,0.06666666666666667,0.07647058823529412,0.5433070866141733,0.01,0
1.0,0.00784313725490196,0.00784313725490196,0.3661417322834646,0.01,0
1.0,0.03529411764705882,0.0392156862745098,0.8267716535433071,0.0,0
1.0,0.0,0.00196078431372549,0.28346456692913385,0.01,0
1.0,0.00196078431372549,0.07450980392156863,0.003937007874015748,0.5,0
1.0,0.00784313725490196,0.041176470588235294,0.1062992125984252,0.04,0
1.0,0.00980392156862745,0.00980392156862745,1.0,0.0,0
0.0,0.0,0.0,1.0,0.0,0
1.0,0.00784313725490196,0.00784313725490196,0.14566929133858267,0.03,0
1.0,0.049019607843137254,0.054901960784313725,1.0,0.0,0
1.0,0.03137254901960784,0.03333333333333333,0.13385826771653545,0.03,0
1.0,0.027450980392156862,0.027450980392156862,0.2125984251968504,0.49,0
1.0,0.0,0.0,0.6220472440944882,0.01,0
1.0,0.029411764705882353,0.03725490196078431,0.27165354330708663,0.01,0
1.0,0.00196078431372549,0.00196078431372549,0.1141732283464567,0.03,0
1.0,0.021568627450980392,0.025490196078431372,1.0,0.0,0
0.0,0.0,0.0,0.41732283464566927,0.11,0
1.0,0.0,0.00196078431372549,0.5196850393700787,0.01,0
0.0,0.00196078431372549,0.00196078431372549,1.0,0.01,0
1.0,0.013725490196078431,0.03137254901960784,1.0,0.0,0
1.0,0.0,0.0,0.9921259842519685,0.0,0
1.0,0.00784313725490196,0.00784313725490196,1.0,0.0,0
1.0,0.00980392156862745,0.00980392156862745,1.0,0.0,0
1.0,0.00784313725490196,0.00784313725490196,0.1889763779527559,0.02,0
0.0,0.0,0.0,1.0,0.0,0
1.0,0.00196078431372549,0.00196078431372549,0.39763779527559057,0.03,0
1.0,0.054901960784313725,0.054901960784313725,1.0,0.0,0
1.0,0.00784313725490196,0.013725490196078431,0.33070866141732286,0.01,0
1.0,0.0,0.0,0.23228346456692914,0.02,0
1.0,0.013725490196078431,0.01568627450980392,1.0,0.0,0
1.0,0.01764705882352941,0.01764705882352941,0.5748031496062992,0.01,0
1.0,0.01568627450980392,0.01568627450980392,1.0,0.0,0
0.0,0.00392156862745098,0.0,1.0,1.0,0
0.0,1.0,1.0,1.0,1.0,1
1.0,0.00196078431372549,0.0,0.3425196850393701,0.01,0
1.0,0.00980392156862745,0.00980392156862745,0.7992125984251969,0.0,0
0.0,0.00196078431372549,0.00196078431372549,0.5826771653543307,1.0,0
0.0,0.0,0.0,1.0,0.01,0
1.0,0.0,0.0,0.547244094488189,0.01,0
0.0,0.00196078431372549,0.00196078431372549,1.0,0.01,0
0.0,0.14901960784313725,0.30196078431372547,1.0,0.0,0
0.0,0.5823529411764706,0.03725490196078431,1.0,0.0,1
1.0,0.01764705882352941,0.01764705882352941,0.08267716535433071,0.05,0
1.0,0.01764705882352941,0.01764705882352941,1.0,0.0,0
1.0,0.0,0.00196078431372549,0.0,1.0,0
0.0,0.0,0.0,1.0,0.0,0
1.0,0.013725490196078431,0.03333333333333333,1.0,0.0,0
1.0,0.0,0.0058823529411764705,0.8110236220472441,0.0,0
1.0,0.01764705882352941,0.01764705882352941,0.03543307086614173,0.1,0
1.0,0.0,0.0,0.03543307086614173,0.1,0
1.0,0.0196078431372549,0.0196078431372549,0.6496062992125984,0.19,0
1.0,0.0,0.00196078431372549,0.5708661417322834,0.01,0
1.0,0.00392156862745098,0.00392156862745098,1.0,0.0,0
0.0,0.0,0.00196078431372549,0.023622047244094488,0.14,0
1.0,0.03137254901960784,0.03137254901960784,0.24803149606299213,0.02,0
1.0,0.0,0.00196078431372549,0.08661417322834646,0.04,0
1.0,0.049019607843137254,0.050980392156862744,0.0984251968503937,0.04,0
0.0,0.0,0.0,0.03937007874015748,0.09,0
1.0,0.0,0.07254901960784314,0.0,1.0,0
1.0,0.023529411764705882,0.023529411764705882,0.3031496062992126,0.63,0
1.0,0.03529411764705882,0.03725490196078431,0.2755905511811024,0.01,0
1.0,0.00784313725490196,0.011764705882352941,0.015748031496062992,0.2,0
1.0,0.01764705882352941,0.06862745098039216,1.0,0.0,0
1.0,0.0058823529411764705,0.0058823529411764705,0.011811023622047244,0.25,0
1.0,0.0196078431372549,0.0196078431372549,0.1377952755905512,0.03,0
0.0,0.0,0.0,1.0,0.0,0
0.0,0.0,0.0,1.0,0.01,0
1.0,0.03529411764705882,0.045098039215686274,0.8582677165354331,0.0,0
0.0,1.0,1.0,1.0,1.0,1
1.0,0.00980392156862745,0.00980392156862745,0.01968503937007874,0.17,0
1.0,0.0,0.0,0.20078740157480315,0.02,0
1.0,0.0,0.0,0.20866141732283464,0.02,0
1.0,0.0196078431372549,0.0196078431372549,0.8818897637795275,0.0,0
1.0,0.0,0.0,0.06692913385826772,0.06,0
0.0,0.0,0.0,1.0,0.98,0
1.0,0.0058823529411764705,0.03333333333333333,0.41732283464566927,0.01,0
0.0,0.8960784313725491,0.8960784313725491,1.0,1.0,1
0.0,1.0,1.0,1.0,1.0,1
1.0,0.0,0.00392156862745098,0.4015748031496063,0.01,0
0.0,0.0,0.0,0.003937007874015748,0.5,0
0.0,0.0,0.0,1.0,0.01,0
1.0,0.00980392156862745,0.00980392156862745,0.023622047244094488,0.14,0
1.0,0.00980392156862745,0.011764705882352941,1.0,0.0,0
1.0,0.011764705882352941,0.011764705882352941,1.0,0.0,0
0.0,0.0,0.0,1.0,0.0,0
1.0,0.021568627450980392,0.023529411764705882,0.7637795275590551,0.01,0
1.0,0.00392156862745098,0.00392156862745098,0.33070866141732286,0.01,0
1.0,0.00392156862745098,0.00392156862745098,0.007874015748031496,0.33,0
1.0,0.0,0.0,0.03543307086614173,0.1,0
1.0,0.0392156862745098,0.043137254901960784,0.07874015748031496,0.05,0
1.0,0.0,0.0,0.08661417322834646,0.04,0
1.0,0.027450980392156862,0.027450980392156862,0.05511811023622047,0.07,0
1.0,0.060784313725490195,0.060784313725490195,0.937007874015748,0.0,0
0.0,0.0,0.0,1.0,0.0,0
0.0,0.0,0.0,1.0,0.97,0
1.0,0.0058823529411764705,0.0058823529411764705,0.06692913385826772,0.06,0
1.0,0.0,0.0,0.0,1.0,0
1.0,0.025490196078431372,0.08627450980392157,0.7440944881889764,0.01,0
1.0,0.00784313725490196,0.00784313725490196,1.0,0.0,0
1.0,0.00196078431372549,0.00196078431372549,0.23228346456692914,0.02,0
0.0,1.0,1.0,1.0,1.0,1
1.0,0.03137254901960784,0.03137254901960784,0.3425196850393701,0.01,0
1.0,0.047058823529411764,0.047058823529411764,0.6771653543307087,0.01,0
1.0,0.011764705882352941,0.011764705882352941,0.9094488188976378,0.0,0
1.0,0.049019607843137254,0.049019607843137254,0.937007874015748,0.0,0
1.0,0.00784313725490196,0.043137254901960784,0.5787401574803149,0.01,0
0.0,0.48823529411764705,0.01764705882352941,1.0,0.0,1
1.0,0.0,0.00196078431372549,0.42913385826771655,0.01,0
0.0,0.011764705882352941,0.0196078431372549,1.0,0.0,0
1.0,0.0,0.0,0.0,1.0,0
0.0,0.0,0.0,0.015748031496062992,0.2,0
1.0,0.021568627450980392,0.021568627450980392,0.04330708661417323,0.08,0
1.0,0.00784313725490196,0.00784313725490196,1.0,0.0,0
0.0,0.9372549019607843,0.9372549019607843,1.0,1.0,1
1.0,0.0058823529411764705,0.0058823529411764705,0.08267716535433071,0.05,0
0.0,1.0,1.0,1.0,1.0,1
0.0,0.00196078431372549,0.00196078431372549,1.0,0.01,0
0.0,0.0,0.0,1.0,0.0,0
0.0,0.0,0.0,1.0,0.0,0
1.0,0.023529411764705882,0.023529411764705882,1.0,0.0,0
1.0,0.00980392156862745,0.00980392156862745,1.0,0.0,0
1.0,0.0058823529411764705,0.01568627450980392,1.0,0.0,0
0.0,0.0,0.0,1.0,0.0,0
0.0,0.0,0.0,1.0,0.0,0
1.0,0.03725490196078431,0.03725490196078431,0.07480314960629922,0.05,0
0.0,0.0,0.0,1.0,0.0,0
0.0,1.0,1.0,1.0,1.0,1
0.0,0.0,0.0,0.003937007874015748,0.5,0
1.0,0.0196078431372549,0.0196078431372549,1.0,0.0,0
0.0,0.0,0.0,0.027559055118110236,0.12,0
1.0,0.00196078431372549,0.00196078431372549,0.05905511811023622,0.06,0
1.0,0.0,0.0,0.952755905511811,0.0,0
0.0,0.0196078431372549,0.03333333333333333,1.0,0.01,0
0.0,0.4372549019607843,0.021568627450980392,1.0,0.0,1
1.0,0.052941176470588235,0.056862745098039215,1.0,0.0,0
0.0,0.0,0.0,0.011811023622047244,0.25,0
0.0,0.0,0.0,1.0,0.0,0
0.0,0.00784313725490196,0.0,1.0,0.99,0
1.0,0.052941176470588235,0.052941176470588235,0.2283464566929134,0.02,0
1.0,0.011764705882352941,0.011764705882352941,0.1732283464566929,0.02,0
1.0,0.0196078431372549,0.0196078431372549,0.17716535433070865,0.02,0
1.0,0.023529411764705882,0.027450980392156862,0.047244094488188976,0.08,0
0.0,0.0,0.00196078431372549,0.007874015748031496,0.33,0
0.0,0.013725490196078431,0.03137254901960784,1.0,0.0,0
1.0,0.01568627450980392,0.01568627450980392,0.06692913385826772,0.06,0
0.0,0.00784313725490196,0.01764705882352941,1.0,0.0,0
1.0,0.01568627450980392,0.01568627450980392,0.3661417322834646,0.01,0
1.0,0.01764705882352941,0.01764705882352941,1.0,0.0,0
0.0,0.00196078431372549,0.00196078431372549,1.0,0.01,0
0.0,0.0,0.0,1.0,1.0,0
0.0,0.0,0.00196078431372549,0.1968503937007874,0.61,0
0.0,0.03529411764705882,0.056862745098039215,0.16929133858267717,0.02,0
1.0,0.00980392156862745,0.00980392156862745,1.0,0.0,0
1.0,0.0,0.0,0.16535433070866143,0.02,0
1.0,0.00196078431372549,0.00196078431372549,1.0,0.0,0
1.0,0.00980392156862745,0.011764705882352941,0.7598425196850394,0.01,0
0.0,0.0,0.0,1.0,0.98,0
1.0,0.0,0.0,1.0,0.0,0
1.0,0.0,0.0,1.0,0.0,0
1.0,0.0,0.00196078431372549,1.0,0.0,0
0.0,0.0,0.0,0.7086614173228346,0.04,0
0.0,0.0,0.0,0.17716535433070865,0.8,0
1.0,0.00392156862745098,0.0058823529411764705,0.2795275590551181,0.01,0
1.0,0.00784313725490196,0.00980392156862745,0.22440944881889763,0.02,0
1.0,0.023529411764705882,0.041176470588235294,1.0,0.0,0
1.0,0.01764705882352941,0.01764705882352941,0.5787401574803149,0.01,0
1.0,0.01764705882352941,0.01764705882352941,0.1732283464566929,0.02,0
1.0,0.00392156862745098,0.00392156862745098,0.007874015748031496,0.33,0
0.0,0.00196078431372549,0.00196078431372549,1.0,0.02,0
1.0,0.03137254901960784,0.03529411764705882,0.2559055118110236,0.02,0
0.0,0.01764705882352941,0.01764705882352941,0.48031496062992124,0.46,0
0.0,0.9980392156862745,0.9980392156862745,1.0,1.0,1
1.0,0.0,0.0,0.41732283464566927,0.01,0
0.0,1.0,1.0,1.0,1.0,1
1.0,0.021568627450980392,0.021568627450980392,0.04330708661417323,0.08,0
1.0,0.0,0.00196078431372549,0.25196850393700787,0.02,0
1.0,0.0,0.0,0.2440944881889764,0.02,0
0.0,0.0,0.0,0.015748031496062992,0.2,0
0.0,0.0,0.0,0.0,1.0,0
0.0,0.0,0.00196078431372549,1.0,0.16,0
1.0,0.00196078431372549,0.00196078431372549,1.0,0.0,0
1.0,0.011764705882352941,0.011764705882352941,1.0,0.0,0
0.0,1.0,1.0,1.0,1.0,1
1.0,0.025490196078431372,0.054901960784313725,0.3661417322834646,0.01,0
1.0,0.00392156862745098,0.0196078431372549,0.007874015748031496,0.33,0
1.0,0.013725490196078431,0.013725490196078431,0.6771653543307087,0.29,0
0.0,0.03333333333333333,0.00196078431372549,1.0,0.09,0
1.0,0.01764705882352941,0.01764705882352941,0.15748031496062992,0.02,0
1.0,0.00784313725490196,0.011764705882352941,1.0,0.01,0
1.0,0.00392156862745098,0.00392156862745098,1.0,0.0,0
0.0,0.00196078431372549,0.00196078431372549,1.0,0.01,0
1.0,0.00196078431372549,0.00196078431372549,0.4881889763779528,0.01,0
1.0,0.01568627450980392,0.0196078431372549,1.0,0.0,0
0.0,1.0,1.0,1.0,1.0,1
1.0,0.021568627450980392,0.021568627450980392,1.0,0.0,0
1.0,0.027450980392156862,0.027450980392156862,0.6653543307086615,0.01,0
1.0,0.0,0.0196078431372549,1.0,0.0,0
1.0,0.0,0.0,0.12598425196850394,0.03,0
1.0,0.0,0.011764705882352941,0.003937007874015748,0.5,0
1.0,0.021568627450980392,0.021568627450980392,0.04330708661417323,0.08,0
1.0,0.011764705882352941,0.025490196078431372,0.023622047244094488,0.14,0
1.0,0.00980392156862745,0.013725490196078431,1.0,0.0,0
0.0,1.0,1.0,1.0,1.0,1
0.0,0.0,0.0,0.003937007874015748,0.5,0
1.0,0.00784313725490196,0.01764705882352941,1.0,0.0,0
1.0,0.047058823529411764,0.050980392156862744,0.6023622047244095,0.01,0
0.0,0.0,0.0,1.0,0.82,0
0.0,1.0,1.0,1.0,1.0,1
1.0,0.00196078431372549,0.00196078431372549,0.20866141732283464,0.02,0
0.0,0.011764705882352941,0.0196078431372549,1.0,0.0,0
1.0,0.0058823529411764705,0.0058823529411764705,0.011811023622047244,0.25,0
0.0,1.0,1.0,1.0,1.0,1
0.0,0.0,0.0,1.0,0.68,0
0.0,0.0,0.0,0.051181102362204724,0.14,0
1.0,0.027450980392156862,0.027450980392156862,0.6181102362204725,0.59,0
1.0,0.01568627450980392,0.01568627450980392,1.0,0.0,0
1.0,0.0,0.0,0.610236220472441,0.01,0
1.0,0.0,0.00392156862745098,1.0,0.0,0
0.0,1.0,1.0,1.0,1.0,1
0.0,0.0,0.0,1.0,0.98,0
1.0,0.03137254901960784,0.10784313725490197,1.0,0.0,0
1.0,0.00784313725490196,0.00784313725490196,0.7244094488188977,0.31,0
0.0,0.00196078431372549,0.00196078431372549,1.0,0.01,0
0.0,0.00196078431372549,0.00980392156862745,1.0,0.0,0
0.0,0.0,0.0,0.25196850393700787,1.0,0
0.0,0.0,0.0,1.0,0.0,0
1.0,0.0,0.0,1.0,0.0,0
1.0,0.00980392156862745,0.011764705882352941,0.05511811023622047,0.07,0
0.0,1.0,1.0,1.0,1.0,1
1.0,0.027450980392156862,0.029411764705882353,1.0,0.0,0
0.0,0.021568627450980392,0.09803921568627451,1.0,0.0,0
1.0,0.0,0.00980392156862745,0.43700787401574803,0.01,0
0.0,1.0,1.0,1.0,1.0,1
1.0,0.027450980392156862,0.027450980392156862,0.05511811023622047,0.07,0
0.0,0.296078431372549,0.00784313725490196,1.0,0.0,1
1.0,0.01568627450980392,0.021568627450980392,0.7204724409448819,0.01,0
0.0,1.0,1.0,1.0,1.0,1
0.0,0.0,0.0,1.0,0.0,0
0.0,1.0,1.0,1.0,1.0,1
1.0,0.0,0.0,0.905511811023622,0.0,0
1.0,0.0058823529411764705,0.00980392156862745,0.011811023622047244,0.25,0
1.0,0.0,0.0,0.5826771653543307,0.01,0
1.0,0.056862745098039215,0.056862745098039215,0.2637795275590551,0.01,0
1.0,0.0,0.00196078431372549,0.39763779527559057,0.01,0
0.0,0.00784313725490196,0.00980392156862745,0.4094488188976378,0.33,0
1.0,0.0,0.0,1.0,0.0,0
1.0,0.0,0.0,0.12598425196850394,0.03,0
1.0,0.054901960784313725,0.054901960784313725,0.5511811023622047,0.01,0
1.0,0.01568627450980392,0.01568627450980392,0.8149606299212598,0.0,0
0.0,0.00392156862745098,0.0,1.0,1.0,0
0.0,1.0,1.0,1.0,1.0,1
0.0,0.9980392156862745,0.9980392156862745,1.0,1.0,1
0.0,0.0,0.0,1.0,0.0,0
1.0,0.00196078431372549,0.00196078431372549,0.24803149606299213,0.02,0
1.0,0.00980392156862745,0.00980392156862745,1.0,0.0,0
0.0,0.0,0.0,1.0,1.0,0
0.0,0.021568627450980392,0.021568627450980392,0.6614173228346457,0.17,0
1.0,0.058823529411764705,0.060784313725490195,1.0,0.0,0
1.0,0.0058823529411764705,0.0058823529411764705,0.011811023622047244,0.25,0
1.0,0.0,0.0,0.42913385826771655,0.01,0
1.0,0.011764705882352941,0.0196078431372549,0.047244094488188976,0.08,0
0.0,0.00784313725490196,0.0,1.0,0.92,0
1.0,0.01764705882352941,0.052941176470588235,1.0,0.0,0
1.0,0.00392156862745098,0.00392156862745098,0.06299212598425197,0.06,0
0.0,0.029411764705882353,0.14901960784313725,1.0,0.01,0
1.0,0.011764705882352941,0.011764705882352941,1.0,0.0,0
0.0,0.0,0.0,1.0,0.02,0
1.0,0.0,0.0,0.09448818897637795,0.04,0
1.0,0.0,0.00196078431372549,0.11811023622047244,0.03,0
0.0,0.0,0.0,1.0,0.0,0
1.0,0.047058823529411764,0.056862745098039215,0.5039370078740157,0.02,0
1.0,0.0,0.0,1.0,0.0,0
1.0,0.011764705882352941,0.025490196078431372,1.0,0.0,0
0.0,1.0,1.0,1.0,1.0,1
0.0,0.0,0.0,0.16929133858267717,1.0,0
1.0,0.0058823529411764705,0.011764705882352941,1.0,0.0,0
1.0,0.0196078431372549,0.056862745098039215,1.0,0.0,0
1.0,0.025490196078431372,0.025490196078431372,0.051181102362204724,0.07,0
1.0,0.0,0.0,0.007874015748031496,0.33,0
1.0,0.0058823529411764705,0.0058823529411764705,0.37401574803149606,0.01,0
1.0,0.0,0.0,0.3188976377952756,0.01,0
1.0,0.0,0.0,1.0,0.18,0
1.0,0.01568627450980392,0.01764705882352941,1.0,0.0,0
1.0,0.0,0.0,0.9724409448818898,0.0,0
0.0,0.0,0.00196078431372549,0.003937007874015748,0.5,0
1.0,0.056862745098039215,0.056862745098039215,1.0,0.0,0
1.0,0.01568627450980392,0.029411764705882353,1.0,0.0,0
0.0,1.0,1.0,1.0,1.0,1
1.0,0.0,0.0,0.547244094488189,0.01,0
0.0,0.0,0.0,0.003937007874015748,0.5,0
1.0,0.00980392156862745,0.01568627450980392,0.5590551181102362,0.01,0
1.0,0.00196078431372549,0.03333333333333333,0.9330708661417323,0.0,0
0.0,0.9352941176470588,0.9352941176470588,1.0,1.0,1
1.0,0.00980392156862745,0.03529411764705882,1.0,0.0,0
1.0,0.0,0.0,1.0,0.0,0
0.0,0.9980392156862745,0.9980392156862745,1.0,1.0,1
1.0,0.052941176470588235,0.07254901960784314,0.5590551181102362,0.01,0
1.0,0.047058823529411764,0.047058823529411764,1.0,0.01,0
1.0,0.0,0.0,0.015748031496062992,0.2,0
0.0,0.0,0.0,1.0,0.0,0
0.0,0.9980392156862745,0.9980392156862745,1.0,1.0,1
0.0,0.0058823529411764705,0.0058823529411764705,1.0,0.0,0
0.0,1.0,1.0,1.0,1.0,1
1.0,0.03725490196078431,0.03725490196078431,1.0,0.0,0
1.0,0.021568627450980392,0.023529411764705882,1.0,0.01,0
0.0,0.0,0.0,1.0,0.86,0
1.0,0.047058823529411764,0.047058823529411764,1.0,0.0,0
1.0,0.00196078431372549,0.00196078431372549,1.0,0.0,0
0.0,0.28823529411764703,0.03725490196078431,1.0,0.0,1
1.0,0.00784313725490196,0.00980392156862745,0.14960629921259844,0.03,0
0.0,0.4176470588235294,0.013725490196078431,1.0,0.0,1
0.0,0.00196078431372549,0.00196078431372549,1.0,0.01,0
1.0,0.011764705882352941,0.025490196078431372,0.25196850393700787,0.02,0
1.0,0.0,0.0058823529411764705,0.24015748031496062,0.02,0
1.0,0.00196078431372549,0.00196078431372549,1.0,0.0,0
0.0,0.0,0.00196078431372549,1.0,0.0,0
0.0,0.0,0.0,0.003937007874015748,0.5,0
1.0,0.0058823529411764705,0.0058823529411764705,0.40551181102362205,0.01,0
1.0,0.0058823529411764705,0.00784313725490196,0.08661417322834646,0.04,0
1.0,0.0,0.00392156862745098,0.7992125984251969,0.0,0
0.0,0.24509803921568626,0.01764705882352941,1.0,0.0,1
1.0,0.0,0.0,0.11811023622047244,0.03,0
1.0,0.01568627450980392,0.01568627450980392,0.2992125984251969,0.01,0
0.0,0.0,0.0,1.0,0.0,0
1.0,0.0,0.00196078431372549,0.1732283464566929,0.02,0
1.0,0.021568627450980392,0.021568627450980392,0.04330708661417323,0.08,0
1.0,0.043137254901960784,0.043137254901960784,0.3425196850393701,0.01,0
1.0,0.029411764705882353,0.029411764705882353,0.4566929133858268,0.01,0
1.0,0.0058823529411764705,0.049019607843137254,0.5669291338582677,0.01,0
1.0,0.01764705882352941,0.01764705882352941,1.0,0.0,0
0.0,0.24705882352941178,0.01764705882352941,1.0,0.0,1
1.0,0.03137254901960784,0.041176470588235294,1.0,0.0,0
1.0,0.021568627450980392,0.027450980392156862,1.0,0.0,0
1.0,0.0,0.00392156862745098,0.5669291338582677,0.01,0
1.0,0.07254901960784314,0.07254901960784314,0.14566929133858267,0.03,0
0.0,0.25882352941176473,0.03137254901960784,1.0,0.0,1
0.0,0.0,0.0,0.023622047244094488,0.14,0
1.0,0.041176470588235294,0.041176470588235294,0.9015748031496063,0.0,0
1.0,0.00196078431372549,0.00196078431372549,0.003937007874015748,0.5,0
1.0,0.00784313725490196,0.00784313725490196,1.0,0.0,0
0.0,0.0,0.0,0.5196850393700787,0.01,0
0.0,0.0,0.0,1.0,0.0,0
0.0,0.0,0.0,0.03937007874015748,0.09,0
1.0,0.027450980392156862,0.027450980392156862,1.0,0.0,0
1.0,0.01764705882352941,0.01764705882352941,0.16535433070866143,0.02,0
1.0,0.07647058823529412,0.08823529411764706,1.0,0.0,0
1.0,0.0058823529411764705,0.0058823529411764705,0.594488188976378,0.01,0
1.0,0.00392156862745098,0.03137254901960784,0.007874015748031496,0.33,0
1.0,0.0,0.0,1.0,0.0,0
1.0,0.00392156862745098,0.0058823529411764705,0.2992125984251969,0.01,0
1.0,0.011764705882352941,0.011764705882352941,1.0,0.0,0
1.0,0.01764705882352941,0.0196078431372549,1.0,0.0,0
1.0,0.06274509803921569,0.06666666666666667,1.0,0.0,0
0.0,1.0,1.0,1.0,1.0,1
1.0,0.013725490196078431,0.013725490196078431,0.25984251968503935,0.01,0
0.0,1.0,1.0,1.0,1.0,1
1.0,0.013725490196078431,0.013725490196078431,1.0,0.0,0
1.0,0.049019607843137254,0.09803921568627451,1.0,0.0,0
1.0,0.00784313725490196,0.00784313725490196,0.6259842519685039,0.01,0
0.0,0.00196078431372549,0.0,1.0,0.0,1
1.0,0.00196078431372549,0.00196078431372549,0.031496062992125984,0.11,0
0.0,1.0,1.0,1.0,1.0,1
1.0,0.043137254901960784,0.13137254901960785,0.2125984251968504,0.02,0
1.0,0.03529411764705882,0.03529411764705882,1.0,0.0,0
0.0,0.0,0.0,1.0,0.0,0
0.0,0.0,0.0,1.0,0.0,0
1.0,0.0,0.00392156862745098,0.468503937007874,0.01,0
1.0,0.00392156862745098,0.00392156862745098,0.6456692913385826,0.01,0
1.0,0.041176470588235294,0.09019607843137255,1.0,0.0,0
0.0,0.0,0.0,1.0,0.98,0
1.0,0.03333333333333333,0.03333333333333333,0.3700787401574803,0.01,0
1.0,0.0,0.0,0.44881889763779526,0.01,0
0.0,0.00196078431372549,0.00196078431372549,1.0,0.01,0
0.0,0.00980392156862745,0.0196078431372549,1.0,0.0,0
1.0,0.0,0.00196078431372549,0.4015748031496063,0.01,0
0.0,0.00980392156862745,0.00980392156862745,1.0,0.16,0
1.0,0.0058823529411764705,0.00980392156862745,0.04330708661417323,0.08,0
1.0,0.0058823529411764705,0.0058823529411764705,0.1141732283464567,0.03,0
1.0,0.013725490196078431,0.027450980392156862,0.23622047244094488,0.02,0
1.0,0.01764705882352941,0.01764705882352941,0.03543307086614173,0.1,0
0.0,0.0,0.0,1.0,0.91,0
1.0,0.013725490196078431,0.013725490196078431,1.0,0.0,0
0.0,0.0,0.0,0.2125984251968504,1.0,0
1.0,0.01764705882352941,0.01764705882352941,0.07480314960629922,0.05,0
1.0,0.00196078431372549,0.058823529411764705,0.06692913385826772,0.06,0
1.0,0.00196078431372549,0.0058823529411764705,1.0,0.0,0
0.0,0.0,0.0,0.421259842519685,0.01,0
0.0,0.023529411764705882,0.023529411764705882,1.0,0.0,0
1.0,0.00980392156862745,0.00980392156862745,0.23228346456692914,0.02,0
1.0,0.01764705882352941,0.01764705882352941,1.0,0.0,0
0.0,1.0,1.0,1.0,1.0,1
1.0,0.03529411764705882,0.03529411764705882,0.07086614173228346,0.05,0
0.0,0.0,0.0,0.1377952755905512,0.03,0
0.0,0.996078431372549,0.0,1.0,0.0,1
1.0,0.00392156862745098,0.00392156862745098,0.007874015748031496,0.33,0
0.0,1.0,1.0,1.0,1.0,1
1.0,0.06470588235294118,0.06862745098039216,1.0,0.0,0
0.0,1.0,1.0,1.0,1.0,1
1.0,0.027450980392156862,0.027450980392156862,1.0,0.0,0
1.0,0.013725490196078431,0.0196078431372549,1.0,0.0,0
1.0,0.0,0.00196078431372549,0.27165354330708663,0.01,0
1.0,0.00196078431372549,0.00196078431372549,0.30708661417322836,0.35,0
0.0,0.11176470588235295,0.26862745098039215,1.0,0.0,0
0.0,0.0,0.00392156862745098,1.0,0.0,0
1.0,0.025490196078431372,0.03137254901960784,0.3346456692913386,0.01,0
1.0,0.00196078431372549,0.00196078431372549,0.4921259842519685,0.01,0
1.0,0.023529411764705882,0.023529411764705882,0.3228346456692913,0.01,0
1.0,0.03725490196078431,0.03725490196078431,0.3779527559055118,0.01,0
0.0,0.0,0.0058823529411764705,0.23622047244094488,0.1,0
1.0,0.0,0.0,0.9330708661417323,0.0,0
0.0,1.0,1.0,1.0,1.0,1
1.0,0.00980392156862745,0.00980392156862745,1.0,0.0,0
0.0,0.0,0.0,1.0,0.0,0
1.0,0.0,0.0,0.27165354330708663,0.01,0
0.0,0.0,0.0,0.051181102362204724,0.43,0
1.0,0.011764705882352941,0.01568627450980392,0.023622047244094488,0.14,0
0.0,0.0,0.0,0.38188976377952755,1.0,0
1.0,0.00392156862745098,0.013725490196078431,0.01968503937007874,0.17,0
0.0,0.00196078431372549,0.00392156862745098,1.0,0.0,0
0.0,0.0058823529411764705,0.00980392156862745,1.0,0.0,0
1.0,0.0196078431372549,0.0196078431372549,1.0,0.0,0
0.0,0.26666666666666666,0.029411764705882353,1.0,0.0,1
1.0,0.0,0.00196078431372549,0.14960629921259844,0.03,0
1.0,0.013725490196078431,0.013725490196078431,0.33858267716535434,0.01,0
0.0,0.996078431372549,0.996078431372549,1.0,1.0,1
0.0,1.0,1.0,1.0,1.0,1
1.0,0.0,0.0,0.11023622047244094,0.03,0
1.0,0.0,0.0,0.547244094488189,0.01,0
0.0,0.0,0.00784313725490196,0.5787401574803149,0.05,0
1.0,0.0196078431372549,0.11960784313725491,1.0,0.0,0
1.0,0.01568627450980392,0.01568627450980392,0.08267716535433071,0.05,0
0.0,0.00980392156862745,0.00980392156862745,1.0,0.13,0
1.0,0.00980392156862745,0.043137254901960784,0.07480314960629922,0.05,0
1.0,0.013725490196078431,0.054901960784313725,0.5078740157480315,0.01,0
1.0,0.00392156862745098,0.00196078431372549,0.5433070866141733,0.13,0
0.0,1.0,1.0,1.0,1.0,1
1.0,0.0196078431372549,0.0196078431372549,1.0,0.0,0
1.0,0.0,0.00196078431372549,0.7283464566929134,0.01,0
0.0,1.0,1.0,1.0,1.0,1
1.0,0.0,0.0,0.6023622047244095,0.01,0
0.0,1.0,1.0,1.0,1.0,1
1.0,0.0,0.0,1.0,0.0,0
0.0,0.029411764705882353,0.041176470588235294,1.0,0.01,0
0.0,1.0,1.0,1.0,1.0,1
1.0,0.0,0.00392156862745098,0.2204724409448819,0.02,0
0.0,1.0,1.0,1.0,1.0,1
1.0,0.01568627450980392,0.0196078431372549,0.09055118110236221,0.04,0
1.0,0.025490196078431372,0.025490196078431372,1.0,0.0,0
0.0,0.0,0.0,1.0,0.0,0
1.0,0.0058823529411764705,0.0196078431372549,0.06299212598425197,0.06,0
1.0,0.00392156862745098,0.0196078431372549,1.0,0.0,0
0.0,0.023529411764705882,0.03137254901960784,1.0,0.01,0
1.0,0.0058823529411764705,0.0058823529411764705,0.7480314960629921,0.01,0
0.0,0.0058823529411764705,0.00196078431372549,1.0,1.0,0
1.0,0.00196078431372549,0.00196078431372549,0.7992125984251969,0.0,0
0.0,1.0,1.0,1.0,1.0,1
1.0,0.021568627450980392,0.021568627450980392,1.0,0.0,0
1.0,0.0,0.0,1.0,0.0,0
1.0,0.06666666666666667,0.06862745098039216,0.6456692913385826,0.01,0
1.0,0.058823529411764705,0.058823529411764705,1.0,0.0,0
0.0,1.0,0.0,1.0,0.0,1
1.0,0.0,0.0,0.047244094488188976,0.08,0
0.0,0.0,0.0,1.0,0.0,0
1.0,0.0,0.0,0.12598425196850394,0.03,0
1.0,0.03333333333333333,0.03333333333333333,1.0,0.0,0
0.0,1.0,1.0,1.0,1.0,1
1.0,0.00392156862745098,0.00196078431372549,0.6811023622047244,0.32,0
0.0,1.0,1.0,1.0,1.0,1
1.0,0.0058823529411764705,0.013725490196078431,0.4645669291338583,0.01,0
1.0,0.011764705882352941,0.011764705882352941,1.0,0.0,0
1.0,0.0,0.0,0.25984251968503935,0.03,0
1.0,0.00196078431372549,0.00196078431372549,1.0,0.0,0
0.0,0.0,0.0,1.0,0.01,0
1.0,0.0,0.00392156862745098,0.43700787401574803,0.01,0
1.0,0.03137254901960784,0.03137254901960784,1.0,0.0,0
0.0,0.00196078431372549,0.00196078431372549,1.0,0.01,0
0.0,0.08627450980392157,0.24509803921568626,1.0,0.0,0
0.0,0.0,0.0,1.0,0.0,0
1.0,0.013725490196078431,0.013725490196078431,0.027559055118110236,0.12,0
1.0,0.00784313725490196,0.00784313725490196,0.015748031496062992,0.2,0
1.0,0.01764705882352941,0.01764705882352941,0.03543307086614173,0.1,0
0.0,0.0,0.0,1.0,0.0,0
0.0,0.0,0.00196078431372549,0.07874015748031496,0.1,0
1.0,0.0196078431372549,0.060784313725490195,1.0,0.0,0
0.0,1.0,1.0,1.0,1.0,1
1.0,0.0058823529411764705,0.0058823529411764705,1.0,0.0,0
1.0,0.025490196078431372,0.025490196078431372,0.051181102362204724,0.07,0
1.0,0.0,0.0,0.0,1.0,0
1.0,0.011764705882352941,0.011764705882352941,1.0,0.0,0
1.0,0.021568627450980392,0.021568627450980392,0.2559055118110236,0.02,0
0.0,0.28431372549019607,0.01568627450980392,1.0,0.0,1
1.0,0.0,0.0,1.0,0.0,0
1.0,0.0058823529411764705,0.013725490196078431,0.6653543307086615,0.01,0
1.0,0.0,0.0,1.0,0.0,0
0.0,0.0,0.0,1.0,0.0,0
0.0,0.0,0.0,0.31496062992125984,0.51,0
1.0,0.00392156862745098,0.0058823529411764705,1.0,0.0,0
0.0,0.00980392156862745,0.01764705882352941,1.0,0.0,0
1.0,0.056862745098039215,0.056862745098039215,1.0,0.0,0
1.0,0.00392156862745098,0.00392156862745098,0.7834645669291339,0.0,0
0.0,0.0,0.0,0.5275590551181102,0.88,0
0.0,0.0,0.0,1.0,0.0,0
1.0,0.01568627450980392,0.01568627450980392,0.8503937007874016,0.0,0
1.0,0.00196078431372549,0.00196078431372549,0.027559055118110236,0.12,0
1.0,0.00980392156862745,0.00980392156862745,1.0,0.0,0
1.0,0.00196078431372549,0.00196078431372549,0.29133858267716534,0.01,0
0.0,0.011764705882352941,0.09607843137254903,1.0,0.0,0
0.0,0.0,0.0,0.04330708661417323,0.08,0
1.0,0.0,0.00392156862745098,0.32677165354330706,0.01,0
1.0,0.00980392156862745,0.043137254901960784,0.6968503937007874,0.01,0
1.0,0.011764705882352941,0.023529411764705882,1.0,0.0,0
1.0,0.06666666666666667,0.0803921568627451,1.0,0.0,0
0.0,0.0,0.0,1.0,1.0,0
0.0,0.0,0.0,1.0,0.99,0
1.0,0.00980392156862745,0.021568627450980392,0.08661417322834646,0.04,0
0.0,0.0,0.0,1.0,0.01,0
1.0,0.0196078431372549,0.0196078431372549,1.0,0.0,0
0.0,0.0,0.0,1.0,0.01,0
1.0,0.0,0.00196078431372549,0.452755905511811,0.01,0
0.0,0.0196078431372549,0.03137254901960784,1.0,0.0,0
1.0,0.025490196078431372,0.025490196078431372,0.11023622047244094,0.03,0
0.0,0.0,0.0,0.007874015748031496,0.33,0
0.0,0.0,0.00196078431372549,0.7677165354330708,0.12,0
1.0,0.00980392156862745,0.011764705882352941,0.9173228346456693,0.0,0
0.0,1.0,1.0,1.0,1.0,1
0.0,0.00196078431372549,0.00196078431372549,0.9133858267716536,0.03,0
1.0,0.00196078431372549,0.00196078431372549,0.6968503937007874,0.01,0
0.0,0.00196078431372549,0.00196078431372549,1.0,0.01,0
0.0,0.13137254901960785,0.023529411764705882,1.0,0.0,1
0.0,1.0,1.0,1.0,1.0,1
1.0,0.0392156862745098,0.06274509803921569,0.18503937007874016,0.02,0
0.0,0.00980392156862745,0.0196078431372549,1.0,0.0,0
0.0,1.0,1.0,1.0,1.0,1
1.0,0.00392156862745098,0.00392156862745098,0.6062992125984252,0.01,0
1.0,0.027450980392156862,0.027450980392156862,1.0,0.0,0
1.0,0.013725490196078431,0.01568627450980392,1.0,0.0,0
0.0,1.0,1.0,1.0,1.0,1
1.0,0.060784313725490195,0.06862745098039216,0.14173228346456693,0.03,0
0.0,0.10392156862745099,0.2607843137254902,1.0,0.0,0
1.0,0.00980392156862745,0.00980392156862745,1.0,0.0,0
1.0,0.011764705882352941,0.011764705882352941,1.0,0.0,0
1.0,0.00980392156862745,0.00980392156862745,0.05905511811023622,0.06,0
1.0,0.00392156862745098,0.00392156862745098,0.007874015748031496,0.33,0
1.0,0.03725490196078431,0.03725490196078431,1.0,0.0,0
1.0,0.03333333333333333,0.03333333333333333,0.20866141732283464,0.02,0
0.0,0.307843137254902,0.027450980392156862,1.0,0.0,1
1.0,0.00980392156862745,0.021568627450980392,1.0,0.0,0
1.0,0.00784313725490196,0.00980392156862745,0.015748031496062992,0.2,0
1.0,0.0,0.0,0.1377952755905512,0.03,0
1.0,0.0058823529411764705,0.0058823529411764705,0.011811023622047244,0.25,0
0.0,0.0,0.0,1.0,0.94,0
1.0,0.01568627450980392,0.01568627450980392,1.0,0.0,0
1.0,0.0,0.00196078431372549,0.05511811023622047,0.07,0
1.0,0.00980392156862745,0.00980392156862745,0.24803149606299213,0.02,0
1.0,0.00196078431372549,0.00196078431372549,0.011811023622047244,0.25,0
1.0,0.0,0.0,0.1968503937007874,0.02,0
1.0,0.01764705882352941,0.023529411764705882,0.06299212598425197,0.06,0
0.0,0.0,0.0,1.0,0.0,0
1.0,0.0058823529411764705,0.00784313725490196,0.3346456692913386,0.01,0
1.0,0.00196078431372549,0.01568627450980392,0.06692913385826772,0.06,0
1.0,0.0,0.0,0.031496062992125984,0.11,0
0.0,0.0,0.0,0.023622047244094488,0.14,0
1.0,0.06666666666666667,0.07058823529411765,0.2992125984251969,0.01,0
0.0,0.0,0.0,0.4921259842519685,0.99,0
1.0,0.00784313725490196,0.00784313725490196,0.7834645669291339,0.0,0
0.0,0.0,0.0,0.06299212598425197,0.06,0
0.0,0.0,0.023529411764705882,0.16929133858267717,0.7,0
1.0,0.01764705882352941,0.01764705882352941,1.0,0.0,0
1.0,0.00980392156862745,0.00980392156862745,0.01968503937007874,0.17,0
0.0,0.19411764705882353,0.0,1.0,0.0,1
1.0,0.0,0.0,1.0,0.0,0
0.0,0.12549019607843137,0.12549019607843137,1.0,0.0,0
1.0,0.029411764705882353,0.03137254901960784,1.0,0.0,0
0.0,1.0,1.0,1.0,1.0,1
1.0,0.03529411764705882,0.03725490196078431,1.0,0.0,0
1.0,0.01568627450980392,0.0196078431372549,0.031496062992125984,0.11,0
1.0,0.00196078431372549,0.0058823529411764705,0.9606299212598425,0.0,0
1.0,0.03333333333333333,0.03333333333333333,0.1732283464566929,0.02,0
1.0,0.00980392156862745,0.00784313725490196,0.12992125984251968,0.03,0
1.0,0.01568627450980392,0.01568627450980392,0.031496062992125984,0.11,0
0.0,0.0,0.0,1.0,0.88,0
1.0,0.013725490196078431,0.013725490196078431,0.515748031496063,0.01,0
0.0,0.0,0.0,0.007874015748031496,0.33,0
0.0,0.0,0.0,1.0,0.9,0
1.0,0.0196078431372549,0.0196078431372549,0.14566929133858267,0.03,0
1.0,0.023529411764705882,0.023529411764705882,0.17716535433070865,0.02,0
0.0,1.0,1.0,1.0,1.0,1
0.0,0.025490196078431372,0.15294117647058825,1.0,0.0,0
0.0,0.0,0.0,0.015748031496062992,0.2,0
0.0,0.01568627450980392,0.025490196078431372,1.0,0.0,0
0.0,0.0,0.00196078431372549,1.0,0.04,0
1.0,0.0196078431372549,0.0196078431372549,1.0,0.0,0
0.0,0.0,0.00196078431372549,0.023622047244094488,0.14,0
0.0,0.0,0.0,1.0,0.99,0
1.0,0.045098039215686274,0.045098039215686274,1.0,0.0,0
1.0,0.00784313725490196,0.00784313725490196,1.0,0.0,0
1.0,0.00980392156862745,0.00980392156862745,0.01968503937007874,0.17,0
0.0,0.2607843137254902,0.01764705882352941,1.0,0.0,1
1.0,0.00196078431372549,0.00196078431372549,0.1141732283464567,0.03,0
1.0,0.00392156862745098,0.03725490196078431,0.007874015748031496,0.33,0
1.0,0.00196078431372549,0.00196078431372549,0.003937007874015748,0.5,0
1.0,0.0392156862745098,0.0392156862745098,1.0,0.0,0
1.0,0.00196078431372549,0.00196078431372549,0.9881889763779528,0.34,0
1.0,0.045098039215686274,0.045098039215686274,0.9606299212598425,0.0,0
0.0,0.4843137254901961,0.023529411764705882,1.0,0.0,1
1.0,0.0,0.00196078431372549,0.6141732283464567,0.01,0
1.0,0.01764705882352941,0.01764705882352941,1.0,0.0,0
1.0,0.041176470588235294,0.060784313725490195,1.0,0.0,0
1.0,0.00980392156862745,0.00980392156862745,0.4566929133858268,0.01,0
0.0,0.011764705882352941,0.0,1.0,0.1,0
1.0,0.043137254901960784,0.043137254901960784,1.0,0.0,0
0.0,0.00784313725490196,0.0,1.0,0.99,0
1.0,0.0,0.00392156862745098,0.15354330708661418,0.03,0
1.0,0.00980392156862745,0.021568627450980392,0.08661417322834646,0.04,0
1.0,0.00392156862745098,0.00392156862745098,0.25196850393700787,0.2,0
1.0,0.0,0.0,0.2795275590551181,0.01,0
1.0,0.0058823529411764705,0.023529411764705882,0.16535433070866143,0.02,0
1.0,0.00980392156862745,0.011764705882352941,0.21653543307086615,0.21,0
0.0,0.0,0.0,0.24803149606299213,1.0,0
1.0,0.0,0.0,0.0,1.0,0
1.0,0.054901960784313725,0.08627450980392157,1.0,0.0,0
1.0,0.0,0.0,0.8661417322834646,0.0,0
1.0,0.00196078431372549,0.00980392156862745,0.3700787401574803,0.01,0
1.0,0.043137254901960784,0.043137254901960784,0.984251968503937,0.0,0
0.0,0.9980392156862745,0.9980392156862745,1.0,1.0,1
1.0,0.0,0.0,1.0,0.0,0
1.0,0.011764705882352941,0.11568627450980393,1.0,0.0,0
1.0,0.045098039215686274,0.11960784313725491,0.7559055118110236,0.01,0
1.0,0.027450980392156862,0.029411764705882353,0.25984251968503935,0.01,0
1.0,0.00196078431372549,0.00196078431372549,0.4330708661417323,0.01,0
0.0,0.0,0.0,0.09055118110236221,1.0,0
0.0,1.0,1.0,1.0,1.0,1
1.0,0.025490196078431372,0.027450980392156862,0.65748031496063,0.01,0
1.0,0.0,0.0,0.2559055118110236,0.02,0
0.0,0.0,0.0,1.0,0.99,0
1.0,0.00980392156862745,0.029411764705882353,0.051181102362204724,0.07,0
1.0,0.00196078431372549,0.00196078431372549,0.30708661417322836,0.01,0
1.0,0.0,0.0,0.03543307086614173,0.1,0
0.0,0.5411764705882353,0.027450980392156862,1.0,0.0,1
1.0,0.013725490196078431,0.013725490196078431,1.0,0.0,0
1.0,0.0,0.00196078431372549,0.0,1.0,0
1.0,0.01568627450980392,0.0196078431372549,0.28346456692913385,0.01,0
1.0,0.00784313725490196,0.00784313725490196,0.10236220472440945,0.04,0
1.0,0.00392156862745098,0.00392156862745098,1.0,0.0,0
1.0,0.00980392156862745,0.00980392156862745,0.5236220472440944,0.01,0
0.0,0.050980392156862744,0.050980392156862744,0.24015748031496062,0.02,0
1.0,0.0,0.0,0.65748031496063,0.01,0
0.0,0.0,0.00196078431372549,0.2125984251968504,0.2,0
0.0,0.0,0.0,1.0,0.02,0
0.0,0.0,0.00196078431372549,0.003937007874015748,0.5,0
1.0,0.0,0.0,0.047244094488188976,0.08,0
1.0,0.0,0.0,0.18110236220472442,0.02,0
0.0,0.0,0.0,1.0,0.01,0
0.0,0.0,0.0,0.007874015748031496,0.33,0
0.0,1.0,1.0,1.0,1.0,1
1.0,0.0,0.00392156862745098,0.4448818897637795,0.01,0
0.0,0.0392156862745098,0.0392156862745098,0.952755905511811,0.34,0
0.0,0.0,0.0,0.015748031496062992,1.0,0
0.0,0.07647058823529412,0.21568627450980393,1.0,0.0,0
0.0,1.0,1.0,1.0,1.0,1
1.0,0.00784313725490196,0.00784313725490196,1.0,0.0,0
1.0,0.011764705882352941,0.011764705882352941,0.11023622047244094,0.03,0
0.0,0.00784313725490196,0.0,1.0,1.0,0
1.0,0.01568627450980392,0.025490196078431372,0.1377952755905512,0.03,0
1.0,0.0058823529411764705,0.0058823529411764705,0.027559055118110236,0.12,0
1.0,0.0,0.0,0.16535433070866143,0.02,0
1.0,0.00196078431372549,0.00196078431372549,1.0,0.0,0
1.0,0.0,0.0,0.03937007874015748,0.09,0
0.0,0.0,0.0,1.0,0.88,0
1.0,0.021568627450980392,0.027450980392156862,1.0,0.0,0
0.0,0.0,0.0,1.0,0.0,0
0.0,1.0,1.0,1.0,1.0,1
0.0,0.00980392156862745,0.01568627450980392,1.0,0.0,0
0.0,1.0,1.0,1.0,1.0,1
1.0,0.00196078431372549,0.054901960784313725,0.10236220472440945,0.04,0
1.0,0.011764705882352941,0.011764705882352941,0.08661417322834646,0.04,0
1.0,0.056862745098039215,0.056862745098039215,1.0,0.0,0
1.0,0.0,0.045098039215686274,0.1062992125984252,0.04,0
0.0,1.0,1.0,1.0,1.0,1
1.0,0.0,0.0,0.8346456692913385,0.0,0
1.0,0.050980392156862744,0.0784313725490196,1.0,0.0,0
1.0,0.0196078431372549,0.021568627450980392,0.07480314960629922,0.05,0
1.0,0.0058823529411764705,0.013725490196078431,0.1968503937007874,0.02,0
0.0,0.0,0.0,1.0,0.01,0
1.0,0.0,0.0,0.5551181102362205,0.01,0
1.0,0.0,0.00196078431372549,1.0,0.0,0
1.0,0.0,0.00784313725490196,0.13385826771653545,0.03,0
0.0,0.5509803921568628,0.00784313725490196,1.0,0.0,1
0.0,0.0,0.0,0.007874015748031496,0.33,0
1.0,0.054901960784313725,0.058823529411764705,1.0,0.0,0
1.0,0.052941176470588235,0.052941176470588235,1.0,0.0,0
1.0,0.0,0.00196078431372549,0.27165354330708663,0.01,0
1.0,0.00980392156862745,0.00980392156862745,1.0,0.0,0
0.0,0.0,0.0,0.1889763779527559,0.57,0
1.0,0.0,0.0,0.07480314960629922,0.05,0
0.0,0.0,0.0,0.0,1.0,0
1.0,0.00196078431372549,0.00196078431372549,1.0,0.0,0
1.0,0.0,0.0,0.05905511811023622,0.06,0
0.0,0.4745098039215686,0.011764705882352941,1.0,0.0,1
1.0,0.0058823529411764705,0.0058823529411764705,1.0,0.0,0
1.0,0.00784313725490196,0.027450980392156862,1.0,0.0,0
0.0,0.00196078431372549,0.00196078431372549,1.0,0.01,0
1.0,0.0,0.0,0.37401574803149606,0.01,0
1.0,0.00784313725490196,0.00784313725490196,1.0,0.0,0
1.0,0.025490196078431372,0.045098039215686274,1.0,0.0,0
0.0,0.09019607843137255,0.09019607843137255,1.0,0.2,0
1.0,0.0,0.0,0.0,1.0,0
1.0,0.0,0.00196078431372549,0.36220472440944884,0.01,0
1.0,0.0196078431372549,0.0196078431372549,1.0,0.0,0
0.0,1.0,1.0,1.0,1.0,1
1.0,0.00196078431372549,0.0784313725490196,0.023622047244094488,0.14,0
1.0,0.01568627450980392,0.01568627450980392,0.7401574803149606,0.01,0
1.0,0.03529411764705882,0.03529411764705882,1.0,0.0,0
1.0,0.0196078431372549,0.0196078431372549,0.20078740157480315,0.02,0
0.0,0.5745098039215686,0.03725490196078431,1.0,0.0,1
0.0,1.0,1.0,1.0,1.0,1
1.0,0.00392156862745098,0.00392156862745098,0.24803149606299213,0.3,0
0.0,1.0,1.0,1.0,1.0,1
1.0,0.01764705882352941,0.023529411764705882,1.0,0.0,0
0.0,0.4666666666666667,0.00196078431372549,1.0,0.0,1
1.0,0.0058823529411764705,0.0058823529411764705,0.06692913385826772,0.06,0
0.0,0.20980392156862746,0.20980392156862746,1.0,1.0,1
1.0,0.041176470588235294,0.041176470588235294,0.9921259842519685,0.0,0
1.0,0.0058823529411764705,0.0058823529411764705,0.011811023622047244,0.25,0
0.0,0.0,0.0,0.007874015748031496,0.33,0
1.0,0.0,0.00392156862745098,0.35039370078740156,0.01,0
1.0,0.011764705882352941,0.011764705882352941,0.16535433070866143,0.02,0
1.0,0.0196078431372549,0.0196078431372549,1.0,0.0,0
1.0,0.011764705882352941,0.011764705882352941,0.023622047244094488,0.14,0
1.0,0.023529411764705882,0.023529411764705882,1.0,0.0,0
0.0,1.0,1.0,1.0,1.0,1
1.0,0.00784313725490196,0.029411764705882353,0.09448818897637795,0.04,0
1.0,0.06666666666666667,0.0803921568627451,1.0,0.0,0
1.0,0.00196078431372549,0.0,0.5196850393700787,0.01,0
1.0,0.0,0.0,0.5905511811023622,0.01,0
0.0,0.0,0.0,1.0,0.0,0
1.0,0.0,0.00980392156862745,0.09448818897637795,0.04,0
1.0,0.0,0.0,0.1377952755905512,0.28,0
1.0,0.0,0.0,0.0,1.0,0
0.0,0.00392156862745098,0.0,1.0,1.0,0
0.0,0.0,0.0,1.0,0.99,0
0.0,0.00196078431372549,0.00196078431372549,0.1732283464566929,0.56,0
1.0,0.0,0.0,0.32677165354330706,0.01,0
1.0,0.0196078431372549,0.050980392156862744,1.0,0.0,0
1.0,0.0,0.0,0.3858267716535433,0.01,0
0.0,0.0,0.00196078431372549,0.0,1.0,0
0.0,0.00196078431372549,0.00196078431372549,1.0,0.01,0
1.0,0.00196078431372549,0.00196078431372549,0.12992125984251968,0.24,0
0.0,0.00196078431372549,0.00196078431372549,0.4330708661417323,0.16,0
0.0,0.0,0.0,0.031496062992125984,0.11,0
1.0,0.0,0.0,0.4566929133858268,0.03,0
0.0,0.1,0.18627450980392157,1.0,0.01,0
1.0,0.0,0.0,1.0,0.0,0
1.0,0.0196078431372549,0.0196078431372549,0.03937007874015748,0.09,0
0.0,0.0058823529411764705,0.013725490196078431,1.0,0.0,0
1.0,0.0058823529411764705,0.0058823529411764705,0.1220472440944882,0.03,0
1.0,0.00392156862745098,0.00196078431372549,1.0,0.0,0
1.0,0.01764705882352941,0.01764705882352941,0.16929133858267717,0.02,0
0.0,0.00196078431372549,0.00196078431372549,1.0,0.01,0
1.0,0.00392156862745098,0.01568627450980392,0.8464566929133859,0.0,0
1.0,0.00392156862745098,0.00392156862745098,1.0,0.0,0
1.0,0.027450980392156862,0.027450980392156862,0.05511811023622047,0.07,0
1.0,0.10980392156862745,0.10980392156862745,0.6614173228346457,0.01,0
0.0,0.0,0.0,1.0,0.98,0
1.0,0.01568627450980392,0.01568627450980392,0.4645669291338583,0.01,0
1.0,0.013725490196078431,0.013725490196078431,1.0,0.01,0
1.0,0.047058823529411764,0.09803921568627451,1.0,0.0,0
0.0,0.0,0.0,0.003937007874015748,0.5,0
0.0,1.0,1.0,1.0,1.0,1
0.0,1.0,1.0,1.0,1.0,1
1.0,0.00392156862745098,0.060784313725490195,0.12598425196850394,0.03,0
1.0,0.00196078431372549,0.00980392156862745,1.0,0.0,0
1.0,0.00392156862745098,0.0058823529411764705,0.24803149606299213,0.02,0
1.0,0.00196078431372549,0.00196078431372549,1.0,0.0,0
1.0,0.00196078431372549,0.00196078431372549,1.0,0.0,0
1.0,0.0,0.0,1.0,0.0,0
1.0,0.060784313725490195,0.060784313725490195,1.0,0.0,0
1.0,0.056862745098039215,0.056862745098039215,0.5433070866141733,0.01,0
0.0,0.0058823529411764705,0.00392156862745098,1.0,0.1,0
0.0,1.0,1.0,1.0,1.0,1
0.0,0.01764705882352941,0.03137254901960784,1.0,0.0,0
0.0,0.0,0.0,1.0,0.0,0
1.0,0.047058823529411764,0.047058823529411764,1.0,0.0,0
1.0,0.025490196078431372,0.025490196078431372,1.0,0.0,0
1.0,0.00392156862745098,0.023529411764705882,0.5275590551181102,0.01,0
1.0,0.0058823529411764705,0.01568627450980392,1.0,0.0,0
0.0,0.07647058823529412,0.2372549019607843,1.0,0.01,0
1.0,0.021568627450980392,0.021568627450980392,0.2755905511811024,0.31,0
1.0,0.0,0.0,0.01968503937007874,0.17,0
0.0,0.8803921568627451,0.8803921568627451,1.0,1.0,1
1.0,0.01764705882352941,0.07647058823529412,0.07874015748031496,0.05,0
1.0,0.01568627450980392,0.01568627450980392,0.41338582677165353,0.01,0
1.0,0.0058823529411764705,0.0058823529411764705,0.2874015748031496,0.01,1
0.0,0.0,0.0,0.5984251968503937,0.01,0
1.0,0.0,0.00980392156862745,0.1889763779527559,0.02,0
1.0,0.045098039215686274,0.045098039215686274,1.0,0.0,0
1.0,0.01764705882352941,0.01764705882352941,0.03543307086614173,0.1,0
1.0,0.00784313725490196,0.00784313725490196,0.37401574803149606,0.01,0
1.0,0.0,0.0,0.20866141732283464,0.02,0
0.0,0.011764705882352941,0.013725490196078431,1.0,0.0,0
1.0,0.03333333333333333,0.041176470588235294,0.8700787401574803,0.0,0
1.0,0.0,0.0,0.15354330708661418,0.03,0
1.0,0.043137254901960784,0.043137254901960784,1.0,0.0,0
0.0,0.00196078431372549,0.00196078431372549,1.0,0.01,0
1.0,0.050980392156862744,0.050980392156862744,1.0,0.0,0
1.0,0.029411764705882353,0.029411764705882353,1.0,0.0,0
1.0,0.011764705882352941,0.011764705882352941,0.08267716535433071,0.05,0
1.0,0.0,0.0,0.7637795275590551,0.01,0
1.0,0.00980392156862745,0.00980392156862745,0.01968503937007874,0.17,0
1.0,0.041176470588235294,0.041176470588235294,0.08267716535433071,0.05,0
1.0,0.0,0.0,0.011811023622047244,0.25,0
1.0,0.0,0.0,0.5,0.01,0
1.0,0.027450980392156862,0.027450980392156862,1.0,0.0,0
1.0,0.013725490196078431,0.013725490196078431,0.11023622047244094,0.03,0
1.0,0.0,0.08431372549019608,0.03937007874015748,0.09,0
0.0,0.9980392156862745,0.9980392156862745,1.0,1.0,1
0.0,0.0,0.0,1.0,1.0,0
1.0,0.0058823529411764705,0.00784313725490196,0.011811023622047244,0.25,0
1.0,0.03529411764705882,0.03725490196078431,1.0,0.0,0
1.0,0.011764705882352941,0.047058823529411764,1.0,0.0,0
1.0,0.0,0.00784313725490196,0.08267716535433071,0.05,0
0.0,0.0,0.0,0.29133858267716534,1.0,0
1.0,0.00196078431372549,0.0058823529411764705,0.06692913385826772,0.06,0
1.0,0.0,0.0,0.015748031496062992,0.2,0
1.0,0.00784313725490196,0.00784313725490196,0.06692913385826772,0.06,0
0.0,0.9980392156862745,0.9980392156862745,1.0,1.0,1
1.0,0.0,0.0,0.3937007874015748,0.01,0
1.0,0.047058823529411764,0.047058823529411764,1.0,0.0,0
1.0,0.0196078431372549,0.025490196078431372,0.3700787401574803,0.01,0
0.0,1.0,1.0,1.0,1.0,1
0.0,0.00196078431372549,0.0058823529411764705,1.0,0.0,0
1.0,0.025490196078431372,0.027450980392156862,0.25196850393700787,0.02,0
1.0,0.023529411764705882,0.029411764705882353,1.0,0.0,0
1.0,0.06666666666666667,0.07450980392156863,1.0,0.0,0
1.0,0.0,0.0,0.023622047244094488,0.14,0
1.0,0.00196078431372549,0.00392156862745098,0.24803149606299213,0.02,0
1.0,0.027450980392156862,0.03333333333333333,1.0,0.0,0
1.0,0.027450980392156862,0.027450980392156862,1.0,0.0,0
0.0,0.00196078431372549,0.0,1.0,0.01,0
1.0,0.013725490196078431,0.01764705882352941,0.0984251968503937,0.04,0
1.0,0.0058823529411764705,0.0058823529411764705,0.6181102362204725,0.01,0
1.0,0.00784313725490196,0.01764705882352941,0.27165354330708663,0.01,0
1.0,0.00784313725490196,0.00784313725490196,0.06299212598425197,0.06,0
1.0,0.0,0.0,0.8149606299212598,0.0,0
0.0,0.0,0.0,0.33070866141732286,0.01,0
0.0,1.0,1.0,1.0,1.0,1
0.0,0.0,0.0,1.0,0.0,0
1.0,0.0,0.0,0.16929133858267717,0.02,0
1.0,0.013725490196078431,0.0392156862745098,0.30708661417322836,0.01,0
1.0,0.00196078431372549,0.00196078431372549,1.0,0.0,0
1.0,0.00196078431372549,0.00392156862745098,0.011811023622047244,0.25,0
1.0,0.0392156862745098,0.041176470588235294,1.0,0.0,0
0.0,0.00784313725490196,0.01568627450980392,1.0,0.0,0
0.0,0.0,0.0,0.8188976377952756,0.91,0
1.0,0.00392156862745098,0.00392156862745098,0.05511811023622047,0.07,0
1.0,0.0,0.00196078431372549,0.18110236220472442,0.02,0
1.0,0.013725490196078431,0.052941176470588235,0.18110236220472442,0.02,0
1.0,0.0,0.0,0.3543307086614173,0.01,0
0.0,0.0,0.0,1.0,0.0,0
1.0,0.0,0.00196078431372549,0.5433070866141733,0.01,0
1.0,0.0,0.0,0.3464566929133858,0.01,0
1.0,0.00784313725490196,0.00784313725490196,0.20078740157480315,0.02,0
1.0,0.0,0.0,0.2637795275590551,0.01,0
1.0,0.045098039215686274,0.06274509803921569,0.468503937007874,0.01,0
1.0,0.00196078431372549,0.00196078431372549,0.2047244094488189,0.02,0
0.0,0.0,0.0,0.015748031496062992,0.2,0
1.0,0.0058823529411764705,0.011764705882352941,1.0,0.0,0
1.0,0.0,0.0196078431372549,0.051181102362204724,0.07,0
0.0,0.0,0.0,1.0,0.01,0
1.0,0.0196078431372549,0.0196078431372549,1.0,0.0,0
0.0,1.0,1.0,1.0,1.0,1
1.0,0.0058823529411764705,0.0058823529411764705,0.011811023622047244,0.25,0
1.0,0.0,0.0,0.047244094488188976,0.08,0
1.0,0.027450980392156862,0.09803921568627451,0.40551181102362205,0.01,0
1.0,0.0,0.00196078431372549,0.6692913385826772,0.01,0
1.0,0.00196078431372549,0.00196078431372549,0.47244094488188976,0.01,0
0.0,0.4568627450980392,0.011764705882352941,1.0,0.0,1
0.0,0.00784313725490196,0.00784313725490196,0.3464566929133858,0.44,0
1.0,0.03333333333333333,0.03529411764705882,0.06692913385826772,0.06,0
1.0,0.0,0.0,0.23228346456692914,0.02,0
1.0,0.043137254901960784,0.043137254901960784,1.0,0.0,0
1.0,0.0,0.0,0.29133858267716534,0.01,0
0.0,0.0,0.0,1.0,0.0,0
0.0,0.0,0.00196078431372549,0.2559055118110236,0.02,0
1.0,0.0,0.0,0.2952755905511811,0.01,0
1.0,0.0058823529411764705,0.047058823529411764,0.023622047244094488,0.14,0
1.0,0.06666666666666667,0.06666666666666667,0.6181102362204725,0.01,0
1.0,0.03529411764705882,0.03529411764705882,1.0,0.0,0
1.0,0.021568627450980392,0.025490196078431372,0.35039370078740156,0.01,0
1.0,0.00196078431372549,0.0058823529411764705,0.6850393700787402,0.21,0
1.0,0.0,0.0,1.0,0.0,0
1.0,0.021568627450980392,0.021568627450980392,0.04330708661417323,0.08,0
0.0,0.00196078431372549,0.011764705882352941,1.0,0.0,0
0.0,0.09607843137254903,0.24901960784313726,0.6220472440944882,0.01,0
1.0,0.0,0.0,0.6614173228346457,0.01,0
0.0,0.0,0.0,1.0,1.0,0
1.0,0.0196078431372549,0.0196078431372549,1.0,0.0,0
1.0,0.056862745098039215,0.056862745098039215,1.0,0.0,0
1.0,0.00784313725490196,0.058823529411764705,0.5039370078740157,0.01,0
1.0,0.0,0.0,0.7952755905511811,0.01,0
0.0,0.0,0.0,0.011811023622047244,0.25,0
1.0,0.01568627450980392,0.047058823529411764,1.0,0.0,0
1.0,0.023529411764705882,0.023529411764705882,1.0,0.0,0
1.0,0.00196078431372549,0.025490196078431372,0.1889763779527559,0.02,0
1.0,0.021568627450980392,0.029411764705882353,0.04330708661417323,0.08,0
1.0,0.0196078431372549,0.0196078431372549,0.08267716535433071,0.05,0
1.0,0.0,0.0,1.0,0.0,0
1.0,0.041176470588235294,0.043137254901960784,1.0,0.0,0
0.0,0.00196078431372549,0.00196078431372549,1.0,0.01,0
1.0,0.041176470588235294,0.045098039215686274,1.0,0.0,0
0.0,0.0,0.00784313725490196,0.35826771653543305,0.01,0
1.0,0.029411764705882353,0.03333333333333333,0.1377952755905512,0.03,0
1.0,0.025490196078431372,0.025490196078431372,0.1141732283464567,0.03,0
1.0,0.043137254901960784,0.052941176470588235,0.08661417322834646,0.04,0
1.0,0.00980392156862745,0.00980392156862745,0.5118110236220472,0.01,0
1.0,0.027450980392156862,0.029411764705882353,1.0,0.0,0
1.0,0.0,0.00196078431372549,0.015748031496062992,0.2,0
1.0,0.025490196078431372,0.025490196078431372,0.051181102362204724,0.07,0
0.0,0.8725490196078431,0.8725490196078431,1.0,1.0,1
1.0,0.01568627450980392,0.01764705882352941,0.031496062992125984,0.11,0
1.0,0.01764705882352941,0.01764705882352941,0.03543307086614173,0.1,0
1.0,0.00392156862745098,0.0058823529411764705,1.0,0.0,0
1.0,0.00196078431372549,0.00196078431372549,0.007874015748031496,0.33,0
0.0,0.3156862745098039,0.03137254901960784,1.0,0.0,1
1.0,0.023529411764705882,0.023529411764705882,0.047244094488188976,0.08,0
1.0,0.025490196078431372,0.025490196078431372,0.8228346456692913,0.4,0
1.0,0.025490196078431372,0.027450980392156862,0.32677165354330706,0.01,0
0.0,0.00784313725490196,0.01568627450980392,1.0,0.0,0
0.0,0.9980392156862745,0.9980392156862745,1.0,1.0,1
1.0,0.021568627450980392,0.023529411764705882,1.0,0.0,0
1.0,0.00980392156862745,0.00980392156862745,0.9566929133858267,0.0,0
1.0,0.00980392156862745,0.00980392156862745,1.0,0.0,0
0.0,0.0,0.0,1.0,0.0,0
1.0,0.03333333333333333,0.03333333333333333,0.06692913385826772,0.06,0
0.0,1.0,1.0,1.0,1.0,1
1.0,0.021568627450980392,0.021568627450980392,0.9960629921259843,0.0,0
0.0,0.0,0.0,1.0,0.05,0
1.0,0.0,0.0,0.07086614173228346,0.05,0
0.0,1.0,1.0,1.0,1.0,1
1.0,0.01764705882352941,0.0196078431372549,0.547244094488189,0.01,0
1.0,0.03333333333333333,0.03333333333333333,0.2047244094488189,0.02,0
0.0,0.996078431372549,0.996078431372549,1.0,1.0,1
1.0,0.021568627450980392,0.056862745098039215,1.0,0.0,0
1.0,0.0,0.0,0.08267716535433071,0.05,0
1.0,0.0,0.0,1.0,0.0,0
1.0,0.00784313725490196,0.00784313725490196,1.0,0.0,0
1.0,0.00392156862745098,0.029411764705882353,0.08267716535433071,0.05,0
1.0,0.0,0.0,0.07874015748031496,0.05,0
0.0,0.0,0.0,0.5039370078740157,0.72,0
0.0,0.00196078431372549,0.00196078431372549,1.0,0.01,0
1.0,0.01568627450980392,0.029411764705882353,0.06299212598425197,0.06,0
0.0,0.4627450980392157,0.03529411764705882,1.0,0.0,1
1.0,0.0058823529411764705,0.043137254901960784,1.0,0.0,0
1.0,0.056862745098039215,0.058823529411764705,0.1141732283464567,0.03,0
0.0,0.9980392156862745,0.9980392156862745,1.0,1.0,1
1.0,0.00784313725490196,0.00784313725490196,1.0,0.0,0
0.0,0.0,0.0,1.0,0.99,0
1.0,0.0,0.0,0.9448818897637795,0.0,0
1.0,0.00196078431372549,0.0058823529411764705,0.003937007874015748,0.5,0
1.0,0.00196078431372549,0.00196078431372549,0.2677165354330709,0.17,0
1.0,0.023529411764705882,0.025490196078431372,1.0,0.0,0
1.0,0.0,0.01764705882352941,0.011811023622047244,0.25,0
0.0,1.0,1.0,1.0,1.0,1
1.0,0.0,0.0,0.0,1.0,0
1.0,0.0196078431372549,0.0196078431372549,0.03937007874015748,0.09,0
0.0,0.0,0.00392156862745098,0.6929133858267716,0.03,0
0.0,0.00196078431372549,0.00196078431372549,1.0,0.01,0
1.0,0.01764705882352941,0.01764705882352941,1.0,0.0,0
1.0,0.0058823529411764705,0.0058823529411764705,0.7007874015748031,0.01,0
1.0,0.0,0.0,0.7913385826771654,0.0,0
1.0,0.00784313725490196,0.00784313725490196,0.6732283464566929,0.01,0
0.0,0.0,0.0,1.0,0.95,0
1.0,0.00392156862745098,0.06274509803921569,1.0,0.0,0
1.0,0.023529411764705882,0.023529411764705882,0.7795275590551181,0.01,0
1.0,0.03333333333333333,0.0392156862745098,1.0,0.0,0
1.0,0.013725490196078431,0.013725490196078431,0.027559055118110236,0.12,0
1.0,0.047058823529411764,0.047058823529411764,1.0,0.0,0
0.0,0.0,0.0,1.0,1.0,0
1.0,0.03333333333333333,0.03333333333333333,0.952755905511811,0.0,0
1.0,0.013725490196078431,0.013725490196078431,0.6732283464566929,0.01,0
0.0,0.0,0.0,1.0,0.0,0
0.0,0.9980392156862745,0.9980392156862745,1.0,1.0,1
1.0,0.0,0.00196078431372549,0.5551181102362205,0.01,0
1.0,0.00196078431372549,0.00196078431372549,0.8385826771653543,0.0,0
0.0,0.00784313725490196,0.0058823529411764705,1.0,0.13,0
0.0,0.045098039215686274,0.045098039215686274,0.9881889763779528,0.51,0
1.0,0.00784313725490196,0.013725490196078431,0.18110236220472442,0.02,0
1.0,0.027450980392156862,0.027450980392156862,0.07086614173228346,0.05,0
1.0,0.00196078431372549,0.013725490196078431,0.03543307086614173,0.1,0
0.0,0.1411764705882353,0.1411764705882353,1.0,0.0,0
0.0,0.0,0.0,1.0,0.01,0
1.0,0.0196078431372549,0.0196078431372549,0.905511811023622,0.0,0
1.0,0.0392156862745098,0.041176470588235294,1.0,0.0,0
0.0,0.0,0.00392156862745098,0.6929133858267716,0.1,0
1.0,0.0,0.0,0.8188976377952756,0.0,0
1.0,0.00392156862745098,0.00392156862745098,1.0,0.0,0
0.0,0.0,0.0,1.0,0.0,0
1.0,0.0,0.0,0.421259842519685,0.01,0
1.0,0.011764705882352941,0.011764705882352941,0.14173228346456693,0.03,0
0.0,0.996078431372549,0.996078431372549,1.0,1.0,1
1.0,0.00392156862745098,0.01764705882352941,0.03543307086614173,0.1,0
1.0,0.013725490196078431,0.013725490196078431,1.0,0.0,0
1.0,0.00196078431372549,0.00392156862745098,0.10236220472440945,0.04,0
0.0,0.0058823529411764705,0.00392156862745098,1.0,0.06,0
1.0,0.013725490196078431,0.01568627450980392,0.9724409448818898,0.0,0
0.0,0.0,0.0,0.0,1.0,0
1.0,0.0058823529411764705,0.0058823529411764705,0.8818897637795275,0.0,0
0.0,0.0,0.0,1.0,1.0,0
0.0,0.12156862745098039,0.2803921568627451,0.7716535433070866,0.01,0
1.0,0.0,0.029411764705882353,0.0,1.0,0
0.0,0.00392156862745098,0.00196078431372549,1.0,0.07,0
0.0,0.0,0.0,0.30708661417322836,1.0,0
0.0,0.00392156862745098,0.00196078431372549,1.0,1.0,0
1.0,0.01568627450980392,0.01764705882352941,1.0,0.01,0
1.0,0.03333333333333333,0.03333333333333333,1.0,0.0,0
1.0,0.00784313725490196,0.01568627450980392,0.015748031496062992,0.2,0
0.0,0.0,0.0,1.0,0.99,0
0.0,0.013725490196078431,0.011764705882352941,1.0,0.11,0
0.0,0.0,0.00196078431372549,0.16535433070866143,0.02,0
1.0,0.021568627450980392,0.021568627450980392,0.04330708661417323,0.08,0
1.0,0.023529411764705882,0.023529411764705882,0.051181102362204724,0.07,0
1.0,0.0,0.0,0.6259842519685039,0.01,0
0.0,0.0058823529411764705,0.00196078431372549,1.0,0.97,0
1.0,0.00196078431372549,0.00196078431372549,0.11023622047244094,0.03,0
1.0,0.00784313725490196,0.00784313725490196,0.18503937007874016,0.02,0
1.0,0.0058823529411764705,0.00980392156862745,0.22440944881889763,0.02,0
1.0,0.021568627450980392,0.021568627450980392,1.0,0.0,0
1.0,0.011764705882352941,0.011764705882352941,0.027559055118110236,0.12,0
0.0,1.0,1.0,1.0,1.0,1
1.0,0.0,0.03137254901960784,0.04330708661417323,0.08,0
1.0,0.03333333333333333,0.043137254901960784,0.4330708661417323,0.01,0
1.0,0.0,0.00392156862745098,0.5354330708661418,0.01,0
1.0,0.0058823529411764705,0.0058823529411764705,1.0,0.0,0
1.0,0.025490196078431372,0.025490196078431372,1.0,0.0,0
1.0,0.0,0.0,0.06299212598425197,0.06,0
0.0,0.0,0.0,1.0,0.99,0
0.0,0.49607843137254903,0.025490196078431372,1.0,0.0,1
0.0,0.0,0.0,0.027559055118110236,0.12,0
0.0,1.0,1.0,1.0,1.0,1
0.0,0.0058823529411764705,0.00196078431372549,1.0,1.0,0
1.0,0.00392156862745098,0.00392156862745098,0.11811023622047244,0.03,0
0.0,0.00196078431372549,0.00196078431372549,0.01968503937007874,0.33,0
1.0,0.023529411764705882,0.0392156862745098,0.5196850393700787,0.01,0
0.0,0.00196078431372549,0.00196078431372549,0.8858267716535433,0.0,0
1.0,0.041176470588235294,0.041176470588235294,1.0,0.0,0
0.0,0.01568627450980392,0.0,1.0,0.0,0
0.0,1.0,1.0,1.0,1.0,1
1.0,0.01568627450980392,0.052941176470588235,0.03543307086614173,0.1,0
1.0,0.029411764705882353,0.029411764705882353,1.0,0.0,0
1.0,0.013725490196078431,0.013725490196078431,0.3661417322834646,0.01,0
1.0,0.0,0.013725490196078431,0.28346456692913385,0.01,0
0.0,0.0,0.0,1.0,0.0,0
0.0,0.0,0.00196078431372549,1.0,0.0,0
0.0,0.0,0.0,1.0,0.0,0
0.0,0.0,0.0,1.0,0.0,0
1.0,0.0,0.00196078431372549,0.4645669291338583,0.01,0
0.0,0.0,0.0,0.4330708661417323,0.49,0
1.0,0.0,0.0,1.0,0.0,0
0.0,0.07254901960784314,0.07450980392156863,0.14566929133858267,0.03,0
1.0,0.00196078431372549,0.011764705882352941,0.003937007874015748,0.5,0
1.0,0.021568627450980392,0.021568627450980392,0.594488188976378,0.01,0
1.0,0.045098039215686274,0.049019607843137254,0.38976377952755903,0.01,0
1.0,0.021568627450980392,0.025490196078431372,0.1220472440944882,0.03,0
1.0,0.0,0.0,0.6692913385826772,0.01,0
1.0,0.0,0.00392156862745098,0.5275590551181102,0.01,0
0.0,0.0,0.00196078431372549,0.0,1.0,0
1.0,0.0,0.00392156862745098,0.7795275590551181,0.01,0
1.0,0.0058823529411764705,0.00784313725490196,0.5393700787401575,0.01,0
1.0,0.0,0.0,0.2125984251968504,0.02,0
1.0,0.027450980392156862,0.043137254901960784,0.23228346456692914,0.02,0
0.0,0.0,0.0,0.37401574803149606,1.0,0
1.0,0.0,0.0,0.452755905511811,0.01,0
1.0,0.00980392156862745,0.011764705882352941,0.27165354330708663,0.01,0
0.0,0.00196078431372549,0.00196078431372549,1.0,0.01,0
1.0,0.00392156862745098,0.00392156862745098,0.007874015748031496,0.33,0
1.0,0.0,0.01568627450980392,0.3779527559055118,0.01,0
1.0,0.0,0.0,0.2677165354330709,0.01,0
1.0,0.03333333333333333,0.03333333333333333,0.06692913385826772,0.06,0
0.0,1.0,1.0,1.0,1.0,1
0.0,1.0,1.0,1.0,1.0,1
1.0,0.0,0.00392156862745098,0.4763779527559055,0.01,0
1.0,0.00196078431372549,0.00196078431372549,0.18110236220472442,0.55,0
0.0,0.0,0.0,1.0,1.0,0
1.0,0.013725490196078431,0.013725490196078431,0.2795275590551181,0.01,0
1.0,0.00980392156862745,0.00980392156862745,0.01968503937007874,0.17,0
1.0,0.0196078431372549,0.0196078431372549,1.0,0.0,0
1.0,0.03137254901960784,0.03137254901960784,0.2795275590551181,0.01,0
0.0,0.5686274509803921,0.03333333333333333,1.0,0.0,1
0.0,0.0,0.0,1.0,0.0,0
1.0,0.0196078431372549,0.025490196078431372,0.20078740157480315,0.02,0
1.0,0.0,0.00196078431372549,0.047244094488188976,0.08,0
1.0,0.0,0.00392156862745098,1.0,0.0,0
1.0,0.00392156862745098,0.00392156862745098,0.007874015748031496,0.33,0
1.0,0.049019607843137254,0.0803921568627451,1.0,0.0,0
1.0,0.00196078431372549,0.00196078431372549,0.5708661417322834,0.31,0
1.0,0.00196078431372549,0.00196078431372549,0.19291338582677164,0.02,0
1.0,0.013725490196078431,0.013725490196078431,0.562992125984252,0.01,0
0.0,1.0,1.0,1.0,1.0,1
1.0,0.0058823529411764705,0.0058823529411764705,1.0,0.0,0
1.0,0.0058823529411764705,0.0058823529411764705,1.0,0.0,0
1.0,0.00196078431372549,0.00196078431372549,0.11023622047244094,0.03,0
1.0,0.00392156862745098,0.029411764705882353,0.2047244094488189,0.02,0
1.0,0.011764705882352941,0.011764705882352941,1.0,0.0,0
1.0,0.013725490196078431,0.021568627450980392,1.0,0.0,0
0.0,0.3,0.3,1.0,0.0,0
0.0,0.0,0.0,1.0,0.0,0
0.0,0.0196078431372549,0.1784313725490196,1.0,0.0,0
1.0,0.0,0.0,0.6535433070866141,0.01,0
1.0,0.00196078431372549,0.00196078431372549,0.6417322834645669,0.13,0
1.0,0.023529411764705882,0.023529411764705882,0.25984251968503935,0.01,0
1.0,0.00196078431372549,0.00196078431372549,1.0,0.0,0
1.0,0.0,0.0,0.4409448818897638,0.01,0
1.0,0.01568627450980392,0.01568627450980392,0.8149606299212598,0.01,0
1.0,0.00196078431372549,0.00196078431372549,0.13385826771653545,0.03,0
0.0,0.0,0.0,0.003937007874015748,0.5,0
1.0,0.0058823529411764705,0.0058823529411764705,0.11023622047244094,0.03,0
0.0,0.00980392156862745,0.00980392156862745,0.07086614173228346,1.0,0
1.0,0.0,0.00196078431372549,0.6496062992125984,0.01,0
0.0,1.0,1.0,1.0,1.0,1
1.0,0.023529411764705882,0.052941176470588235,0.0984251968503937,0.04,0
0.0,0.0,0.0,1.0,1.0,0
0.0,0.0,0.0,0.007874015748031496,0.33,0
0.0,0.3137254901960784,0.3156862745098039,1.0,0.0,0
1.0,0.03333333333333333,0.03333333333333333,0.2440944881889764,0.02,0
1.0,0.013725490196078431,0.027450980392156862,0.6653543307086615,0.01,0
1.0,0.0,0.0,1.0,0.0,0
1.0,0.00980392156862745,0.00980392156862745,0.5236220472440944,0.01,0
1.0,0.027450980392156862,0.027450980392156862,0.16929133858267717,0.02,0
1.0,0.0,0.0,0.27165354330708663,0.01,0
1.0,0.0,0.00196078431372549,0.5748031496062992,0.01,0
1.0,0.0,0.0,0.07480314960629922,0.05,0
1.0,0.00784313725490196,0.00784313725490196,0.9133858267716536,0.0,0
1.0,0.0,0.0,1.0,0.0,0
0.0,1.0,1.0,1.0,1.0,1
1.0,0.013725490196078431,0.013725490196078431,0.6299212598425197,0.01,0
1.0,0.0,0.0,1.0,0.0,0
1.0,0.00196078431372549,0.0196078431372549,0.4921259842519685,0.01,0
1.0,0.021568627450980392,0.021568627450980392,0.4921259842519685,0.01,0
1.0,0.00980392156862745,0.00980392156862745,0.07086614173228346,0.05,0
0.0,0.0,0.0,1.0,0.0,0
1.0,0.01764705882352941,0.01764705882352941,0.14566929133858267,0.03,0
1.0,0.021568627450980392,0.021568627450980392,0.04330708661417323,0.08,0
0.0,0.0058823529411764705,0.00196078431372549,1.0,0.95,0
0.0,0.0,0.0,0.007874015748031496,0.33,0
1.0,0.00196078431372549,0.00196078431372549,1.0,0.0,0
1.0,0.0,0.00196078431372549,0.15354330708661418,0.03,0
0.0,1.0,1.0,1.0,1.0,1
1.0,0.00196078431372549,0.00196078431372549,1.0,0.0,0
1.0,0.0,0.0,0.15748031496062992,0.02,0
0.0,0.08431372549019608,0.2372549019607843,0.9173228346456693,0.0,0
0.0,0.00196078431372549,0.00196078431372549,1.0,0.01,0
0.0,0.0,0.0,0.30708661417322836,0.01,0
1.0,0.00196078431372549,0.00196078431372549,0.3346456692913386,0.01,0
1.0,0.0196078431372549,0.0196078431372549,0.2440944881889764,0.02,0
1.0,0.041176470588235294,0.041176470588235294,1.0,0.0,0
1.0,0.0058823529411764705,0.0058823529411764705,0.5236220472440944,0.01,0
1.0,0.03725490196078431,0.06666666666666667,1.0,0.0,0
0.0,0.9980392156862745,0.9980392156862745,1.0,1.0,1
1.0,0.029411764705882353,0.0,0.46062992125984253,0.6,0
0.0,0.0,0.0,1.0,0.0,0
0.0,1.0,1.0,1.0,1.0,1
1.0,0.00980392156862745,0.011764705882352941,1.0,0.0,0
1.0,0.0,0.0,0.5078740157480315,0.02,0
0.0,1.0,1.0,1.0,1.0,1
1.0,0.021568627450980392,0.021568627450980392,0.04330708661417323,0.08,0
1.0,0.00196078431372549,0.00196078431372549,0.2440944881889764,0.02,0
1.0,0.011764705882352941,0.011764705882352941,0.5118110236220472,0.01,0
1.0,0.00196078431372549,0.013725490196078431,0.4409448818897638,0.01,0
1.0,0.0,0.0,0.6456692913385826,0.01,0
0.0,0.0,0.0,1.0,0.0,0
0.0,1.0,1.0,1.0,1.0,1
0.0,0.0,0.0,1.0,1.0,0
0.0,0.00196078431372549,0.00196078431372549,0.3031496062992126,0.15,0
0.0,0.0,0.0,0.15748031496062992,0.02,0
0.0,0.0,0.0,0.011811023622047244,0.25,0
1.0,0.0,0.0,0.27165354330708663,0.01,0
1.0,0.01568627450980392,0.025490196078431372,1.0,0.0,0
0.0,0.00196078431372549,0.00196078431372549,0.01968503937007874,0.17,0
1.0,0.0,0.0,1.0,0.0,0
1.0,0.00980392156862745,0.00980392156862745,0.15354330708661418,0.03,0
0.0,1.0,1.0,1.0,1.0,1
1.0,0.011764705882352941,0.011764705882352941,0.6968503937007874,0.01,0
1.0,0.03529411764705882,0.03529411764705882,1.0,0.0,0
1.0,0.00196078431372549,0.00196078431372549,0.2795275590551181,0.01,0
1.0,0.00196078431372549,0.00196078431372549,0.30708661417322836,0.01,0
1.0,0.0,0.0,0.0,1.0,0
0.0,0.0,0.0,0.24015748031496062,0.02,0
0.0,0.00196078431372549,0.00196078431372549,1.0,0.01,0
1.0,0.00392156862745098,0.00392156862745098,0.1141732283464567,0.03,0
0.0,0.0,0.0,1.0,0.01,0
1.0,0.027450980392156862,0.03725490196078431,0.2047244094488189,0.02,0
0.0,1.0,1.0,1.0,1.0,1
1.0,0.01568627450980392,0.01568627450980392,0.8070866141732284,0.0,0
1.0,0.013725490196078431,0.0196078431372549,1.0,0.0,0
0.0,0.025490196078431372,0.03725490196078431,1.0,0.01,0
1.0,0.00196078431372549,0.00196078431372549,0.22440944881889763,0.02,0
0.0,1.0,1.0,1.0,1.0,1
1.0,0.0,0.0,0.05511811023622047,0.07,0
0.0,0.011764705882352941,0.027450980392156862,1.0,0.25,0
0.0,0.0,0.0,0.3188976377952756,0.24,0
1.0,0.060784313725490195,0.06274509803921569,1.0,0.0,0
1.0,0.013725490196078431,0.049019607843137254,0.7283464566929134,0.01,0
1.0,0.0,0.0,0.6614173228346457,0.01,0
1.0,0.027450980392156862,0.029411764705882353,1.0,0.0,0
0.0,0.0,0.0,0.015748031496062992,0.2,0
1.0,0.0,0.00196078431372549,1.0,0.0,0
1.0,0.03333333333333333,0.03333333333333333,0.06692913385826772,0.06,0
1.0,0.0,0.00196078431372549,0.1220472440944882,0.03,0
1.0,0.00196078431372549,0.0058823529411764705,1.0,0.0,0
1.0,0.025490196078431372,0.025490196078431372,0.051181102362204724,0.07,0
1.0,0.045098039215686274,0.047058823529411764,0.6811023622047244,0.01,0
1.0,0.021568627450980392,0.023529411764705882,0.7362204724409449,0.01,0
1.0,0.01568627450980392,0.01568627450980392,0.5275590551181102,0.01,0
0.0,0.23137254901960785,0.01568627450980392,1.0,0.0,1
1.0,0.0058823529411764705,0.0058823529411764705,0.30708661417322836,0.01,0
0.0,0.0,0.0,0.6968503937007874,0.19,0
0.0,0.0,0.0,0.09055118110236221,0.04,0
1.0,0.025490196078431372,0.027450980392156862,0.531496062992126,0.01,0
1.0,0.023529411764705882,0.023529411764705882,1.0,0.0,0
1.0,0.00196078431372549,0.00196078431372549,0.2125984251968504,0.07,0
0.0,0.0,0.0,0.1141732283464567,0.47,0
1.0,0.00980392156862745,0.00980392156862745,0.01968503937007874,0.17,0
1.0,0.011764705882352941,0.021568627450980392,0.1889763779527559,0.02,0
1.0,0.01764705882352941,0.023529411764705882,0.39763779527559057,0.01,0
1.0,0.0196078431372549,0.03137254901960784,0.9881889763779528,0.0,0
1.0,0.0,0.00196078431372549,0.452755905511811,0.01,0
0.0,0.013725490196078431,0.013725490196078431,0.027559055118110236,1.0,0
1.0,0.0,0.0,0.4330708661417323,0.01,0
1.0,0.00196078431372549,0.00196078431372549,0.1062992125984252,0.04,0
1.0,0.027450980392156862,0.027450980392156862,1.0,0.0,0
1.0,0.027450980392156862,0.027450980392156862,0.937007874015748,0.0,0
1.0,0.011764705882352941,0.011764705882352941,1.0,0.0,0
0.0,0.0,0.0,0.0,1.0,0
1.0,0.021568627450980392,0.021568627450980392,1.0,0.0,0
1.0,0.0058823529411764705,0.0058823529411764705,0.047244094488188976,0.08,0
1.0,0.00196078431372549,0.00196078431372549,0.1141732283464567,0.03,0
1.0,0.03137254901960784,0.03137254901960784,1.0,0.0,0
1.0,0.0,0.0,0.2874015748031496,0.01,0
0.0,0.00196078431372549,0.00196078431372549,1.0,0.01,0
0.0,0.5588235294117647,0.025490196078431372,1.0,0.0,1
0.0,0.0,0.0,1.0,0.01,0
0.0,0.00784313725490196,0.0058823529411764705,1.0,0.07,0
1.0,0.10784313725490197,0.10784313725490197,0.23228346456692914,0.02,0
1.0,0.029411764705882353,0.0392156862745098,1.0,0.0,0
0.0,0.31176470588235294,0.46862745098039216,1.0,0.01,0
1.0,0.0058823529411764705,0.00784313725490196,1.0,0.0,0
1.0,0.0,0.0,0.8582677165354331,0.0,0
1.0,0.0,0.0,0.04330708661417323,0.08,0
1.0,0.00196078431372549,0.047058823529411764,1.0,0.0,0
0.0,0.0058823529411764705,0.00980392156862745,1.0,0.0,0
1.0,0.00392156862745098,0.00392156862745098,0.03543307086614173,0.1,0
0.0,0.043137254901960784,0.047058823529411764,1.0,0.0,0
0.0,0.00980392156862745,0.01764705882352941,1.0,0.0,0
0.0,0.13333333333333333,0.13333333333333333,1.0,0.27,1
1.0,0.025490196078431372,0.03137254901960784,0.1220472440944882,0.03,0
1.0,0.011764705882352941,0.01568627450980392,1.0,0.0,0
0.0,0.0,0.0,0.027559055118110236,0.12,0
1.0,0.021568627450980392,0.021568627450980392,0.11023622047244094,0.03,0
1.0,0.0058823529411764705,0.0058823529411764705,1.0,0.0,0
0.0,0.0,0.0,1.0,0.0,0
1.0,0.0,0.00784313725490196,0.14173228346456693,0.03,0
1.0,0.0058823529411764705,0.021568627450980392,0.5905511811023622,0.01,0
0.0,0.0,0.0,1.0,0.0,0
1.0,0.027450980392156862,0.03137254901960784,1.0,0.0,0
0.0,0.0,0.0,0.015748031496062992,0.2,0
0.0,0.00392156862745098,0.00196078431372549,1.0,0.01,0
0.0,1.0,1.0,1.0,1.0,1
0.0,0.0,0.0,1.0,1.0,0
1.0,0.00196078431372549,0.00392156862745098,1.0,0.0,0
1.0,0.025490196078431372,0.11372549019607843,1.0,0.0,0
0.0,0.0,0.0,1.0,1.0,0
1.0,0.0,0.0,0.12598425196850394,0.03,0
1.0,0.027450980392156862,0.029411764705882353,0.5354330708661418,0.01,0
1.0,0.00980392156862745,0.00980392156862745,0.2125984251968504,0.02,0
0.0,0.0,0.0,1.0,0.0,0
1.0,0.03529411764705882,0.03529411764705882,0.3110236220472441,0.01,0
1.0,0.03333333333333333,0.03333333333333333,0.18503937007874016,0.02,0
1.0,0.0,0.0,0.40551181102362205,0.01,0
0.0,0.9980392156862745,0.9980392156862745,1.0,1.0,1
0.0,0.049019607843137254,0.2,1.0,0.0,0
0.0,1.0,1.0,1.0,1.0,1
1.0,0.00392156862745098,0.00392156862745098,0.007874015748031496,0.33,0
1.0,0.00980392156862745,0.00980392156862745,0.01968503937007874,0.17,0
1.0,0.03725490196078431,0.0392156862745098,0.38188976377952755,0.01,0
1.0,0.0058823529411764705,0.0058823529411764705,0.5,0.01,0
1.0,0.06666666666666667,0.06666666666666667,0.3031496062992126,0.01,0
1.0,0.0,0.0,1.0,0.0,0
0.0,0.01764705882352941,0.027450980392156862,1.0,0.0,0
1.0,0.01568627450980392,0.025490196078431372,0.2952755905511811,0.01,0
1.0,0.0058823529411764705,0.00784313725490196,0.16535433070866143,0.02,0
0.0,0.0,0.0,1.0,0.0,0
0.0,0.0058823529411764705,0.00196078431372549,1.0,1.0,0
0.0,0.0,0.00196078431372549,0.09448818897637795,0.04,0
1.0,0.00980392156862745,0.03529411764705882,0.594488188976378,0.01,0
0.0,0.0,0.0,0.11811023622047244,0.03,0
0.0,0.8784313725490196,0.8784313725490196,1.0,1.0,1
0.0,0.0,0.0,0.0,1.0,0
0.0,0.0,0.0,1.0,0.01,0
1.0,0.00980392156862745,0.013725490196078431,0.01968503937007874,0.17,0
0.0,0.0,0.0,1.0,1.0,0
1.0,0.0058823529411764705,0.0058823529411764705,0.3031496062992126,0.01,0
1.0,0.0,0.0,0.1220472440944882,0.03,0
1.0,0.047058823529411764,0.07450980392156863,0.41732283464566927,0.01,0
1.0,0.00980392156862745,0.021568627450980392,0.1141732283464567,0.03,0
0.0,0.0058823529411764705,0.00392156862745098,1.0,0.15,0
1.0,0.01568627450980392,0.0196078431372549,1.0,0.0,0
1.0,0.00196078431372549,0.00196078431372549,0.5393700787401575,0.38,0
1.0,0.0,0.0,1.0,0.0,0
1.0,0.07254901960784314,0.12549019607843137,1.0,0.0,0
1.0,0.021568627450980392,0.021568627450980392,1.0,0.0,0
0.0,0.00196078431372549,0.00392156862745098,0.6417322834645669,0.15,0
0.0,1.0,1.0,1.0,1.0,1
1.0,0.0058823529411764705,0.0058823529411764705,0.011811023622047244,0.25,0
1.0,0.00392156862745098,0.0058823529411764705,0.031496062992125984,0.11,0
1.0,0.0,0.0,0.2559055118110236,0.02,0
1.0,0.01568627450980392,0.01568627450980392,0.031496062992125984,0.11,0
0.0,0.0,0.0,1.0,1.0,0
1.0,0.00196078431372549,0.00196078431372549,0.5275590551181102,0.01,0
1.0,0.00392156862745098,0.00392156862745098,0.05905511811023622,0.06,0
0.0,1.0,1.0,1.0,1.0,1
1.0,0.013725490196078431,0.013725490196078431,0.594488188976378,0.01,0
0.0,0.00392156862745098,0.0,1.0,0.05,0
1.0,0.047058823529411764,0.07058823529411765,0.30708661417322836,0.01,0
0.0,0.0,0.0,0.29133858267716534,1.0,0
1.0,0.027450980392156862,0.027450980392156862,1.0,0.0,0
1.0,0.0,0.0,1.0,0.0,0
1.0,0.0058823529411764705,0.0058823529411764705,1.0,0.0,0
1.0,0.0,0.0,1.0,0.0,0
1.0,0.01568627450980392,0.01568627450980392,0.3425196850393701,0.01,0
0.0,0.0,0.0,0.5433070866141733,0.01,0
1.0,0.0,0.0,1.0,0.0,0
1.0,0.00196078431372549,0.00196078431372549,1.0,0.0,0
1.0,0.0,0.0,0.08267716535433071,0.05,0
0.0,0.9411764705882353,0.9411764705882353,1.0,1.0,1
1.0,0.00392156862745098,0.00392156862745098,0.23228346456692914,0.02,0
1.0,0.0392156862745098,0.0392156862745098,1.0,0.01,0
1.0,0.0392156862745098,0.041176470588235294,1.0,0.01,0
1.0,0.0,0.0,0.7598425196850394,0.01,0
1.0,0.00196078431372549,0.047058823529411764,0.08661417322834646,0.04,0
1.0,0.023529411764705882,0.025490196078431372,0.35826771653543305,0.01,0
0.0,0.029411764705882353,0.029411764705882353,0.7716535433070866,0.34,0
1.0,0.00980392156862745,0.011764705882352941,1.0,0.0,0
1.0,0.0,0.00196078431372549,0.0,1.0,0
1.0,0.043137254901960784,0.043137254901960784,0.5,0.01,0
1.0,0.0058823529411764705,0.0058823529411764705,1.0,0.0,0
1.0,0.0,0.0,1.0,0.0,0
1.0,0.00196078431372549,0.00196078431372549,0.24803149606299213,0.12,0
1.0,0.00196078431372549,0.03333333333333333,0.07086614173228346,0.05,0
1.0,0.027450980392156862,0.027450980392156862,0.05511811023622047,0.07,0
0.0,1.0,1.0,1.0,1.0,1
0.0,0.00392156862745098,0.00784313725490196,1.0,0.0,0
1.0,0.03725490196078431,0.03725490196078431,1.0,0.0,0
1.0,0.0,0.00196078431372549,0.5551181102362205,0.01,0
1.0,0.00980392156862745,0.01568627450980392,0.01968503937007874,0.17,0
0.0,0.0,0.0,0.0,1.0,0
1.0,0.0058823529411764705,0.00980392156862745,1.0,0.01,0
0.0,0.0,0.0,0.011811023622047244,0.25,0
0.0,1.0,1.0,1.0,1.0,1
1.0,0.0196078431372549,0.0196078431372549,1.0,0.0,0
1.0,0.049019607843137254,0.09803921568627451,1.0,0.0,0
0.0,0.0,0.0,1.0,0.0,0
1.0,0.10588235294117647,0.10588235294117647,1.0,0.0,0
1.0,0.0,0.0,0.0,1.0,0
1.0,0.029411764705882353,0.029411764705882353,1.0,0.0,0
0.0,0.00196078431372549,0.013725490196078431,1.0,0.01,0
0.0,0.0,0.0,1.0,0.0,0
1.0,0.0,0.0,0.003937007874015748,0.5,0
1.0,0.0,0.0,0.13385826771653545,0.03,0
1.0,0.0,0.0,0.0,1.0,0
1.0,0.0,0.0,0.12598425196850394,0.15,0
0.0,0.00784313725490196,0.00784313725490196,0.43700787401574803,0.27,0
0.0,0.0,0.0,0.003937007874015748,0.5,0
0.0,0.0,0.0,0.08267716535433071,0.05,0
0.0,0.24313725490196078,0.03333333333333333,1.0,0.0,1
1.0,0.0,0.00392156862745098,0.6456692913385826,0.01,0
1.0,0.0,0.0058823529411764705,0.03937007874015748,0.09,0
1.0,0.03333333333333333,0.03333333333333333,1.0,0.0,0
0.0,0.0,0.0,0.08267716535433071,0.05,0
0.0,0.00196078431372549,0.00196078431372549,0.6141732283464567,0.4,0
1.0,0.0196078431372549,0.023529411764705882,0.11811023622047244,0.03,0
0.0,0.9980392156862745,0.9980392156862745,1.0,1.0,1
1.0,0.01764705882352941,0.0196078431372549,1.0,0.0,0
1.0,0.0058823529411764705,0.00784313725490196,0.8228346456692913,0.0,0
1.0,0.00980392156862745,0.00980392156862745,0.6732283464566929,0.01,0
0.0,0.5588235294117647,0.027450980392156862,1.0,0.0,1
1.0,0.027450980392156862,0.03333333333333333,1.0,0.0,0
0.0,0.0058823529411764705,0.00196078431372549,1.0,0.99,0
1.0,0.01568627450980392,0.045098039215686274,0.08267716535433071,0.05,0
1.0,0.00980392156862745,0.011764705882352941,1.0,0.0,0
1.0,0.01568627450980392,0.043137254901960784,1.0,0.0,0
0.0,0.0,0.0,1.0,0.0,0
0.0,1.0,1.0,1.0,1.0,1
1.0,0.0058823529411764705,0.01568627450980392,0.031496062992125984,0.11,0
1.0,0.021568627450980392,0.029411764705882353,1.0,0.01,0
0.0,0.0,0.0,1.0,1.0,0
1.0,0.0058823529411764705,0.0058823529411764705,1.0,0.0,0
0.0,0.03529411764705882,0.054901960784313725,1.0,0.0,0
0.0,1.0,1.0,1.0,1.0,1
1.0,0.0196078431372549,0.0196078431372549,1.0,0.0,0
1.0,0.0058823529411764705,0.0058823529411764705,0.05905511811023622,0.62,0
1.0,0.01568627450980392,0.01764705882352941,0.28346456692913385,0.01,0
1.0,0.0,0.0,0.14173228346456693,0.03,0
0.0,0.00196078431372549,0.00196078431372549,1.0,0.01,0
1.0,0.0058823529411764705,0.0058823529411764705,0.7952755905511811,0.0,0
0.0,0.2823529411764706,0.027450980392156862,1.0,0.0,1
0.0,0.0,0.0,1.0,0.0,0
1.0,0.013725490196078431,0.013725490196078431,0.08661417322834646,0.04,0
1.0,0.03333333333333333,0.03333333333333333,0.421259842519685,0.01,0
1.0,0.0,0.00980392156862745,0.16535433070866143,0.02,0
1.0,0.013725490196078431,0.013725490196078431,1.0,0.0,0
1.0,0.03529411764705882,0.03529411764705882,0.33858267716535434,0.01,0
0.0,0.0,0.00196078431372549,0.16929133858267717,0.02,0
0.0,0.0058823529411764705,0.00392156862745098,1.0,0.07,0
1.0,0.00980392156862745,0.00784313725490196,1.0,0.0,0
0.0,0.00784313725490196,0.00784313725490196,0.8661417322834646,0.38,0
1.0,0.03529411764705882,0.03529411764705882,0.5354330708661418,0.01,0
0.0,0.0392156862745098,0.0392156862745098,0.8700787401574803,0.36,0
1.0,0.03725490196078431,0.03725490196078431,0.5669291338582677,0.01,0
1.0,0.01568627450980392,0.01568627450980392,1.0,0.0,0
0.0,0.0,0.00196078431372549,0.047244094488188976,0.08,0
1.0,0.00392156862745098,0.00392156862745098,0.07874015748031496,0.05,0
1.0,0.0,0.0,0.7440944881889764,0.01,0
1.0,0.01764705882352941,0.01764705882352941,0.06692913385826772,0.06,0
0.0,0.0,0.0,0.25196850393700787,0.98,0
1.0,0.0,0.00392156862745098,0.2559055118110236,0.02,0
0.0,0.0,0.0,0.0,1.0,0
1.0,0.03725490196078431,0.054901960784313725,0.07480314960629922,0.05,0
1.0,0.0,0.06862745098039216,0.06692913385826772,0.06,0
1.0,0.0196078431372549,0.0196078431372549,1.0,0.0,0
1.0,0.023529411764705882,0.023529411764705882,0.8228346456692913,0.16,0
1.0,0.00784313725490196,0.00784313725490196,1.0,0.0,0
1.0,0.00784313725490196,0.056862745098039215,0.0984251968503937,0.04,0
0.0,0.00784313725490196,0.013725490196078431,1.0,0.0,0
0.0,0.0,0.0,0.5708661417322834,0.09,0
1.0,0.0,0.0,0.6968503937007874,0.01,0
0.0,0.0,0.00392156862745098,1.0,0.01,0
0.0,0.013725490196078431,0.023529411764705882,1.0,0.0,0
0.0,0.0,0.0,1.0,0.0,0
1.0,0.00196078431372549,0.00196078431372549,1.0,0.0,0
1.0,0.03137254901960784,0.03333333333333333,0.2559055118110236,0.02,0
1.0,0.00392156862745098,0.00392156862745098,1.0,0.0,0
0.0,1.0,1.0,1.0,1.0,1
1.0,0.041176470588235294,0.049019607843137254,0.30708661417322836,0.01,0
1.0,0.01764705882352941,0.01764705882352941,0.03543307086614173,0.1,0
0.0,0.0,0.0,1.0,1.0,0
0.0,0.0,0.0,1.0,0.01,0
0.0,0.0,0.0,0.8503937007874016,0.0,0
0.0,0.0,0.0,0.047244094488188976,0.08,0
0.0,0.0,0.0,0.007874015748031496,0.33,0
1.0,0.023529411764705882,0.023529411764705882,1.0,0.0,0
1.0,0.011764705882352941,0.011764705882352941,1.0,0.0,0
1.0,0.0,0.011764705882352941,0.0,1.0,0
1.0,0.01568627450980392,0.01568627450980392,1.0,0.0,0
1.0,0.00196078431372549,0.00196078431372549,0.2047244094488189,0.02,0
0.0,0.0058823529411764705,0.00196078431372549,1.0,0.87,0
0.0,0.9980392156862745,0.9980392156862745,1.0,1.0,1
1.0,0.00196078431372549,0.00196078431372549,0.003937007874015748,0.5,0
1.0,0.00980392156862745,0.01764705882352941,0.18110236220472442,0.02,0
0.0,0.00196078431372549,0.00392156862745098,1.0,0.0,0
1.0,0.011764705882352941,0.011764705882352941,1.0,0.0,0
1.0,0.047058823529411764,0.047058823529411764,1.0,0.0,0
0.0,0.0058823529411764705,0.00196078431372549,1.0,0.92,0
1.0,0.025490196078431372,0.027450980392156862,0.2440944881889764,0.02,0
1.0,0.011764705882352941,0.043137254901960784,0.6220472440944882,0.01,0
0.0,0.0,0.0,0.015748031496062992,0.2,0
1.0,0.0058823529411764705,0.01764705882352941,0.06692913385826772,0.06,0
1.0,0.0,0.00196078431372549,0.011811023622047244,0.25,0
0.0,0.4235294117647059,0.025490196078431372,1.0,0.0,1
0.0,0.0,0.0,1.0,0.0,0
1.0,0.011764705882352941,0.013725490196078431,0.08661417322834646,0.04,0
1.0,0.043137254901960784,0.045098039215686274,1.0,0.0,0
0.0,0.01568627450980392,0.025490196078431372,1.0,0.0,0
0.0,0.0,0.0,0.0984251968503937,0.04,0
0.0,0.47058823529411764,0.023529411764705882,1.0,0.0,1
1.0,0.0,0.00392156862745098,1.0,0.0,0
1.0,0.047058823529411764,0.050980392156862744,1.0,0.0,0
1.0,0.00196078431372549,0.00196078431372549,0.07086614173228346,0.05,0
1.0,0.00392156862745098,0.00392156862745098,1.0,0.0,0
1.0,0.00980392156862745,0.00980392156862745,0.905511811023622,0.46,0
1.0,0.00980392156862745,0.00980392156862745,0.23622047244094488,0.02,0
0.0,1.0,1.0,1.0,1.0,1
1.0,0.00196078431372549,0.00196078431372549,0.1968503937007874,0.29,0
1.0,0.00196078431372549,0.00196078431372549,0.15748031496062992,0.2,0
0.0,0.08431372549019608,0.24313725490196078,1.0,0.0,0
0.0,0.0,0.0,0.8110236220472441,0.0,0
0.0,1.0,1.0,1.0,1.0,1
1.0,0.00196078431372549,0.01568627450980392,1.0,0.0,0
0.0,0.0,0.0,1.0,0.0,0
1.0,0.0058823529411764705,0.043137254901960784,0.2047244094488189,0.02,0
0.0,1.0,1.0,1.0,1.0,1
1.0,0.01764705882352941,0.01764705882352941,0.27165354330708663,0.01,0
1.0,0.0,0.00392156862745098,0.4645669291338583,0.01,0
1.0,0.03333333333333333,0.03333333333333333,0.6141732283464567,0.01,0
1.0,0.023529411764705882,0.023529411764705882,0.047244094488188976,0.08,0
0.0,1.0,1.0,1.0,1.0,1
1.0,0.0,0.0,0.20866141732283464,0.02,0
0.0,0.0,0.0,1.0,0.0,0
1.0,0.029411764705882353,0.029411764705882353,0.1889763779527559,0.02,0
1.0,0.01764705882352941,0.047058823529411764,0.41732283464566927,0.01,0
0.0,0.5784313725490197,0.023529411764705882,1.0,0.0,1
1.0,0.021568627450980392,0.021568627450980392,0.16535433070866143,0.02,0
1.0,0.060784313725490195,0.060784313725490195,1.0,0.0,0
1.0,0.013725490196078431,0.013725490196078431,1.0,0.0,0
0.0,0.0,0.0,1.0,0.0,0
0.0,1.0,1.0,1.0,1.0,1
1.0,0.0,0.0,1.0,0.0,0
1.0,0.0,0.0,1.0,0.08,0
0.0,0.0,0.0,1.0,0.0,0
1.0,0.00392156862745098,0.00392156862745098,1.0,0.0,0
0.0,0.0,0.0,0.27165354330708663,0.9,0
1.0,0.00980392156862745,0.00980392156862745,1.0,0.0,0
1.0,0.00392156862745098,0.00392156862745098,0.05511811023622047,0.07,0
0.0,0.0,0.0,0.0,1.0,0
1.0,0.011764705882352941,0.011764705882352941,1.0,0.0,0
1.0,0.011764705882352941,0.011764705882352941,0.06692913385826772,0.06,0
1.0,0.00784313725490196,0.03333333333333333,1.0,0.0,0
1.0,0.029411764705882353,0.06274509803921569,1.0,0.0,0
0.0,1.0,1.0,1.0,1.0,1
0.0,0.0196078431372549,0.021568627450980392,0.2440944881889764,1.0,0
0.0,1.0,1.0,1.0,1.0,1
1.0,0.01764705882352941,0.025490196078431372,0.33858267716535434,0.01,0
1.0,0.00392156862745098,0.00392156862745098,0.007874015748031496,0.33,0
1.0,0.045098039215686274,0.045098039215686274,1.0,0.0,0
1.0,0.013725490196078431,0.013725490196078431,0.027559055118110236,0.12,0
1.0,0.011764705882352941,0.011764705882352941,0.610236220472441,0.01,0
0.0,0.0,0.0,1.0,0.0,0
1.0,0.0058823529411764705,0.03529411764705882,0.3346456692913386,0.01,0
0.0,0.0,0.00392156862745098,0.4645669291338583,0.34,0
1.0,0.01764705882352941,0.0196078431372549,0.03543307086614173,0.1,0
1.0,0.00392156862745098,0.0058823529411764705,0.10236220472440945,0.04,0
1.0,0.00784313725490196,0.00784313725490196,1.0,0.0,0
0.0,0.0,0.0,0.2047244094488189,0.02,0
0.0,0.0,0.0,1.0,0.15,0
1.0,0.060784313725490195,0.09803921568627451,1.0,0.0,0
1.0,0.023529411764705882,0.023529411764705882,0.1377952755905512,0.03,0
1.0,0.0392156862745098,0.0392156862745098,0.16535433070866143,0.02,0
1.0,0.00784313725490196,0.00784313725490196,1.0,0.0,0
0.0,0.0,0.0,0.3937007874015748,0.5,0
1.0,0.00392156862745098,0.00392156862745098,0.3937007874015748,0.01,0
1.0,0.03725490196078431,0.03725490196078431,0.6968503937007874,0.01,0
1.0,0.03333333333333333,0.03333333333333333,0.36220472440944884,0.01,0
1.0,0.049019607843137254,0.049019607843137254,1.0,0.0,0
1.0,0.0,0.00196078431372549,0.6653543307086615,0.01,0
0.0,0.023529411764705882,0.023529411764705882,0.7204724409448819,0.22,0
0.0,0.0,0.0,1.0,1.0,0
1.0,0.0,0.0058823529411764705,0.07086614173228346,0.05,0
1.0,0.0,0.0,0.015748031496062992,0.2,0
1.0,0.00196078431372549,0.013725490196078431,0.05511811023622047,0.07,0
1.0,0.0,0.0,0.14173228346456693,0.03,0
1.0,0.0,0.0,0.21653543307086615,0.02,0
1.0,0.00392156862745098,0.00392156862745098,1.0,0.0,0
1.0,0.0196078431372549,0.0196078431372549,0.37401574803149606,0.01,0
0.0,0.0,0.0,0.937007874015748,0.15,0
1.0,0.0,0.0,0.06299212598425197,0.06,0
0.0,0.0,0.0,1.0,1.0,0
0.0,0.25098039215686274,0.01568627450980392,1.0,0.0,1
0.0,0.0,0.0,1.0,1.0,0
1.0,0.0,0.0,0.23228346456692914,0.02,0
1.0,0.011764705882352941,0.011764705882352941,0.1889763779527559,0.02,0
1.0,0.00392156862745098,0.00392156862745098,1.0,0.0,0
1.0,0.00784313725490196,0.00784313725490196,1.0,0.0,0
1.0,0.0,0.0,0.06692913385826772,0.06,0
1.0,0.00980392156862745,0.00980392156862745,0.01968503937007874,0.17,0
1.0,0.00392156862745098,0.01764705882352941,0.5236220472440944,0.01,0
1.0,0.0,0.0,0.531496062992126,0.01,0
1.0,0.00392156862745098,0.00392156862745098,0.007874015748031496,0.33,0
1.0,0.049019607843137254,0.049019607843137254,0.0984251968503937,0.04,0
1.0,0.00196078431372549,0.00980392156862745,1.0,0.0,0
0.0,0.0,0.00196078431372549,0.16929133858267717,1.0,0
1.0,0.043137254901960784,0.043137254901960784,1.0,0.0,0
1.0,0.0196078431372549,0.0196078431372549,1.0,0.0,0
0.0,0.23333333333333334,0.03725490196078431,1.0,0.0,1
0.0,0.0,0.0,1.0,0.0,0
1.0,0.00784313725490196,0.00784313725490196,0.015748031496062992,0.2,0
0.0,0.0,0.0,0.1377952755905512,0.03,0
1.0,0.01568627450980392,0.0196078431372549,1.0,0.0,0
0.0,0.0,0.0,0.015748031496062992,0.2,0
0.0,0.0,0.0,1.0,1.0,0
1.0,0.0,0.011764705882352941,0.16535433070866143,0.02,0
1.0,0.023529411764705882,0.025490196078431372,0.14566929133858267,0.03,0
1.0,0.0392156862745098,0.0392156862745098,0.07874015748031496,0.05,0
0.0,0.23921568627450981,0.023529411764705882,1.0,0.0,1
1.0,0.00784313725490196,0.00980392156862745,0.023622047244094488,0.14,0
1.0,0.00196078431372549,0.00392156862745098,0.7480314960629921,0.01,0
1.0,0.01764705882352941,0.13333333333333333,1.0,0.01,0
1.0,0.0,0.00392156862745098,0.5196850393700787,0.01,0
1.0,0.01764705882352941,0.047058823529411764,1.0,0.0,0
1.0,0.0,0.0,1.0,0.0,0
1.0,0.0,0.00196078431372549,0.5196850393700787,0.01,0
1.0,0.03529411764705882,0.09607843137254903,0.16535433070866143,0.02,0
1.0,0.023529411764705882,0.023529411764705882,1.0,0.0,0
0.0,1.0,0.0,1.0,0.0,1
0.0,0.0,0.0,1.0,1.0,0
1.0,0.00196078431372549,0.00196078431372549,0.17716535433070865,0.04,0
0.0,0.00196078431372549,0.00196078431372549,1.0,0.9,0
0.0,0.0,0.00196078431372549,0.8267716535433071,0.1,0
1.0,0.025490196078431372,0.025490196078431372,0.8385826771653543,0.0,0
0.0,0.0,0.0,0.6181102362204725,0.09,0
1.0,0.0,0.0,0.0,1.0,0
0.0,0.0,0.0,0.07480314960629922,0.05,0
0.0,0.0,0.0,1.0,1.0,0
1.0,0.027450980392156862,0.027450980392156862,0.2559055118110236,0.02,0
1.0,0.0,0.0,0.8267716535433071,0.0,0
1.0,0.021568627450980392,0.021568627450980392,0.12992125984251968,0.03,0
1.0,0.0,0.052941176470588235,0.07480314960629922,0.05,0
1.0,0.054901960784313725,0.054901960784313725,1.0,0.0,0
1.0,0.00196078431372549,0.00196078431372549,0.06692913385826772,0.06,0
1.0,0.011764705882352941,0.011764705882352941,0.2204724409448819,0.02,0
1.0,0.011764705882352941,0.011764705882352941,0.09055118110236221,0.04,0
1.0,0.011764705882352941,0.01764705882352941,1.0,0.0,0
1.0,0.01568627450980392,0.01568627450980392,0.11023622047244094,0.03,0
1.0,0.0,0.00196078431372549,1.0,0.0,0
0.0,0.1843137254901961,0.3411764705882353,1.0,0.01,0
1.0,0.00196078431372549,0.00392156862745098,1.0,0.0,0
0.0,0.0,0.0,1.0,0.01,0
0.0,1.0,1.0,1.0,1.0,1
0.0,0.0,0.0,0.9724409448818898,0.26,0
1.0,0.0058823529411764705,0.023529411764705882,0.07480314960629922,0.05,0
0.0,0.021568627450980392,0.023529411764705882,0.09448818897637795,1.0,0
1.0,0.03137254901960784,0.03333333333333333,0.9606299212598425,0.0,0
1.0,0.0,0.0,0.12598425196850394,0.03,0
1.0,0.027450980392156862,0.027450980392156862,0.2637795275590551,0.31,0
1.0,0.029411764705882353,0.029411764705882353,0.06299212598425197,0.06,0
0.0,0.0,0.0,0.03543307086614173,0.1,0
1.0,0.00784313725490196,0.00784313725490196,0.10236220472440945,0.04,0
1.0,0.0,0.0,1.0,0.0,0
1.0,0.0,0.0,0.11811023622047244,0.03,0
1.0,0.0,0.0,0.8937007874015748,0.0,0
1.0,0.0,0.0,0.9724409448818898,0.0,0
1.0,0.03333333333333333,0.047058823529411764,1.0,0.0,0
1.0,0.01568627450980392,0.01568627450980392,1.0,0.0,0
0.0,0.0,0.0,1.0,0.67,0
1.0,0.041176470588235294,0.041176470588235294,0.4763779527559055,0.01,0
0.0,0.00196078431372549,0.00196078431372549,1.0,0.02,0
1.0,0.0,0.0,1.0,0.0,0
1.0,0.00196078431372549,0.00196078431372549,0.7362204724409449,0.01,0
0.0,0.00784313725490196,0.00784313725490196,1.0,0.06,0
0.0,0.9980392156862745,0.9980392156862745,1.0,1.0,1
1.0,0.021568627450980392,0.021568627450980392,0.1141732283464567,0.03,0
1.0,0.00392156862745098,0.00392156862745098,1.0,0.0,0
0.0,0.00784313725490196,0.0,1.0,0.92,0
1.0,0.03137254901960784,0.03137254901960784,0.06299212598425197,0.06,0
1.0,0.00196078431372549,0.00196078431372549,0.09055118110236221,0.21,0
0.0,0.021568627450980392,0.03725490196078431,1.0,0.01,0
0.0,0.00392156862745098,0.0,1.0,0.98,0
1.0,0.0196078431372549,0.0196078431372549,1.0,0.0,0
0.0,0.00784313725490196,0.013725490196078431,1.0,0.0,0
1.0,0.0,0.0,1.0,0.0,0
1.0,0.00980392156862745,0.00980392156862745,1.0,0.0,0
1.0,0.01568627450980392,0.01568627450980392,1.0,0.0,0
1.0,0.0,0.00196078431372549,0.6141732283464567,0.01,0
0.0,0.0,0.0,1.0,0.84,0
1.0,0.00784313725490196,0.01764705882352941,0.06692913385826772,0.06,0
0.0,0.9254901960784314,0.9254901960784314,1.0,1.0,1
0.0,1.0,1.0,1.0,1.0,1
0.0,0.0,0.0,1.0,0.99,0
0.0,0.5529411764705883,0.021568627450980392,1.0,0.0,1
1.0,0.0,0.0,0.01968503937007874,0.17,0
1.0,0.0,0.0,1.0,0.0,0
0.0,0.00196078431372549,0.00196078431372549,1.0,1.0,0
0.0,0.0,0.00196078431372549,1.0,0.0,0
0.0,0.0,0.0,1.0,1.0,0
1.0,0.03137254901960784,0.0392156862745098,1.0,0.0,0
1.0,0.03333333333333333,0.03333333333333333,1.0,0.0,0
1.0,0.0,0.0,0.7322834645669292,0.01,0
1.0,0.0,0.00980392156862745,1.0,0.01,0
1.0,0.00980392156862745,0.03137254901960784,1.0,0.0,0
1.0,0.00196078431372549,0.00196078431372549,1.0,0.0,0
1.0,0.011764705882352941,0.011764705882352941,0.2637795275590551,0.01,0
1.0,0.00196078431372549,0.00196078431372549,1.0,0.0,0
0.0,0.00196078431372549,0.00196078431372549,1.0,1.0,0
1.0,0.01568627450980392,0.052941176470588235,0.6220472440944882,0.01,0
1.0,0.058823529411764705,0.058823529411764705,1.0,0.0,0
1.0,0.0058823529411764705,0.0058823529411764705,1.0,0.0,0
1.0,0.025490196078431372,0.025490196078431372,0.2283464566929134,0.02,0
1.0,0.056862745098039215,0.056862745098039215,0.1141732283464567,0.03,0
1.0,0.00196078431372549,0.00196078431372549,0.003937007874015748,0.5,0
1.0,0.0,0.00196078431372549,0.07874015748031496,0.05,0
1.0,0.0,0.0,0.0,1.0,0
1.0,0.0392156862745098,0.0392156862745098,0.35039370078740156,0.01,0
1.0,0.0,0.00392156862745098,1.0,0.0,0
0.0,1.0,1.0,1.0,1.0,1
1.0,0.0,0.0,1.0,0.0,0
1.0,0.00980392156862745,0.00980392156862745,0.42913385826771655,0.01,0
0.0,1.0,1.0,1.0,1.0,1
1.0,0.0,0.047058823529411764,1.0,0.0,0
0.0,0.0,0.0,1.0,0.94,0
0.0,1.0,1.0,1.0,1.0,1
1.0,0.07450980392156863,0.07450980392156863,1.0,0.0,0
1.0,0.03529411764705882,0.03529411764705882,1.0,0.0,0
1.0,0.03725490196078431,0.0392156862745098,1.0,0.0,0
1.0,0.013725490196078431,0.013725490196078431,0.2992125984251969,0.01,0
1.0,0.0,0.0,0.14960629921259844,0.03,0
1.0,0.00392156862745098,0.00784313725490196,0.15354330708661418,0.03,0
0.0,0.0,0.0,0.06692913385826772,1.0,0
1.0,0.0,0.00196078431372549,0.7559055118110236,0.01,0
1.0,0.054901960784313725,0.06274509803921569,1.0,0.0,0
0.0,0.00196078431372549,0.0,1.0,0.89,0
1.0,0.0,0.0,0.047244094488188976,0.08,0
1.0,0.011764705882352941,0.01568627450980392,0.14960629921259844,0.03,0
1.0,0.0,0.00196078431372549,0.9212598425196851,0.0,0
0.0,0.0,0.0,1.0,0.99,0
0.0,0.0,0.0,1.0,0.0,0
1.0,0.0,0.00196078431372549,0.2952755905511811,0.01,0
1.0,0.011764705882352941,0.011764705882352941,1.0,0.0,0
0.0,0.00196078431372549,0.00196078431372549,1.0,0.78,0
1.0,0.00196078431372549,0.00196078431372549,0.04330708661417323,0.17,0
1.0,0.06470588235294118,0.06666666666666667,1.0,0.0,0
1.0,0.0,0.0,0.7440944881889764,0.42,0
0.0,0.0,0.0,1.0,0.0,0
1.0,0.0,0.0,0.07086614173228346,0.05,0
0.0,0.0,0.0,0.015748031496062992,0.2,0
1.0,0.0,0.0,0.1377952755905512,0.03,0
1.0,0.0,0.0,1.0,0.0,0
1.0,0.0058823529411764705,0.00980392156862745,0.610236220472441,0.01,0
1.0,0.011764705882352941,0.011764705882352941,0.14173228346456693,0.03,0
0.0,0.0,0.00196078431372549,0.16141732283464566,0.02,0
1.0,0.00196078431372549,0.00196078431372549,0.3228346456692913,0.01,0
0.0,1.0,1.0,1.0,1.0,1
1.0,0.03137254901960784,0.03137254901960784,1.0,0.0,0
1.0,0.03137254901960784,0.03725490196078431,0.6968503937007874,0.01,0
1.0,0.011764705882352941,0.01568627450980392,0.7795275590551181,0.01,0
1.0,0.00196078431372549,0.00196078431372549,0.2992125984251969,0.01,0
0.0,0.0,0.00196078431372549,0.20078740157480315,1.0,0
0.0,0.0,0.0,0.027559055118110236,0.12,0
1.0,0.052941176470588235,0.052941176470588235,0.3937007874015748,0.01,0
0.0,0.0058823529411764705,0.00196078431372549,1.0,0.94,0
1.0,0.0,0.0,0.9606299212598425,0.0,0
1.0,0.0196078431372549,0.0196078431372549,1.0,0.0,0
1.0,0.029411764705882353,0.050980392156862744,1.0,0.0,0
1.0,0.00980392156862745,0.00980392156862745,1.0,0.0,0
0.0,0.0,0.0,1.0,0.0,0
0.0,0.0,0.0,1.0,0.0,0
0.0,0.00784313725490196,0.00196078431372549,1.0,0.97,0
0.0,0.0,0.0,1.0,0.01,0
0.0,0.4196078431372549,0.00784313725490196,1.0,0.0,1
1.0,0.00784313725490196,0.00784313725490196,0.5,0.01,0
0.0,1.0,1.0,1.0,1.0,1
0.0,0.0,0.0,0.06299212598425197,0.06,0
0.0,0.0,0.0,1.0,0.98,0
1.0,0.0,0.00196078431372549,0.19291338582677164,0.02,0
1.0,0.00196078431372549,0.00196078431372549,0.3110236220472441,0.31,0
1.0,0.052941176470588235,0.052941176470588235,1.0,0.0,0
0.0,0.0,0.0,1.0,0.0,0
0.0,0.0,0.0,1.0,0.99,0
0.0,1.0,1.0,1.0,1.0,1
1.0,0.029411764705882353,0.029411764705882353,1.0,0.0,0
1.0,0.0196078431372549,0.050980392156862744,0.13385826771653545,0.03,0
1.0,0.011764705882352941,0.07254901960784314,1.0,0.0,0
1.0,0.00392156862745098,0.00392156862745098,1.0,0.0,0
1.0,0.023529411764705882,0.023529411764705882,0.6929133858267716,0.01,0
0.0,0.8490196078431372,0.8490196078431372,1.0,1.0,1
1.0,0.0058823529411764705,0.0058823529411764705,1.0,0.0,0
0.0,0.9980392156862745,0.9980392156862745,1.0,1.0,1
0.0,0.11960784313725491,0.2568627450980392,0.7165354330708661,0.01,0
0.0,0.4843137254901961,0.03529411764705882,1.0,0.0,1
1.0,0.0,0.0,1.0,0.0,0
1.0,0.011764705882352941,0.01568627450980392,0.023622047244094488,0.14,0
1.0,0.011764705882352941,0.011764705882352941,0.023622047244094488,0.14,0
0.0,1.0,1.0,1.0,1.0,1
1.0,0.0058823529411764705,0.01568627450980392,1.0,0.0,0
0.0,0.0,0.0,0.18110236220472442,0.02,0
1.0,0.0196078431372549,0.03137254901960784,0.5196850393700787,0.27,0
1.0,0.00196078431372549,0.00196078431372549,0.003937007874015748,0.5,0
0.0,1.0,1.0,1.0,1.0,1
0.0,0.00392156862745098,0.0,1.0,0.99,0
0.0,1.0,1.0,1.0,1.0,1
1.0,0.01764705882352941,0.01764705882352941,1.0,0.0,0
1.0,0.0196078431372549,0.0196078431372549,1.0,0.0,0
0.0,0.17647058823529413,0.023529411764705882,1.0,0.0,1
1.0,0.0058823529411764705,0.011764705882352941,1.0,0.0,0
1.0,0.0196078431372549,0.0196078431372549,1.0,0.0,0
1.0,0.0,0.0,1.0,0.0,0
1.0,0.0392156862745098,0.0392156862745098,0.07874015748031496,0.05,0
0.0,1.0,1.0,1.0,1.0,1
1.0,0.045098039215686274,0.047058823529411764,1.0,0.0,0
1.0,0.050980392156862744,0.12941176470588237,1.0,0.0,0
1.0,0.025490196078431372,0.027450980392156862,0.24803149606299213,0.02,0
1.0,0.01764705882352941,0.021568627450980392,0.03543307086614173,0.1,0
1.0,0.00196078431372549,0.00392156862745098,0.09055118110236221,0.04,0
1.0,0.047058823529411764,0.047058823529411764,1.0,0.0,0
1.0,0.00392156862745098,0.00392156862745098,1.0,0.0,0
0.0,0.00196078431372549,0.00392156862745098,0.5196850393700787,0.01,0
1.0,0.0,0.00196078431372549,0.24015748031496062,0.02,0
1.0,0.0,0.00196078431372549,0.007874015748031496,0.33,0
1.0,0.0,0.0,1.0,0.0,0
1.0,0.025490196078431372,0.029411764705882353,0.15354330708661418,0.03,0
1.0,0.00392156862745098,0.00392156862745098,1.0,0.0,0
0.0,1.0,1.0,1.0,1.0,1
1.0,0.023529411764705882,0.027450980392156862,0.1141732283464567,0.03,0
1.0,0.03137254901960784,0.03333333333333333,0.06299212598425197,0.06,0
0.0,0.22941176470588234,0.03725490196078431,1.0,0.0,1
0.0,0.00392156862745098,0.023529411764705882,1.0,0.01,0
1.0,0.045098039215686274,0.045098039215686274,1.0,0.0,0
1.0,0.0,0.00392156862745098,0.01968503937007874,0.17,0
1.0,0.01764705882352941,0.01764705882352941,1.0,0.0,0
1.0,0.00196078431372549,0.00196078431372549,1.0,0.0,0
0.0,0.0,0.0,0.0,1.0,0
1.0,0.011764705882352941,0.011764705882352941,1.0,0.0,0
1.0,0.013725490196078431,0.01568627450980392,0.15354330708661418,0.03,0
0.0,1.0,1.0,1.0,1.0,1
1.0,0.00980392156862745,0.00980392156862745,0.14566929133858267,0.03,0
1.0,0.025490196078431372,0.03137254901960784,1.0,0.0,0
1.0,0.027450980392156862,0.029411764705882353,1.0,0.0,0
1.0,0.0058823529411764705,0.0058823529411764705,0.03937007874015748,0.09,0
1.0,0.0058823529411764705,0.021568627450980392,0.2952755905511811,0.01,0
1.0,0.01764705882352941,0.0196078431372549,0.2874015748031496,0.01,0
1.0,0.011764705882352941,0.011764705882352941,1.0,0.0,0
1.0,0.013725490196078431,0.013725490196078431,0.7204724409448819,0.2,0
0.0,0.0,0.0,1.0,0.0,0
0.0,0.0,0.0,1.0,1.0,0
1.0,0.09411764705882353,0.09411764705882353,1.0,0.0,0
0.0,0.0,0.0,0.003937007874015748,0.5,0
1.0,0.00196078431372549,0.00196078431372549,0.09055118110236221,0.04,0
1.0,0.0,0.0,0.5905511811023622,0.01,0
1.0,0.00392156862745098,0.00980392156862745,0.08267716535433071,0.05,0
0.0,0.0,0.0,1.0,1.0,0
0.0,0.011764705882352941,0.16862745098039217,1.0,0.0,0
0.0,0.0,0.0,0.5118110236220472,1.0,0
0.0,1.0,1.0,1.0,1.0,1
0.0,0.0058823529411764705,0.00980392156862745,1.0,0.0,0
1.0,0.00392156862745098,0.029411764705882353,1.0,0.0,0
1.0,0.025490196078431372,0.045098039215686274,1.0,0.0,0
0.0,0.0,0.0,0.08661417322834646,0.04,0
1.0,0.0,0.00196078431372549,1.0,0.0,0
1.0,0.00980392156862745,0.00980392156862745,0.06692913385826772,0.06,0
1.0,0.045098039215686274,0.045098039215686274,0.09055118110236221,0.04,0
0.0,0.0,0.0,0.011811023622047244,0.25,0
1.0,0.0,0.0,0.13385826771653545,0.03,0
1.0,0.03725490196078431,0.03725490196078431,0.07480314960629922,0.05,0
0.0,0.0,0.0,1.0,0.0,0
0.0,1.0,1.0,1.0,1.0,1
1.0,0.054901960784313725,0.054901960784313725,0.7401574803149606,0.01,0
1.0,0.013725490196078431,0.0196078431372549,0.03543307086614173,0.1,0
1.0,0.00784313725490196,0.00784313725490196,1.0,0.0,0
0.0,0.0,0.0,1.0,0.0,0
1.0,0.0,0.0,0.16141732283464566,0.02,0
1.0,0.0,0.00784313725490196,0.16929133858267717,0.02,0
0.0,0.00196078431372549,0.00196078431372549,1.0,0.01,0
1.0,0.00196078431372549,0.00196078431372549,0.003937007874015748,0.5,0
0.0,0.0,0.0,1.0,0.0,0
1.0,0.0058823529411764705,0.0058823529411764705,0.16535433070866143,0.02,0
1.0,0.011764705882352941,0.011764705882352941,1.0,0.0,0
0.0,0.0,0.0,1.0,0.99,0
0.0,0.0,0.0,0.4881889763779528,1.0,0
1.0,0.0,0.0,0.8503937007874016,0.0,0
0.0,0.0,0.0,0.0,1.0,0
1.0,0.00196078431372549,0.03137254901960784,1.0,0.0,0
1.0,0.0,0.0,0.04330708661417323,0.08,0
1.0,0.0,0.00784313725490196,0.04330708661417323,0.08,0
1.0,0.027450980392156862,0.027450980392156862,1.0,0.0,0
1.0,0.049019607843137254,0.050980392156862744,0.25984251968503935,0.01,0
1.0,0.00196078431372549,0.00980392156862745,0.17716535433070865,0.02,0
1.0,0.054901960784313725,0.054901960784313725,0.11023622047244094,0.03,0
0.0,0.12745098039215685,0.12745098039215685,1.0,0.0,0
1.0,0.0,0.0,1.0,0.0,0
0.0,0.0,0.0,0.007874015748031496,0.33,0
0.0,0.00980392156862745,0.00196078431372549,1.0,0.37,0
0.0,0.0058823529411764705,0.0058823529411764705,1.0,0.08,0
1.0,0.0058823529411764705,0.0058823529411764705,1.0,0.0,0
1.0,0.00392156862745098,0.0058823529411764705,0.07480314960629922,0.05,0
1.0,0.00784313725490196,0.047058823529411764,0.015748031496062992,0.2,0
0.0,0.9980392156862745,0.9980392156862745,1.0,1.0,1
0.0,0.0,0.0,1.0,0.0,0
1.0,0.0058823529411764705,0.0058823529411764705,0.09448818897637795,0.04,0
0.0,0.11372549019607843,0.11176470588235295,1.0,0.0,0
0.0,0.0058823529411764705,0.00196078431372549,1.0,0.87,0
0.0,0.0,0.0,1.0,0.0,0
1.0,0.052941176470588235,0.056862745098039215,0.22440944881889763,0.02,0
1.0,0.01568627450980392,0.01568627450980392,0.6535433070866141,0.01,0
0.0,0.0,0.0,1.0,0.0,0
0.0,0.0,0.0,0.011811023622047244,0.25,0
1.0,0.00196078431372549,0.00196078431372549,0.07480314960629922,0.05,0
1.0,0.0058823529411764705,0.0058823529411764705,0.6377952755905512,0.01,0
1.0,0.01764705882352941,0.06274509803921569,1.0,0.0,0
0.0,0.0,0.0,1.0,0.0,0
1.0,0.023529411764705882,0.03333333333333333,0.5748031496062992,0.01,0
1.0,0.043137254901960784,0.047058823529411764,0.09055118110236221,0.04,0
1.0,0.0,0.00196078431372549,0.1968503937007874,0.02,0
0.0,0.0,0.0,0.2755905511811024,1.0,0
1.0,0.00196078431372549,0.00196078431372549,0.06299212598425197,0.06,0
1.0,0.00784313725490196,0.00784313725490196,1.0,0.0,0
1.0,0.00392156862745098,0.00392156862745098,0.051181102362204724,0.07,0
1.0,0.0,0.0,0.03543307086614173,0.1,0
0.0,1.0,1.0,1.0,1.0,1
1.0,0.041176470588235294,0.041176470588235294,0.16929133858267717,0.02,0
0.0,1.0,1.0,1.0,1.0,1
1.0,0.00980392156862745,0.00980392156862745,0.5,0.29,0
1.0,0.0,0.0,0.9094488188976378,0.0,0
0.0,1.0,1.0,1.0,1.0,1
1.0,0.0,0.0058823529411764705,0.04330708661417323,0.08,0
1.0,0.06666666666666667,0.06666666666666667,0.35826771653543305,0.01,0
1.0,0.00392156862745098,0.00980392156862745,0.889763779527559,0.01,0
0.0,0.0,0.0,1.0,0.99,0
0.0,0.0,0.0,0.14960629921259844,0.03,0
0.0,0.0,0.0,1.0,0.01,0
0.0,0.0,0.0,1.0,0.99,0
1.0,0.0,0.0,0.04330708661417323,0.08,0
0.0,0.013725490196078431,0.023529411764705882,1.0,0.0,0
1.0,0.029411764705882353,0.029411764705882353,1.0,0.0,0
1.0,0.00392156862745098,0.03333333333333333,0.01968503937007874,0.17,0
1.0,0.0,0.0,0.562992125984252,0.01,0
1.0,0.0058823529411764705,0.0058823529411764705,1.0,0.0,0
1.0,0.0058823529411764705,0.0058823529411764705,1.0,0.0,0
1.0,0.00392156862745098,0.00392156862745098,0.468503937007874,0.01,0
1.0,0.052941176470588235,0.052941176470588235,1.0,0.0,0
0.0,0.40588235294117647,0.03725490196078431,1.0,0.0,1
1.0,0.025490196078431372,0.025490196078431372,1.0,0.0,0
0.0,0.00196078431372549,0.00196078431372549,1.0,0.01,0
0.0,0.011764705882352941,0.023529411764705882,1.0,0.0,0
1.0,0.00196078431372549,0.0,1.0,0.0,0
1.0,0.0,0.0,0.5196850393700787,0.01,0
1.0,0.0,0.00196078431372549,0.023622047244094488,0.14,0
1.0,0.025490196078431372,0.025490196078431372,0.484251968503937,0.01,0
1.0,0.01764705882352941,0.049019607843137254,1.0,0.0,0
1.0,0.011764705882352941,0.011764705882352941,1.0,0.0,0
1.0,0.00196078431372549,0.0,1.0,0.0,0
0.0,0.0,0.0,0.011811023622047244,0.25,0
1.0,0.0,0.00196078431372549,0.14960629921259844,0.03,0
0.0,0.0,0.0,1.0,0.0,0
1.0,0.0,0.0,0.5433070866141733,0.01,0
0.0,0.00196078431372549,0.00196078431372549,1.0,0.01,0
1.0,0.03529411764705882,0.03529411764705882,0.2283464566929134,0.02,0
1.0,0.06666666666666667,0.08627450980392157,1.0,0.0,0
1.0,0.00392156862745098,0.00392156862745098,1.0,0.0,0
0.0,0.0,0.00196078431372549,0.6614173228346457,0.01,0
1.0,0.00196078431372549,0.00196078431372549,1.0,0.0,0
0.0,0.00196078431372549,0.00196078431372549,1.0,0.02,0
1.0,0.0058823529411764705,0.0058823529411764705,0.7047244094488189,0.01,0
0.0,0.0,0.0,1.0,0.0,0
1.0,0.01764705882352941,0.0196078431372549,1.0,0.0,0
1.0,0.011764705882352941,0.011764705882352941,0.023622047244094488,0.14,0
1.0,0.0,0.0,0.3110236220472441,0.01,0
0.0,1.0,1.0,1.0,1.0,1
1.0,0.0,0.023529411764705882,0.047244094488188976,0.08,0
0.0,0.0,0.0,1.0,1.0,0
0.0,0.0,0.0,1.0,0.01,0
0.0,0.0,0.00196078431372549,0.003937007874015748,0.5,0
0.0,0.0,0.0,1.0,0.06,0
0.0,0.0,0.0,0.7086614173228346,0.01,0
1.0,0.00196078431372549,0.00196078431372549,1.0,0.0,0
1.0,0.00392156862745098,0.00392156862745098,0.20078740157480315,0.02,0
1.0,0.03725490196078431,0.03725490196078431,1.0,0.0,0
0.0,0.08431372549019608,0.08627450980392157,1.0,0.0,0
1.0,0.0,0.00196078431372549,0.05511811023622047,0.07,0
1.0,0.0,0.00196078431372549,0.14960629921259844,0.03,0
0.0,0.0,0.0,1.0,1.0,0
0.0,0.0,0.00392156862745098,1.0,0.0,0
1.0,0.041176470588235294,0.041176470588235294,0.2795275590551181,0.01,0
1.0,0.0392156862745098,0.0392156862745098,0.562992125984252,0.01,0
1.0,0.00196078431372549,0.00196078431372549,1.0,0.01,0
1.0,0.013725490196078431,0.013725490196078431,1.0,0.0,0
0.0,0.0,0.00196078431372549,0.003937007874015748,0.5,0
0.0,0.00196078431372549,0.00196078431372549,1.0,0.01,0
1.0,0.0196078431372549,0.025490196078431372,1.0,0.0,0
0.0,0.4176470588235294,0.00980392156862745,1.0,0.0,1
1.0,0.0058823529411764705,0.0058823529411764705,0.23228346456692914,0.02,0
1.0,0.00196078431372549,0.00196078431372549,0.5078740157480315,0.48,0
0.0,1.0,1.0,1.0,1.0,1
0.0,0.0,0.0,1.0,0.0,0
1.0,0.025490196078431372,0.025490196078431372,0.8818897637795275,0.0,0
0.0,0.0,0.0,1.0,0.0,0
0.0,0.0,0.0,1.0,0.97,0
1.0,0.041176470588235294,0.10980392156862745,1.0,0.0,0
1.0,0.00392156862745098,0.011764705882352941,0.04330708661417323,0.08,0
1.0,0.00196078431372549,0.00196078431372549,0.01968503937007874,0.17,0
0.0,0.0,0.0,1.0,0.0,0
1.0,0.0,0.023529411764705882,0.1732283464566929,0.02,0
0.0,0.9058823529411765,0.9058823529411765,1.0,1.0,1
1.0,0.0058823529411764705,0.0058823529411764705,0.011811023622047244,0.25,0
1.0,0.025490196078431372,0.043137254901960784,0.051181102362204724,0.07,0
1.0,0.025490196078431372,0.027450980392156862,0.051181102362204724,0.07,0
0.0,0.0,0.0,1.0,0.0,0
0.0,0.0,0.0,1.0,0.0,0
1.0,0.021568627450980392,0.021568627450980392,0.1141732283464567,0.03,0
1.0,0.00392156862745098,0.011764705882352941,1.0,0.0,0
1.0,0.01764705882352941,0.01764705882352941,0.6653543307086615,0.01,0
0.0,0.00196078431372549,0.00196078431372549,1.0,0.01,0
0.0,0.10784313725490197,0.1627450980392157,0.452755905511811,0.88,0
0.0,0.0,0.0,0.08661417322834646,0.04,0
1.0,0.0,0.0,0.7086614173228346,0.01,0
1.0,0.0,0.00196078431372549,0.0,1.0,0
0.0,0.0,0.0,1.0,0.0,0
1.0,0.00392156862745098,0.00392156862745098,1.0,0.0,0
1.0,0.00196078431372549,0.0058823529411764705,1.0,0.0,0
0.0,0.1,0.2568627450980392,1.0,0.0,0
1.0,0.00784313725490196,0.00784313725490196,0.2755905511811024,0.01,0
1.0,0.011764705882352941,0.011764705882352941,1.0,0.0,0
1.0,0.0058823529411764705,0.00784313725490196,0.952755905511811,0.3,0
1.0,0.0392156862745098,0.0392156862745098,0.08267716535433071,0.05,0
1.0,0.0,0.0,0.6023622047244095,0.01,0
1.0,0.00784313725490196,0.00784313725490196,1.0,0.0,0
1.0,0.0,0.00196078431372549,0.031496062992125984,0.11,0
1.0,0.021568627450980392,0.03333333333333333,0.3779527559055118,0.01,0
1.0,0.0,0.00392156862745098,0.6929133858267716,0.01,0
1.0,0.029411764705882353,0.045098039215686274,1.0,0.0,0
1.0,0.0,0.03137254901960784,0.9803149606299213,0.0,0
0.0,0.03333333333333333,0.03333333333333333,1.0,0.01,0
1.0,0.00196078431372549,0.00196078431372549,0.03543307086614173,0.1,0
1.0,0.011764705882352941,0.011764705882352941,0.2204724409448819,0.02,0
1.0,0.00784313725490196,0.00784313725490196,1.0,0.0,0
0.0,1.0,1.0,1.0,1.0,1
1.0,0.0,0.013725490196078431,0.9015748031496063,0.0,0
1.0,0.0,0.0,0.6377952755905512,0.39,0
1.0,0.0058823529411764705,0.0058823529411764705,0.07086614173228346,0.05,0
0.0,0.0,0.0,1.0,0.0,0
1.0,0.025490196078431372,0.045098039215686274,0.452755905511811,0.01,0
1.0,0.00784313725490196,0.00784313725490196,0.7519685039370079,0.3,0
0.0,0.0,0.00196078431372549,0.0,1.0,0
1.0,0.00196078431372549,0.00196078431372549,0.04330708661417323,0.08,0
0.0,0.00196078431372549,0.0,1.0,1.0,0
1.0,0.011764705882352941,0.011764705882352941,0.20866141732283464,0.02,0
0.0,0.00196078431372549,0.00196078431372549,1.0,0.89,0
1.0,0.027450980392156862,0.027450980392156862,1.0,0.0,0
1.0,0.0058823529411764705,0.0058823529411764705,1.0,0.0,0
0.0,0.0,0.0,1.0,0.0,0
1.0,0.00784313725490196,0.013725490196078431,1.0,0.0,0
1.0,0.00784313725490196,0.00784313725490196,0.31496062992125984,0.01,0
0.0,0.0,0.0,1.0,0.0,0
1.0,0.00196078431372549,0.00196078431372549,0.43700787401574803,0.01,0
0.0,1.0,1.0,1.0,1.0,1
0.0,0.0,0.0,0.2125984251968504,0.02,0
1.0,0.00392156862745098,0.021568627450980392,0.531496062992126,0.01,0
1.0,0.0,0.0,0.21653543307086615,0.02,0
1.0,0.00784313725490196,0.00784313725490196,0.7322834645669292,0.01,0
1.0,0.0,0.00392156862745098,0.10236220472440945,0.04,0
1.0,0.01764705882352941,0.056862745098039215,1.0,0.0,0
0.0,0.0,0.0,1.0,0.0,0
1.0,0.0058823529411764705,0.0058823529411764705,1.0,0.0,0
1.0,0.01568627450980392,0.025490196078431372,0.14566929133858267,0.03,0
0.0,0.2784313725490196,0.023529411764705882,1.0,0.0,1
1.0,0.0,0.00196078431372549,0.39763779527559057,0.01,0
1.0,0.011764705882352941,0.011764705882352941,1.0,0.0,0
1.0,0.0,0.00196078431372549,0.16535433070866143,0.02,0
1.0,0.00196078431372549,0.00392156862745098,0.20866141732283464,0.02,0
1.0,0.011764705882352941,0.011764705882352941,0.023622047244094488,0.14,0
0.0,0.0,0.0,1.0,0.97,0
1.0,0.0196078431372549,0.045098039215686274,1.0,0.0,0
0.0,0.054901960784313725,0.052941176470588235,1.0,0.0,0
1.0,0.0,0.03333333333333333,0.003937007874015748,0.5,0
1.0,0.01764705882352941,0.01764705882352941,0.03543307086614173,0.1,0
0.0,0.00196078431372549,0.00196078431372549,1.0,0.01,0
1.0,0.0,0.00392156862745098,0.515748031496063,0.01,0
1.0,0.011764705882352941,0.011764705882352941,1.0,0.0,0
0.0,0.00980392156862745,0.011764705882352941,0.40551181102362205,0.33,0
1.0,0.0,0.0,0.051181102362204724,0.07,0
0.0,0.00196078431372549,0.00196078431372549,1.0,0.01,0
1.0,0.029411764705882353,0.06666666666666667,0.05905511811023622,0.06,0
0.0,1.0,1.0,1.0,1.0,1
1.0,0.00980392156862745,0.00980392156862745,0.08267716535433071,0.05,0
0.0,0.0,0.00196078431372549,0.0,1.0,0
1.0,0.01764705882352941,0.01764705882352941,1.0,0.0,0
1.0,0.0,0.0,0.8661417322834646,0.0,0
1.0,0.029411764705882353,0.029411764705882353,0.05905511811023622,0.06,0
1.0,0.00980392156862745,0.00980392156862745,0.44881889763779526,0.01,0
1.0,0.0058823529411764705,0.0058823529411764705,1.0,0.0,0
0.0,0.0058823529411764705,0.00196078431372549,1.0,1.0,0
0.0,0.0,0.0,0.4566929133858268,1.0,0
0.0,0.0,0.0,1.0,0.0,0
1.0,0.0196078431372549,0.0196078431372549,0.08661417322834646,0.74,0
1.0,0.029411764705882353,0.03137254901960784,0.05905511811023622,0.06,0
1.0,0.0,0.0,0.03937007874015748,0.09,0
0.0,0.0,0.0,0.051181102362204724,0.07,0
1.0,0.0,0.0,0.37401574803149606,0.01,0
0.0,0.00196078431372549,0.00196078431372549,1.0,0.01,0
1.0,0.03333333333333333,0.03333333333333333,1.0,0.0,0
0.0,0.0,0.0,1.0,0.87,0
1.0,0.0,0.0,0.32677165354330706,0.01,0
1.0,0.0058823529411764705,0.0058823529411764705,0.0984251968503937,0.04,0
0.0,1.0,1.0,1.0,1.0,1
1.0,0.0,0.0,0.40551181102362205,0.01,0
1.0,0.0,0.0,0.047244094488188976,0.08,0
1.0,0.029411764705882353,0.03725490196078431,0.06299212598425197,0.06,0
1.0,0.0,0.0392156862745098,0.0,1.0,0
1.0,0.029411764705882353,0.03137254901960784,1.0,0.0,0
1.0,0.0,0.00784313725490196,0.6456692913385826,0.01,0
1.0,0.0,0.00196078431372549,0.8188976377952756,0.0,0
1.0,0.00392156862745098,0.00392156862745098,0.4409448818897638,0.01,0
1.0,0.023529411764705882,0.029411764705882353,0.09055118110236221,0.04,0
1.0,0.025490196078431372,0.03333333333333333,1.0,0.0,0
1.0,0.021568627450980392,0.025490196078431372,0.9015748031496063,0.0,0
0.0,0.0,0.0,0.015748031496062992,0.2,0
1.0,0.0058823529411764705,0.00784313725490196,1.0,0.0,0
1.0,0.00784313725490196,0.00784313725490196,1.0,0.0,0
1.0,0.00196078431372549,0.00196078431372549,0.28346456692913385,0.74,0
1.0,0.00784313725490196,0.00784313725490196,1.0,0.0,0
1.0,0.00196078431372549,0.00196078431372549,0.25984251968503935,0.01,0
1.0,0.0392156862745098,0.0392156862745098,1.0,0.0,0
1.0,0.00980392156862745,0.00980392156862745,1.0,0.0,0
1.0,0.01764705882352941,0.01764705882352941,0.5354330708661418,0.01,0
1.0,0.011764705882352941,0.011764705882352941,0.023622047244094488,0.14,0
1.0,0.0,0.0,0.562992125984252,0.01,0
1.0,0.027450980392156862,0.03529411764705882,1.0,0.0,0
1.0,0.00980392156862745,0.00980392156862745,0.3661417322834646,0.01,0
0.0,0.0,0.0,0.8464566929133859,0.89,0
1.0,0.00392156862745098,0.00392156862745098,1.0,0.0,0
0.0,0.0,0.0,1.0,0.01,0
1.0,0.021568627450980392,0.021568627450980392,0.20078740157480315,0.4,0
1.0,0.00196078431372549,0.00196078431372549,0.39763779527559057,0.01,0
1.0,0.00392156862745098,0.00392156862745098,0.007874015748031496,0.33,0
1.0,0.0058823529411764705,0.0058823529411764705,0.484251968503937,0.36,0
1.0,0.01568627450980392,0.021568627450980392,0.6141732283464567,0.01,0
0.0,1.0,1.0,1.0,1.0,1
0.0,0.0,0.0,0.8976377952755905,0.0,0
1.0,0.0,0.03529411764705882,0.9645669291338582,0.0,0
0.0,0.0,0.0,1.0,0.01,0
1.0,0.00392156862745098,0.0058823529411764705,1.0,0.0,0
1.0,0.00980392156862745,0.011764705882352941,1.0,0.0,0
1.0,0.00784313725490196,0.00784313725490196,0.14960629921259844,0.03,0
1.0,0.00392156862745098,0.0058823529411764705,0.007874015748031496,0.33,0
0.0,0.9745098039215686,0.9745098039215686,1.0,1.0,1
0.0,0.0,0.0,0.2204724409448819,1.0,0
1.0,0.013725490196078431,0.01764705882352941,0.16929133858267717,0.02,0
0.0,0.0,0.0,1.0,0.0,0
1.0,0.041176470588235294,0.041176470588235294,0.08661417322834646,0.04,0
1.0,0.023529411764705882,0.023529411764705882,1.0,0.0,0
1.0,0.0,0.0,0.531496062992126,0.01,0
0.0,0.09411764705882353,0.09411764705882353,1.0,0.0,0
1.0,0.0392156862745098,0.0392156862745098,1.0,0.0,0
1.0,0.025490196078431372,0.0392156862745098,0.27165354330708663,0.01,0
0.0,0.0,0.0,1.0,0.0,0
1.0,0.0,0.0,0.5748031496062992,0.01,0
1.0,0.023529411764705882,0.025490196078431372,1.0,0.0,0
0.0,0.0,0.0,1.0,0.0,0
1.0,0.0196078431372549,0.0196078431372549,1.0,0.0,0
1.0,0.0,0.0,0.5354330708661418,0.01,0
1.0,0.027450980392156862,0.027450980392156862,0.19291338582677164,0.02,0
0.0,0.0,0.0,1.0,0.0,0
1.0,0.08627450980392157,0.08823529411764706,1.0,0.0,0
1.0,0.00980392156862745,0.00980392156862745,0.610236220472441,0.01,0
0.0,0.00196078431372549,0.00392156862745098,1.0,0.0,0
0.0,0.0,0.0,0.011811023622047244,0.25,0
1.0,0.01568627450980392,0.049019607843137254,0.6968503937007874,0.01,0
1.0,0.0,0.00392156862745098,0.031496062992125984,0.11,0
1.0,0.03137254901960784,0.03137254901960784,1.0,0.0,0
0.0,0.0,0.0,1.0,0.01,0
1.0,0.0,0.0,0.2992125984251969,0.26,0
1.0,0.011764705882352941,0.056862745098039215,0.09055118110236221,0.04,0
1.0,0.00980392156862745,0.00980392156862745,0.01968503937007874,0.17,0
1.0,0.00196078431372549,0.00196078431372549,0.023622047244094488,0.14,0
1.0,0.01764705882352941,0.021568627450980392,0.7047244094488189,0.01,0
1.0,0.029411764705882353,0.029411764705882353,0.14173228346456693,0.03,0
1.0,0.0,0.0,0.24803149606299213,0.02,0
1.0,0.00392156862745098,0.0058823529411764705,0.15748031496062992,0.02,0
0.0,0.0,0.0,0.4094488188976378,0.01,0
1.0,0.025490196078431372,0.025490196078431372,0.14960629921259844,0.03,0
1.0,0.013725490196078431,0.17254901960784313,0.027559055118110236,0.12,0
0.0,0.00784313725490196,0.011764705882352941,0.7283464566929134,0.01,0
0.0,0.3411764705882353,0.3411764705882353,0.38976377952755903,0.01,0
1.0,0.00980392156862745,0.00980392156862745,0.01968503937007874,0.17,0
0.0,0.00196078431372549,0.00392156862745098,1.0,0.01,0
1.0,0.0,0.03137254901960784,0.03937007874015748,0.09,0
1.0,0.0784313725490196,0.0784313725490196,1.0,0.0,0
1.0,0.0196078431372549,0.0196078431372549,0.6377952755905512,0.01,0
1.0,0.03137254901960784,0.03137254901960784,1.0,0.0,0
1.0,0.00392156862745098,0.0196078431372549,0.14960629921259844,0.03,0
1.0,0.060784313725490195,0.06274509803921569,1.0,0.0,0
1.0,0.011764705882352941,0.013725490196078431,1.0,0.0,0
0.0,0.3627450980392157,0.00784313725490196,1.0,0.0,1
0.0,0.0,0.0,1.0,0.0,0
0.0,0.0,0.0,1.0,0.01,0
1.0,0.0,0.00196078431372549,0.47244094488188976,0.01,0
0.0,0.08431372549019608,0.23921568627450981,1.0,0.0,0
0.0,0.00784313725490196,0.0,1.0,1.0,0
0.0,0.0,0.0,0.2952755905511811,0.01,0
1.0,0.00196078431372549,0.00196078431372549,1.0,0.0,0
0.0,0.0,0.0,1.0,0.0,0
0.0,0.0,0.0,1.0,0.89,0
1.0,0.01568627450980392,0.01568627450980392,0.5354330708661418,0.01,0
1.0,0.054901960784313725,0.13529411764705881,0.6259842519685039,0.01,0
0.0,0.0,0.0,1.0,0.99,0
1.0,0.06666666666666667,0.06666666666666667,1.0,0.0,0
0.0,1.0,1.0,1.0,1.0,1
1.0,0.00784313725490196,0.00784313725490196,0.37401574803149606,0.01,0
1.0,0.00392156862745098,0.00392156862745098,0.11023622047244094,0.03,0
0.0,0.4019607843137255,0.00392156862745098,1.0,0.0,1
0.0,0.0,0.0,1.0,0.0,0
1.0,0.0,0.0,0.21653543307086615,0.02,0
0.0,0.0,0.0,1.0,0.0,0
1.0,0.00980392156862745,0.021568627450980392,0.4409448818897638,0.01,0
1.0,0.0058823529411764705,0.0058823529411764705,0.011811023622047244,0.25,0
1.0,0.0058823529411764705,0.0058823529411764705,1.0,0.0,0
1.0,0.011764705882352941,0.011764705882352941,1.0,0.0,0
0.0,0.0,0.0,1.0,0.0,0
1.0,0.0,0.0,0.6023622047244095,0.01,0
1.0,0.029411764705882353,0.029411764705882353,0.65748031496063,0.01,0
0.0,0.0,0.0,1.0,0.0,0
1.0,0.0,0.0,0.9291338582677166,0.0,0
0.0,0.00196078431372549,0.00196078431372549,1.0,0.99,0
0.0,0.21568627450980393,0.21568627450980393,1.0,0.01,0
1.0,0.0,0.0,0.5551181102362205,0.01,0
1.0,0.0,0.0,0.4763779527559055,0.01,0
0.0,0.00980392156862745,0.00980392156862745,0.32677165354330706,1.0,0
1.0,0.0,0.0,0.21653543307086615,0.02,0
0.0,1.0,1.0,1.0,1.0,1
1.0,0.01764705882352941,0.01764705882352941,0.07874015748031496,0.05,0
0.0,0.029411764705882353,0.029411764705882353,0.2047244094488189,0.42,0
1.0,0.00784313725490196,0.00784313725490196,0.8503937007874016,0.0,0
1.0,0.011764705882352941,0.021568627450980392,0.9763779527559056,0.0,0
0.0,0.00196078431372549,0.00784313725490196,1.0,0.01,0
0.0,0.42745098039215684,0.013725490196078431,1.0,0.0,1
0.0,0.0,0.0,1.0,0.0,0
0.0,0.9980392156862745,0.9980392156862745,1.0,1.0,1
0.0,1.0,1.0,1.0,1.0,1
1.0,0.00392156862745098,0.00392156862745098,1.0,0.0,0
0.0,0.0,0.0,0.031496062992125984,0.11,0
0.0,0.0,0.0,1.0,1.0,0
1.0,0.025490196078431372,0.058823529411764705,0.39763779527559057,0.01,0
1.0,0.03137254901960784,0.03137254901960784,0.19291338582677164,0.02,0
0.0,0.0,0.0,0.007874015748031496,0.33,0
0.0,0.043137254901960784,0.045098039215686274,0.0984251968503937,0.04,0
0.0,1.0,1.0,1.0,1.0,1
1.0,0.029411764705882353,0.029411764705882353,0.05905511811023622,0.06,0
1.0,0.00196078431372549,0.029411764705882353,0.003937007874015748,0.5,0
0.0,0.23921568627450981,0.01764705882352941,1.0,0.0,1
0.0,1.0,1.0,1.0,1.0,1
1.0,0.00980392156862745,0.00980392156862745,1.0,0.0,0
1.0,0.023529411764705882,0.025490196078431372,0.17716535433070865,0.02,0
0.0,0.0,0.0,0.047244094488188976,0.08,0
1.0,0.0,0.0,0.3858267716535433,0.01,0
1.0,0.03333333333333333,0.045098039215686274,1.0,0.0,0
1.0,0.00784313725490196,0.011764705882352941,1.0,0.0,0
1.0,0.0,0.0,0.33858267716535434,0.01,0
1.0,0.0,0.00784313725490196,1.0,0.0,0
1.0,0.0,0.0,1.0,0.0,0
0.0,0.0,0.0,0.027559055118110236,0.12,0
0.0,0.0,0.0,1.0,0.0,0
0.0,0.0,0.0,0.14173228346456693,0.03,0
1.0,0.00196078431372549,0.00196078431372549,0.2559055118110236,0.39,0
1.0,0.0058823529411764705,0.00784313725490196,0.05905511811023622,0.06,0
0.0,0.0,0.0,1.0,0.98,0
0.0,0.0,0.0,1.0,0.91,0
0.0,1.0,1.0,1.0,1.0,1
0.0,0.0,0.0,1.0,0.0,0
0.0,0.0,0.0,0.0,1.0,0
1.0,0.01764705882352941,0.01764705882352941,0.38976377952755903,0.01,0
1.0,0.0196078431372549,0.0196078431372549,1.0,0.0,0
1.0,0.0,0.0058823529411764705,0.24015748031496062,0.02,0
0.0,0.4392156862745098,0.023529411764705882,1.0,0.0,1
1.0,0.025490196078431372,0.03333333333333333,0.051181102362204724,0.07,0
1.0,0.0,0.0,0.1062992125984252,0.04,0
1.0,0.013725490196078431,0.013725490196078431,1.0,0.0,0
1.0,0.0,0.0,0.16535433070866143,0.02,0
1.0,0.01764705882352941,0.01764705882352941,0.03543307086614173,0.1,0
1.0,0.021568627450980392,0.025490196078431372,0.047244094488188976,0.08,0
1.0,0.0,0.00196078431372549,0.24015748031496062,0.02,0
1.0,0.00196078431372549,0.00196078431372549,0.8661417322834646,0.43,0
0.0,1.0,1.0,1.0,1.0,1
1.0,0.07058823529411765,0.07058823529411765,1.0,0.0,0
0.0,0.09019607843137255,0.24705882352941178,1.0,0.0,0
1.0,0.013725490196078431,0.043137254901960784,0.20866141732283464,0.02,0
1.0,0.00392156862745098,0.00392156862745098,0.531496062992126,0.01,0
0.0,0.0,0.0,0.1732283464566929,0.02,0
0.0,0.803921568627451,0.803921568627451,1.0,1.0,0
1.0,0.0,0.0,0.16929133858267717,0.02,0
1.0,0.013725490196078431,0.01568627450980392,1.0,0.0,0
1.0,0.01764705882352941,0.0196078431372549,1.0,0.0,0
1.0,0.00196078431372549,0.00196078431372549,0.6692913385826772,0.01,0
1.0,0.0392156862745098,0.0392156862745098,0.3937007874015748,0.01,0
0.0,1.0,1.0,1.0,1.0,1
1.0,0.0196078431372549,0.021568627450980392,0.24015748031496062,0.02,0
0.0,1.0,1.0,1.0,1.0,1
0.0,0.00196078431372549,0.00196078431372549,1.0,0.01,0
1.0,0.01764705882352941,0.01764705882352941,1.0,0.0,0
1.0,0.060784313725490195,0.060784313725490195,0.4448818897637795,0.01,0
1.0,0.01764705882352941,0.01764705882352941,1.0,0.0,0
1.0,0.00392156862745098,0.00392156862745098,1.0,0.0,0
0.0,0.0,0.0,0.8188976377952756,1.0,0
0.0,0.0,0.0,1.0,0.99,0
0.0,0.0,0.0,0.4251968503937008,0.01,0
0.0,0.0,0.00196078431372549,0.027559055118110236,0.12,0
0.0,0.0,0.0,1.0,1.0,0
0.0,1.0,1.0,1.0,1.0,1
1.0,0.029411764705882353,0.029411764705882353,0.7007874015748031,0.42,0
0.0,0.0,0.0,1.0,0.0,0
1.0,0.0,0.00196078431372549,0.08661417322834646,0.04,0
1.0,0.045098039215686274,0.047058823529411764,1.0,0.0,0
1.0,0.013725490196078431,0.01764705882352941,0.24803149606299213,0.02,0
1.0,0.013725490196078431,0.013725490196078431,1.0,0.0,0
1.0,0.0,0.00196078431372549,0.8661417322834646,0.0,0
1.0,0.0,0.00392156862745098,0.06299212598425197,0.06,0
0.0,0.0,0.00196078431372549,0.6771653543307087,0.12,0
1.0,0.011764705882352941,0.011764705882352941,0.421259842519685,0.01,0
0.0,0.00196078431372549,0.00196078431372549,1.0,0.01,0
0.0,0.00196078431372549,0.00196078431372549,0.4409448818897638,0.55,0
0.0,0.24313725490196078,0.025490196078431372,1.0,0.0,1
1.0,0.00196078431372549,0.00196078431372549,1.0,0.0,0
1.0,0.0,0.0,0.3346456692913386,0.01,0
0.0,1.0,1.0,1.0,1.0,1
1.0,0.027450980392156862,0.027450980392156862,1.0,0.01,0
0.0,0.0,0.0,1.0,0.0,0
1.0,0.0,0.00392156862745098,0.023622047244094488,0.14,0
1.0,0.00784313725490196,0.00784313725490196,0.07480314960629922,0.05,0
1.0,0.0058823529411764705,0.0058823529411764705,1.0,0.0,0
1.0,0.029411764705882353,0.029411764705882353,0.05905511811023622,0.06,0
1.0,0.00980392156862745,0.021568627450980392,0.7755905511811023,0.01,0
1.0,0.03333333333333333,0.056862745098039215,1.0,0.0,0
1.0,0.027450980392156862,0.03137254901960784,1.0,0.0,0
0.0,0.23529411764705882,0.01764705882352941,1.0,0.0,1
1.0,0.08235294117647059,0.08235294117647059,0.6299212598425197,0.01,0
1.0,0.0,0.0,0.3543307086614173,0.01,0
1.0,0.0,0.00392156862745098,0.20078740157480315,0.02,0
1.0,0.0058823529411764705,0.0058823529411764705,1.0,0.0,0
0.0,0.0,0.0,0.051181102362204724,0.07,0
1.0,0.0,0.0,0.46062992125984253,0.01,0
1.0,0.0,0.0,0.16535433070866143,0.02,0
1.0,0.021568627450980392,0.025490196078431372,0.20866141732283464,0.02,0
1.0,0.041176470588235294,0.045098039215686274,0.23228346456692914,0.02,0
1.0,0.013725490196078431,0.023529411764705882,0.8228346456692913,0.0,0
1.0,0.043137254901960784,0.047058823529411764,1.0,0.0,0
1.0,0.0392156862745098,0.0392156862745098,0.4566929133858268,0.01,0
0.0,1.0,1.0,1.0,1.0,1
1.0,0.00392156862745098,0.00392156862745098,1.0,0.0,0
0.0,0.0,0.00196078431372549,0.03937007874015748,0.09,0
0.0,0.0,0.00196078431372549,1.0,0.0,0
0.0,0.00980392156862745,0.00196078431372549,1.0,0.69,0
1.0,0.0,0.0,0.023622047244094488,0.14,0
0.0,0.00392156862745098,0.049019607843137254,0.2283464566929134,0.02,0
0.0,0.0,0.0,1.0,1.0,1
0.0,1.0,1.0,1.0,1.0,1
0.0,0.00196078431372549,0.00196078431372549,1.0,0.2,0
1.0,0.0058823529411764705,0.049019607843137254,0.9212598425196851,0.0,0
0.0,0.0,0.0,1.0,0.02,0
1.0,0.0,0.00196078431372549,0.13385826771653545,0.03,0
0.0,0.00196078431372549,0.00196078431372549,1.0,0.01,0
1.0,0.0196078431372549,0.0196078431372549,1.0,0.0,0
1.0,0.023529411764705882,0.027450980392156862,0.3858267716535433,0.01,0
1.0,0.045098039215686274,0.045098039215686274,1.0,0.0,0
1.0,0.07647058823529412,0.09215686274509804,1.0,0.0,0
1.0,0.029411764705882353,0.03137254901960784,1.0,0.0,0
1.0,0.013725490196078431,0.013725490196078431,0.15748031496062992,0.02,0
1.0,0.013725490196078431,0.013725490196078431,0.2047244094488189,0.02,0
1.0,0.00392156862745098,0.00392156862745098,0.03937007874015748,0.09,0
0.0,1.0,1.0,1.0,1.0,1
1.0,0.0,0.027450980392156862,0.007874015748031496,0.33,0
1.0,0.00392156862745098,0.03529411764705882,0.03543307086614173,0.1,0
1.0,0.0058823529411764705,0.0058823529411764705,0.09448818897637795,0.04,0
0.0,0.0,0.00196078431372549,0.031496062992125984,0.11,0
1.0,0.0,0.0,0.0,1.0,0
0.0,1.0,1.0,1.0,1.0,1
1.0,0.01764705882352941,0.01764705882352941,0.03543307086614173,0.1,0
0.0,0.0,0.0,0.25196850393700787,0.02,0
1.0,0.054901960784313725,0.06274509803921569,1.0,0.0,0
0.0,0.00196078431372549,0.00196078431372549,0.5826771653543307,0.1,0
0.0,1.0,1.0,1.0,1.0,1
1.0,0.0058823529411764705,0.0058823529411764705,0.011811023622047244,0.25,0
1.0,0.025490196078431372,0.03333333333333333,0.051181102362204724,0.07,0
0.0,1.0,1.0,1.0,1.0,1
1.0,0.0,0.0,0.11023622047244094,0.03,0
0.0,0.996078431372549,0.996078431372549,1.0,1.0,1
0.0,1.0,1.0,1.0,1.0,1
1.0,0.0,0.00196078431372549,0.4330708661417323,0.01,0
1.0,0.00196078431372549,0.00392156862745098,0.9921259842519685,0.0,0
1.0,0.00980392156862745,0.01568627450980392,1.0,0.0,0
1.0,0.0,0.0,0.562992125984252,0.01,0
1.0,0.0,0.0,0.15748031496062992,0.02,0
0.0,0.00196078431372549,0.00196078431372549,1.0,0.49,0
1.0,0.023529411764705882,0.023529411764705882,1.0,0.0,0
1.0,0.043137254901960784,0.043137254901960784,1.0,0.0,0
0.0,0.0,0.0,1.0,0.0,0
1.0,0.0,0.0058823529411764705,0.9409448818897638,0.0,0
1.0,0.0058823529411764705,0.03333333333333333,0.03937007874015748,0.09,0
1.0,0.0,0.0,1.0,0.0,0
1.0,0.0,0.0,0.1889763779527559,0.02,0
0.0,0.00980392156862745,0.00784313725490196,1.0,0.05,0
0.0,0.0,0.0,0.003937007874015748,0.5,0
1.0,0.0392156862745098,0.0392156862745098,0.8937007874015748,0.0,0
1.0,0.0,0.00196078431372549,0.0984251968503937,0.04,0
1.0,0.029411764705882353,0.029411764705882353,0.7165354330708661,0.01,0
1.0,0.0,0.0,0.22440944881889763,0.02,0
0.0,0.00196078431372549,0.00196078431372549,0.4409448818897638,0.01,0
1.0,0.03333333333333333,0.03333333333333333,0.9330708661417323,0.0,0
1.0,0.0,0.0,0.4094488188976378,0.01,0
1.0,0.03333333333333333,0.03333333333333333,0.7519685039370079,0.01,0
0.0,1.0,1.0,1.0,1.0,1
1.0,0.011764705882352941,0.041176470588235294,1.0,0.0,0
1.0,0.00980392156862745,0.00980392156862745,0.3700787401574803,0.01,0
1.0,0.01568627450980392,0.01568627450980392,0.8307086614173228,0.0,0
1.0,0.0392156862745098,0.0392156862745098,1.0,0.0,0
1.0,0.0196078431372549,0.021568627450980392,0.08267716535433071,0.05,0
1.0,0.0,0.0,0.015748031496062992,0.2,0
1.0,0.027450980392156862,0.03137254901960784,0.1141732283464567,0.03,0
1.0,0.049019607843137254,0.06470588235294118,0.46062992125984253,0.01,0
1.0,0.047058823529411764,0.050980392156862744,1.0,0.0,0
1.0,0.00980392156862745,0.00980392156862745,0.24803149606299213,0.02,0
1.0,0.047058823529411764,0.050980392156862744,0.6968503937007874,0.01,0
1.0,0.0,0.00196078431372549,0.2283464566929134,0.02,0
1.0,0.011764705882352941,0.01764705882352941,0.9094488188976378,0.0,0
0.0,0.03725490196078431,0.07647058823529412,1.0,0.0,0
1.0,0.00196078431372549,0.00392156862745098,0.11811023622047244,0.03,0
0.0,0.0,0.0,0.6771653543307087,0.01,0
1.0,0.07058823529411765,0.07058823529411765,0.4094488188976378,0.01,0
0.0,0.3941176470588235,0.01764705882352941,1.0,0.0,1
1.0,0.00980392156862745,0.013725490196078431,0.44881889763779526,0.01,0
1.0,0.013725490196078431,0.013725490196078431,1.0,0.0,0
0.0,1.0,1.0,1.0,1.0,1
0.0,1.0,1.0,1.0,1.0,1
1.0,0.0,0.0,1.0,0.0,0
0.0,0.00196078431372549,0.0,1.0,0.99,0
1.0,0.01568627450980392,0.01568627450980392,0.43700787401574803,0.01,0
1.0,0.0,0.0,0.468503937007874,0.01,0
1.0,0.0058823529411764705,0.00784313725490196,0.2637795275590551,0.01,0
1.0,0.023529411764705882,0.03137254901960784,1.0,0.0,0
0.0,0.0,0.0,1.0,0.95,0
1.0,0.00196078431372549,0.021568627450980392,0.0984251968503937,0.04,0
1.0,0.00196078431372549,0.06274509803921569,0.003937007874015748,0.5,0
0.0,0.9980392156862745,0.9980392156862745,1.0,1.0,1
0.0,0.0,0.0,1.0,1.0,0
1.0,0.0196078431372549,0.0196078431372549,1.0,0.0,0
0.0,0.00196078431372549,0.00196078431372549,1.0,0.01,0
1.0,0.03529411764705882,0.03529411764705882,1.0,0.0,0
1.0,0.013725490196078431,0.013725490196078431,0.6732283464566929,0.01,0
0.0,0.0,0.0,0.8385826771653543,0.0,0
0.0,0.0,0.00196078431372549,0.09448818897637795,0.2,0
1.0,0.0058823529411764705,0.0058823529411764705,0.30708661417322836,0.01,0
1.0,0.00196078431372549,0.00196078431372549,0.05905511811023622,0.06,0
1.0,0.0,0.00196078431372549,1.0,0.0,0
1.0,0.03529411764705882,0.11568627450980393,1.0,0.0,0
1.0,0.0,0.0,0.7874015748031497,0.28,0
1.0,0.00196078431372549,0.00196078431372549,0.7165354330708661,0.01,0
1.0,0.0,0.0,0.889763779527559,0.0,0
0.0,1.0,1.0,1.0,1.0,1
1.0,0.021568627450980392,0.021568627450980392,0.2992125984251969,0.01,0
0.0,0.00784313725490196,0.049019607843137254,1.0,0.0,0
0.0,0.0,0.0,1.0,0.02,0
1.0,0.00392156862745098,0.011764705882352941,0.38188976377952755,0.01,0
1.0,0.01568627450980392,0.01568627450980392,0.031496062992125984,0.11,0
1.0,0.0,0.0058823529411764705,0.03937007874015748,0.09,0
1.0,0.00196078431372549,0.021568627450980392,0.027559055118110236,0.12,0
1.0,0.029411764705882353,0.043137254901960784,0.05905511811023622,0.06,0
0.0,0.0,0.0,0.0,1.0,0
0.0,1.0,1.0,1.0,1.0,1
1.0,0.0,0.013725490196078431,0.07480314960629922,0.05,0
1.0,0.025490196078431372,0.025490196078431372,0.49606299212598426,0.01,0
0.0,0.0,0.0,1.0,0.97,0
1.0,0.0,0.0,1.0,0.0,0
1.0,0.0,0.00392156862745098,0.33858267716535434,0.01,0
0.0,0.0,0.0,1.0,0.0,0
1.0,0.041176470588235294,0.041176470588235294,1.0,0.0,0
0.0,0.20392156862745098,0.00784313725490196,1.0,0.0,1
1.0,0.00980392156862745,0.021568627450980392,0.6811023622047244,0.01,0
0.0,0.050980392156862744,0.20784313725490197,1.0,0.0,0
1.0,0.0,0.0,0.6692913385826772,0.01,0
1.0,0.00196078431372549,0.00196078431372549,0.15748031496062992,0.22,0
0.0,0.011764705882352941,0.021568627450980392,1.0,0.0,0
1.0,0.00196078431372549,0.00196078431372549,0.16535433070866143,0.6,0
1.0,0.0,0.0,0.39763779527559057,0.01,0
1.0,0.0,0.0,0.1220472440944882,0.03,0
0.0,0.9980392156862745,0.9980392156862745,1.0,1.0,1
0.0,0.30980392156862746,0.4666666666666667,1.0,0.0,0
0.0,0.0,0.0,0.2440944881889764,0.02,0
1.0,0.01568627450980392,0.01568627450980392,0.031496062992125984,0.11,0
1.0,0.03137254901960784,0.03137254901960784,0.25196850393700787,0.02,0
1.0,0.0,0.00196078431372549,0.3700787401574803,0.01,0
1.0,0.0,0.0,0.17716535433070865,0.02,0
1.0,0.0058823529411764705,0.011764705882352941,0.25196850393700787,0.02,0
1.0,0.0,0.011764705882352941,0.1062992125984252,0.07,0
1.0,0.0,0.00196078431372549,0.6771653543307087,0.01,0
1.0,0.00392156862745098,0.00392156862745098,0.8385826771653543,0.0,0
0.0,0.2784313725490196,0.023529411764705882,1.0,0.0,1
1.0,0.00980392156862745,0.00980392156862745,0.01968503937007874,0.17,0
0.0,0.00196078431372549,0.00196078431372549,1.0,0.01,0
0.0,1.0,1.0,1.0,1.0,1
1.0,0.060784313725490195,0.060784313725490195,0.6456692913385826,0.01,0
1.0,0.00392156862745098,0.00392156862745098,0.007874015748031496,0.33,0
1.0,0.0,0.0,1.0,0.0,0
1.0,0.0,0.0,0.6968503937007874,0.01,0
1.0,0.00784313725490196,0.00980392156862745,0.32677165354330706,0.01,0
1.0,0.054901960784313725,0.054901960784313725,0.32677165354330706,0.01,0
1.0,0.0,0.0,0.3031496062992126,0.01,0
1.0,0.0,0.00196078431372549,0.41338582677165353,0.01,0
0.0,1.0,1.0,1.0,1.0,1
0.0,0.00392156862745098,0.00784313725490196,0.2992125984251969,0.75,0
1.0,0.0058823529411764705,0.0058823529411764705,1.0,0.0,0
1.0,0.021568627450980392,0.03529411764705882,1.0,0.0,0
1.0,0.025490196078431372,0.06862745098039216,1.0,0.0,0
1.0,0.0,0.0,0.10236220472440945,0.04,0
1.0,0.011764705882352941,0.021568627450980392,1.0,0.0,0
1.0,0.013725490196078431,0.054901960784313725,1.0,0.0,0
1.0,0.0058823529411764705,0.0058823529411764705,0.8228346456692913,0.0,0
0.0,0.37450980392156863,0.37450980392156863,1.0,0.0,0
1.0,0.00784313725490196,0.00784313725490196,1.0,0.0,0
1.0,0.025490196078431372,0.025490196078431372,1.0,0.0,0
0.0,0.0,0.0,1.0,0.89,0
1.0,0.00196078431372549,0.00392156862745098,1.0,0.0,0
1.0,0.0392156862745098,0.0392156862745098,0.8976377952755905,0.0,0
1.0,0.013725490196078431,0.01764705882352941,0.19291338582677164,0.02,0
0.0,0.0,0.0,1.0,0.0,0
0.0,0.5333333333333333,0.029411764705882353,1.0,0.0,1
1.0,0.00784313725490196,0.00784313725490196,0.015748031496062992,0.2,0
0.0,0.0,0.0,0.05511811023622047,0.07,0
0.0,1.0,1.0,1.0,1.0,1
1.0,0.00784313725490196,0.00784313725490196,0.6299212598425197,0.01,0
0.0,0.0,0.0,0.21653543307086615,0.02,0
1.0,0.0,0.0,1.0,0.0,0
1.0,0.027450980392156862,0.03333333333333333,1.0,0.0,0
1.0,0.0196078431372549,0.023529411764705882,0.08661417322834646,0.04,0
1.0,0.0392156862745098,0.052941176470588235,1.0,0.0,0
1.0,0.0,0.0,1.0,0.0,0
1.0,0.00980392156862745,0.023529411764705882,0.11023622047244094,0.03,0
1.0,0.00392156862745098,0.0058823529411764705,0.007874015748031496,0.33,0
0.0,1.0,1.0,1.0,1.0,1
0.0,1.0,1.0,1.0,1.0,1
1.0,0.00980392156862745,0.00980392156862745,0.7913385826771654,0.0,0
1.0,0.0196078431372549,0.0196078431372549,0.4881889763779528,0.01,0
1.0,0.0196078431372549,0.023529411764705882,1.0,0.0,0
1.0,0.049019607843137254,0.049019607843137254,1.0,0.0,0
0.0,0.0,0.0,1.0,0.0,0
0.0,0.0,0.0,1.0,0.0,0
1.0,0.029411764705882353,0.050980392156862744,1.0,0.0,0
0.0,0.0,0.0,1.0,0.0,0
1.0,0.0,0.0058823529411764705,0.051181102362204724,0.07,0
1.0,0.00392156862745098,0.00392156862745098,0.07480314960629922,0.05,0
1.0,0.0,0.0,0.05511811023622047,0.07,0
1.0,0.0196078431372549,0.023529411764705882,1.0,0.0,0
0.0,0.00196078431372549,0.00196078431372549,1.0,0.73,0
0.0,0.0,0.0,0.13385826771653545,1.0,0
0.0,0.0,0.0,1.0,0.0,0
1.0,0.0392156862745098,0.07058823529411765,1.0,0.0,0
1.0,0.03529411764705882,0.03529411764705882,1.0,0.0,0
1.0,0.01764705882352941,0.01764705882352941,1.0,0.0,0
0.0,0.2196078431372549,0.00980392156862745,1.0,0.0,1
1.0,0.03137254901960784,0.03137254901960784,0.06299212598425197,0.06,0
1.0,0.00196078431372549,0.00196078431372549,1.0,0.0,0
1.0,0.01568627450980392,0.01568627450980392,0.7322834645669292,0.01,0
1.0,0.0,0.00196078431372549,0.65748031496063,0.01,0
0.0,1.0,1.0,1.0,1.0,1
1.0,0.0,0.0,0.65748031496063,0.01,0
1.0,0.021568627450980392,0.0784313725490196,1.0,0.0,0
1.0,0.047058823529411764,0.060784313725490195,0.2047244094488189,0.02,0
1.0,0.060784313725490195,0.13137254901960785,1.0,0.0,0
1.0,0.0,0.00392156862745098,0.0984251968503937,0.04,0
1.0,0.0,0.00196078431372549,0.3110236220472441,0.01,0
0.0,0.0,0.0,1.0,0.01,0
1.0,0.00980392156862745,0.00980392156862745,1.0,0.0,0
0.0,0.0,0.0,0.0,1.0,0
0.0,0.3431372549019608,0.0,1.0,0.0,1
1.0,0.00784313725490196,0.00784313725490196,0.015748031496062992,0.2,0
1.0,0.0,0.0,1.0,0.0,0
0.0,0.00784313725490196,0.00196078431372549,1.0,0.92,0
1.0,0.0,0.00196078431372549,0.03543307086614173,0.1,0
0.0,0.0,0.0,1.0,0.97,0
0.0,0.00196078431372549,0.0,0.14173228346456693,0.03,0
1.0,0.0,0.0,0.8110236220472441,0.0,0
1.0,0.00196078431372549,0.00196078431372549,0.2795275590551181,0.01,0
1.0,0.00196078431372549,0.00196078431372549,0.35826771653543305,0.01,0
1.0,0.0,0.0,1.0,0.0,0
1.0,0.0,0.00196078431372549,0.7007874015748031,0.01,0
0.0,0.00196078431372549,0.00196078431372549,1.0,1.0,0
1.0,0.056862745098039215,0.0784313725490196,0.3661417322834646,0.01,0
1.0,0.00980392156862745,0.00980392156862745,0.46062992125984253,0.01,0
1.0,0.0,0.0,0.562992125984252,0.01,0
0.0,0.0,0.0,1.0,0.84,0
1.0,0.0196078431372549,0.0196078431372549,0.1889763779527559,0.02,0
1.0,0.0,0.0,0.15354330708661418,0.03,0
1.0,0.0,0.0,0.40551181102362205,0.01,0
0.0,0.9235294117647059,0.9235294117647059,1.0,1.0,1
1.0,0.021568627450980392,0.021568627450980392,0.32677165354330706,0.33,0
0.0,0.0,0.0,1.0,0.95,0
1.0,0.0,0.00196078431372549,0.031496062992125984,0.11,0
1.0,0.00980392156862745,0.00980392156862745,0.01968503937007874,0.17,0
1.0,0.0,0.0,0.0984251968503937,0.04,0
0.0,1.0,1.0,1.0,1.0,1
1.0,0.013725490196078431,0.013725490196078431,0.027559055118110236,0.12,0
0.0,0.0,0.0,1.0,0.82,0
1.0,0.0196078431372549,0.0196078431372549,0.14173228346456693,0.03,0
1.0,0.00980392156862745,0.00980392156862745,0.05511811023622047,0.07,0
0.0,0.5333333333333333,0.00784313725490196,1.0,0.0,1
1.0,0.025490196078431372,0.023529411764705882,0.1141732283464567,0.63,0
0.0,0.9941176470588236,0.9941176470588236,1.0,1.0,1
1.0,0.041176470588235294,0.041176470588235294,1.0,0.0,0
1.0,0.011764705882352941,0.011764705882352941,0.04330708661417323,0.08,0
0.0,0.11764705882352941,0.27450980392156865,1.0,0.0,0
1.0,0.07254901960784314,0.07254901960784314,1.0,0.0,0
1.0,0.0,0.0,0.5393700787401575,0.01,0
0.0,0.0,0.0,0.25984251968503935,0.01,0
0.0,0.0,0.0,0.3937007874015748,0.01,0
0.0,1.0,1.0,1.0,1.0,1
0.0,0.0,0.00196078431372549,0.027559055118110236,0.12,0
0.0,0.23921568627450981,0.029411764705882353,1.0,0.0,1
1.0,0.0,0.0058823529411764705,0.011811023622047244,0.25,0
0.0,0.0,0.0,1.0,0.01,0
1.0,0.00196078431372549,0.00196078431372549,1.0,0.0,0
1.0,0.027450980392156862,0.027450980392156862,0.9566929133858267,0.0,0
1.0,0.011764705882352941,0.011764705882352941,0.15354330708661418,0.03,0
1.0,0.0058823529411764705,0.0058823529411764705,1.0,0.0,0
0.0,0.09803921568627451,0.10196078431372549,0.6692913385826772,0.01,0
0.0,0.0,0.0,1.0,0.0,0
0.0,0.9980392156862745,0.9980392156862745,1.0,1.0,1
1.0,0.07647058823529412,0.07647058823529412,1.0,0.0,0
1.0,0.01764705882352941,0.01764705882352941,0.03543307086614173,0.1,0
1.0,0.013725490196078431,0.03725490196078431,0.984251968503937,0.18,0
1.0,0.0392156862745098,0.0392156862745098,1.0,0.0,0
1.0,0.00784313725490196,0.00784313725490196,0.7795275590551181,0.01,0
1.0,0.0,0.0,0.6614173228346457,0.01,0
1.0,0.013725490196078431,0.03137254901960784,1.0,0.0,0
0.0,0.21764705882352942,0.00196078431372549,1.0,0.0,1
1.0,0.021568627450980392,0.021568627450980392,0.17716535433070865,0.02,0
1.0,0.054901960784313725,0.054901960784313725,1.0,0.0,0
0.0,0.0,0.0,1.0,0.93,0
0.0,0.029411764705882353,0.013725490196078431,1.0,0.0,1
0.0,0.00196078431372549,0.00196078431372549,1.0,0.85,0
0.0,0.0,0.00196078431372549,0.047244094488188976,0.08,0
1.0,0.021568627450980392,0.021568627450980392,0.04330708661417323,0.08,0
1.0,0.021568627450980392,0.03529411764705882,0.19291338582677164,0.02,0
0.0,0.996078431372549,0.996078431372549,1.0,1.0,1
1.0,0.01764705882352941,0.01764705882352941,0.41338582677165353,0.01,0
1.0,0.023529411764705882,0.023529411764705882,1.0,0.01,0
0.0,0.42549019607843136,0.5764705882352941,0.8622047244094488,0.0,0
1.0,0.060784313725490195,0.060784313725490195,0.1220472440944882,0.03,0
0.0,0.08431372549019608,0.08431372549019608,0.8031496062992126,0.0,0
1.0,0.0,0.0,0.39763779527559057,0.01,0
1.0,0.021568627450980392,0.03333333333333333,0.04330708661417323,0.08,0
1.0,0.00392156862745098,0.00392156862745098,1.0,0.0,0
0.0,0.0784313725490196,0.08235294117647059,0.6299212598425197,0.01,0
0.0,1.0,1.0,1.0,1.0,1
1.0,0.025490196078431372,0.025490196078431372,1.0,0.0,0
1.0,0.0,0.00392156862745098,0.5826771653543307,0.01,0
0.0,0.0,0.00196078431372549,0.2755905511811024,0.15,0
0.0,0.0,0.0,0.1220472440944882,0.03,0
1.0,0.00392156862745098,0.00392156862745098,0.15748031496062992,0.02,0
1.0,0.01568627450980392,0.021568627450980392,1.0,0.0,0
0.0,0.888235294117647,0.888235294117647,1.0,1.0,1
1.0,0.0,0.0,0.24803149606299213,0.02,0
1.0,0.00196078431372549,0.0803921568627451,0.07480314960629922,0.05,0
1.0,0.00980392156862745,0.00980392156862745,0.07086614173228346,0.05,0
0.0,0.00980392156862745,0.01764705882352941,1.0,0.0,0
1.0,0.0,0.00196078431372549,0.8307086614173228,0.0,0
0.0,1.0,1.0,1.0,1.0,1
0.0,1.0,1.0,1.0,1.0,1
0.0,1.0,1.0,1.0,1.0,1
1.0,0.021568627450980392,0.021568627450980392,1.0,0.01,0
1.0,0.013725490196078431,0.01568627450980392,0.24015748031496062,0.02,0
0.0,0.0,0.0,0.007874015748031496,0.33,0
1.0,0.0,0.0,0.35039370078740156,0.01,0
1.0,0.0392156862745098,0.054901960784313725,1.0,0.0,0
0.0,0.0,0.00196078431372549,0.007874015748031496,0.33,0
0.0,0.00196078431372549,0.00196078431372549,1.0,0.01,0
1.0,0.0,0.0,1.0,0.55,0
1.0,0.023529411764705882,0.029411764705882353,0.8582677165354331,0.0,0
0.0,0.25882352941176473,0.021568627450980392,1.0,0.0,1
1.0,0.03333333333333333,0.03333333333333333,0.15748031496062992,0.73,0
0.0,1.0,1.0,1.0,1.0,1
0.0,0.0,0.0,1.0,0.0,0
1.0,0.0,0.0,0.031496062992125984,0.11,0
1.0,0.00392156862745098,0.0,0.6889763779527559,0.01,0
1.0,0.00784313725490196,0.03725490196078431,1.0,0.0,0
0.0,0.9980392156862745,0.9980392156862745,1.0,1.0,1
1.0,0.021568627450980392,0.021568627450980392,1.0,0.0,0
0.0,0.0,0.0,0.007874015748031496,0.33,0
1.0,0.011764705882352941,0.013725490196078431,1.0,0.0,0
1.0,0.0,0.00196078431372549,0.8031496062992126,0.0,0
1.0,0.0196078431372549,0.03529411764705882,1.0,0.0,0
1.0,0.0,0.0,0.20078740157480315,0.38,0
0.0,1.0,1.0,1.0,1.0,1
1.0,0.021568627450980392,0.021568627450980392,1.0,0.0,0
1.0,0.0,0.00196078431372549,0.003937007874015748,0.5,0
1.0,0.03725490196078431,0.03725490196078431,1.0,0.0,0
0.0,0.0,0.0,0.05905511811023622,0.06,0
0.0,0.0,0.0,1.0,0.0,0
0.0,0.0,0.0,1.0,0.88,0
0.0,0.00196078431372549,0.00196078431372549,1.0,0.01,0
1.0,0.0196078431372549,0.0196078431372549,0.7795275590551181,0.01,0
1.0,0.03333333333333333,0.03333333333333333,0.3110236220472441,0.01,0
0.0,0.0,0.0,1.0,0.0,0
0.0,1.0,1.0,1.0,1.0,1
1.0,0.029411764705882353,0.03333333333333333,1.0,0.0,0
0.0,0.0,0.0,0.031496062992125984,0.11,0
1.0,0.0058823529411764705,0.0058823529411764705,0.20078740157480315,0.02,0
1.0,0.0,0.0,0.1141732283464567,0.03,0
1.0,0.0,0.0,0.04330708661417323,0.08,0
1.0,0.00784313725490196,0.00784313725490196,1.0,0.0,0
1.0,0.00784313725490196,0.023529411764705882,0.07086614173228346,0.05,0
1.0,0.047058823529411764,0.047058823529411764,1.0,0.0,0
1.0,0.00392156862745098,0.00392156862745098,0.16535433070866143,0.02,0
0.0,0.00784313725490196,0.0058823529411764705,1.0,0.16,0
1.0,0.00980392156862745,0.00980392156862745,1.0,0.0,0
0.0,0.0058823529411764705,0.0,1.0,0.54,0
0.0,0.0,0.0,1.0,0.0,1
0.0,0.00392156862745098,0.00392156862745098,0.7322834645669292,0.33,0
1.0,0.043137254901960784,0.043137254901960784,1.0,0.0,0
0.0,1.0,1.0,1.0,1.0,1
1.0,0.0058823529411764705,0.0058823529411764705,0.05511811023622047,0.07,0
1.0,0.054901960784313725,0.054901960784313725,0.11023622047244094,0.03,0
1.0,0.03725490196078431,0.03725490196078431,0.07480314960629922,0.05,0
0.0,0.0,0.0,1.0,1.0,0
0.0,0.00392156862745098,0.0,1.0,0.94,0
0.0,0.0,0.0,0.05905511811023622,0.06,0
0.0,0.0,0.0,1.0,0.0,0
0.0,0.011764705882352941,0.043137254901960784,0.2677165354330709,0.01,0
1.0,0.013725490196078431,0.013725490196078431,1.0,0.0,0
1.0,0.027450980392156862,0.03529411764705882,0.7440944881889764,0.01,0
1.0,0.023529411764705882,0.023529411764705882,0.15748031496062992,0.02,0
1.0,0.0,0.00196078431372549,0.8188976377952756,0.0,0
1.0,0.0,0.013725490196078431,0.16535433070866143,0.02,0
1.0,0.00196078431372549,0.00196078431372549,1.0,0.0,0
0.0,0.00196078431372549,0.00196078431372549,1.0,0.01,0
0.0,0.1588235294117647,0.3156862745098039,1.0,0.0,0
1.0,0.00196078431372549,0.00196078431372549,1.0,0.0,0
0.0,0.06274509803921569,0.2196078431372549,1.0,0.0,0
1.0,0.043137254901960784,0.0,0.24803149606299213,0.45,0
0.0,0.00392156862745098,0.00784313725490196,1.0,0.01,0
1.0,0.0058823529411764705,0.013725490196078431,0.04330708661417323,0.08,0
1.0,0.00784313725490196,0.029411764705882353,0.01968503937007874,0.17,0
1.0,0.01764705882352941,0.01764705882352941,0.6929133858267716,0.01,0
1.0,0.045098039215686274,0.047058823529411764,1.0,0.0,0
0.0,0.43137254901960786,0.0196078431372549,1.0,0.0,1
1.0,0.013725490196078431,0.013725490196078431,0.027559055118110236,0.12,0
1.0,0.0,0.0,0.7047244094488189,0.01,0
0.0,0.0,0.00196078431372549,0.905511811023622,0.0,0
1.0,0.00784313725490196,0.00784313725490196,0.9724409448818898,0.23,0
0.0,0.0,0.0,1.0,0.06,0
1.0,0.03529411764705882,0.03529411764705882,1.0,0.0,0
0.0,0.0,0.0,1.0,0.0,0
1.0,0.0,0.0,0.3779527559055118,0.01,0
1.0,0.0784313725490196,0.0784313725490196,1.0,0.0,0
1.0,0.013725490196078431,0.013725490196078431,1.0,0.0,0
0.0,0.0,0.0,1.0,0.0,0
0.0,0.00196078431372549,0.00196078431372549,1.0,0.01,0
1.0,0.01568627450980392,0.01568627450980392,0.2283464566929134,0.02,0
0.0,0.14313725490196078,0.3,1.0,0.0,0
0.0,0.5098039215686274,0.03333333333333333,1.0,0.0,1
0.0,0.0,0.0,1.0,1.0,0
1.0,0.00196078431372549,0.00196078431372549,0.027559055118110236,0.12,0
1.0,0.0,0.00196078431372549,0.031496062992125984,0.11,0
0.0,1.0,1.0,1.0,1.0,1
1.0,0.0,0.0,0.9645669291338582,0.0,0
0.0,0.0,0.0,1.0,0.0,0
0.0,0.0,0.0,1.0,0.96,0
1.0,0.0,0.049019607843137254,0.18503937007874016,0.02,0
0.0,0.00196078431372549,0.0058823529411764705,1.0,0.03,0
1.0,0.0,0.0,0.4566929133858268,0.01,0
1.0,0.00392156862745098,0.00392156862745098,0.12992125984251968,0.03,0
0.0,0.20392156862745098,0.025490196078431372,1.0,0.0,1
1.0,0.0,0.0,0.21653543307086615,0.02,0
0.0,0.00196078431372549,0.00196078431372549,1.0,0.01,0
0.0,0.0,0.0,0.4566929133858268,0.01,0
0.0,0.0,0.0,0.0,1.0,0
0.0,1.0,1.0,1.0,1.0,1
0.0,0.996078431372549,0.996078431372549,1.0,1.0,1
0.0,1.0,1.0,1.0,1.0,1
1.0,0.00392156862745098,0.0058823529411764705,1.0,0.0,0
1.0,0.00392156862745098,0.00980392156862745,1.0,0.0,0
1.0,0.0196078431372549,0.03333333333333333,1.0,0.0,0
1.0,0.0058823529411764705,0.0058823529411764705,0.6732283464566929,0.01,0
0.0,0.0,0.0,0.3110236220472441,1.0,0
1.0,0.00196078431372549,0.052941176470588235,0.015748031496062992,0.2,0
0.0,0.9215686274509803,0.9215686274509803,1.0,1.0,0
1.0,0.021568627450980392,0.050980392156862744,0.3661417322834646,0.01,0
1.0,0.00196078431372549,0.00392156862745098,0.46062992125984253,0.01,0
0.0,1.0,1.0,1.0,1.0,1
0.0,0.0,0.0,1.0,0.0,0
1.0,0.00784313725490196,0.01764705882352941,0.015748031496062992,0.2,0
0.0,0.00196078431372549,0.0,1.0,1.0,0
0.0,0.0,0.0,1.0,0.0,0
1.0,0.00392156862745098,0.00392156862745098,0.32677165354330706,0.01,0
0.0,1.0,1.0,1.0,1.0,1
1.0,0.00196078431372549,0.00196078431372549,0.003937007874015748,0.5,0
0.0,0.0,0.0,1.0,1.0,0
1.0,0.03333333333333333,0.03529411764705882,0.07086614173228346,0.05,0
1.0,0.0058823529411764705,0.013725490196078431,0.031496062992125984,0.11,0
1.0,0.0058823529411764705,0.0392156862745098,0.24015748031496062,0.02,0
0.0,0.0,0.0,1.0,0.0,0
0.0,0.0,0.0,0.3110236220472441,0.01,0
1.0,0.0058823529411764705,0.023529411764705882,1.0,0.0,0
0.0,1.0,1.0,1.0,1.0,1
1.0,0.011764705882352941,0.013725490196078431,0.1889763779527559,0.02,0
0.0,0.0,0.0,0.007874015748031496,0.33,0
0.0,0.2529411764705882,0.047058823529411764,1.0,0.0,1
0.0,0.0,0.0,1.0,0.01,0
1.0,0.0196078431372549,0.021568627450980392,0.2440944881889764,0.02,0
0.0,0.025490196078431372,0.07450980392156863,1.0,0.0,0
0.0,0.4725490196078431,0.0058823529411764705,1.0,0.0,1
1.0,0.013725490196078431,0.013725490196078431,0.6811023622047244,0.01,0
1.0,0.00784313725490196,0.00784313725490196,1.0,0.0,0
0.0,0.00196078431372549,0.00196078431372549,1.0,0.01,0
0.0,0.0,0.00392156862745098,0.6338582677165354,0.41,0
1.0,0.00784313725490196,0.01764705882352941,0.015748031496062992,0.2,0
0.0,1.0,1.0,1.0,1.0,1
0.0,1.0,1.0,1.0,1.0,1
1.0,0.00392156862745098,0.00392156862745098,0.10236220472440945,0.04,0
1.0,0.00980392156862745,0.00980392156862745,0.01968503937007874,0.17,0
1.0,0.01764705882352941,0.01764705882352941,0.11811023622047244,0.03,0
1.0,0.03529411764705882,0.03725490196078431,1.0,0.0,0
0.0,0.13333333333333333,0.2901960784313726,1.0,0.0,0
0.0,1.0,1.0,1.0,1.0,1
1.0,0.03725490196078431,0.03725490196078431,1.0,0.0,0
1.0,0.00784313725490196,0.0,1.0,0.0,0
1.0,0.049019607843137254,0.049019607843137254,1.0,0.0,0
1.0,0.00196078431372549,0.00196078431372549,0.03543307086614173,0.1,0
0.0,0.0,0.0,0.2677165354330709,0.01,0
0.0,0.0,0.0,1.0,0.0,0
0.0,0.0,0.0,1.0,0.0,0
1.0,0.045098039215686274,0.049019607843137254,1.0,0.0,0
0.0,0.00196078431372549,0.00196078431372549,1.0,0.01,0
1.0,0.013725490196078431,0.013725490196078431,1.0,0.0,0
0.0,0.00196078431372549,0.00196078431372549,1.0,0.02,0
0.0,0.00196078431372549,0.00196078431372549,1.0,0.0,0
0.0,0.0,0.00392156862745098,0.32677165354330706,0.01,0
1.0,0.00784313725490196,0.01764705882352941,0.25196850393700787,0.02,0
1.0,0.013725490196078431,0.013725490196078431,0.2795275590551181,0.01,0
1.0,0.0,0.0,0.5393700787401575,0.01,0
1.0,0.0058823529411764705,0.0058823529411764705,1.0,0.0,0
1.0,0.0,0.0,1.0,0.0,0
1.0,0.0,0.0,0.6338582677165354,0.01,0
1.0,0.0,0.00196078431372549,1.0,0.0,0
1.0,0.027450980392156862,0.027450980392156862,1.0,0.0,0
0.0,1.0,1.0,1.0,1.0,1
1.0,0.021568627450980392,0.03725490196078431,1.0,0.0,0
1.0,0.00196078431372549,0.00196078431372549,1.0,0.0,0
0.0,0.00392156862745098,0.0058823529411764705,1.0,0.0,0
1.0,0.0,0.0,0.8307086614173228,0.0,0
1.0,0.011764705882352941,0.011764705882352941,1.0,0.0,0
0.0,0.0,0.0,1.0,0.0,0
1.0,0.011764705882352941,0.011764705882352941,1.0,0.0,0
1.0,0.0,0.00196078431372549,0.17716535433070865,0.02,0
0.0,0.14313725490196078,0.3,1.0,0.0,0
1.0,0.00784313725490196,0.00784313725490196,0.27165354330708663,0.01,0
1.0,0.00196078431372549,0.00196078431372549,0.6023622047244095,0.53,0
1.0,0.03137254901960784,0.03137254901960784,0.9448818897637795,0.0,0
0.0,0.9980392156862745,0.9980392156862745,1.0,1.0,1
1.0,0.00784313725490196,0.00784313725490196,0.07086614173228346,0.05,0
1.0,0.00196078431372549,0.0058823529411764705,1.0,0.0,0
1.0,0.0058823529411764705,0.0058823529411764705,1.0,0.0,0
0.0,1.0,1.0,1.0,1.0,1
0.0,0.00196078431372549,0.00196078431372549,1.0,0.01,0
0.0,0.0,0.0,1.0,0.0,0
0.0,0.0,0.0,0.09055118110236221,0.04,0
1.0,0.029411764705882353,0.029411764705882353,0.07874015748031496,0.05,0
0.0,0.0,0.00196078431372549,0.015748031496062992,0.2,0
0.0,0.0,0.0,1.0,0.0,0
1.0,0.011764705882352941,0.011764705882352941,0.08267716535433071,0.05,0
1.0,0.0,0.0058823529411764705,0.015748031496062992,0.2,0
1.0,0.00196078431372549,0.013725490196078431,1.0,0.0,0
1.0,0.027450980392156862,0.029411764705882353,1.0,0.0,0
1.0,0.03725490196078431,0.0392156862745098,0.24803149606299213,0.02,0
1.0,0.029411764705882353,0.029411764705882353,0.3425196850393701,0.01,0
1.0,0.03529411764705882,0.03529411764705882,1.0,0.0,0
1.0,0.00784313725490196,0.013725490196078431,0.18503937007874016,0.02,0
1.0,0.011764705882352941,0.011764705882352941,0.1377952755905512,0.36,0
0.0,0.996078431372549,0.996078431372549,1.0,1.0,1
1.0,0.00392156862745098,0.013725490196078431,0.36220472440944884,0.01,0
1.0,0.00392156862745098,0.0196078431372549,0.12598425196850394,0.03,0
0.0,0.0,0.0,1.0,0.0,0
1.0,0.00392156862745098,0.011764705882352941,0.7125984251968503,0.01,0
1.0,0.0196078431372549,0.0196078431372549,1.0,0.0,0
1.0,0.01568627450980392,0.01764705882352941,0.4409448818897638,0.01,0
1.0,0.00196078431372549,0.00196078431372549,0.4645669291338583,0.01,0
1.0,0.0,0.0,0.5236220472440944,0.01,0
1.0,0.0,0.0,0.889763779527559,0.0,0
0.0,0.08431372549019608,0.08431372549019608,1.0,0.0,0
0.0,0.011764705882352941,0.00980392156862745,1.0,0.08,0
0.0,0.01568627450980392,0.01568627450980392,1.0,0.0,0
1.0,0.025490196078431372,0.027450980392156862,0.7992125984251969,0.0,0
1.0,0.00196078431372549,0.00196078431372549,0.08267716535433071,0.05,0
1.0,0.11372549019607843,0.11960784313725491,1.0,0.0,0
1.0,0.027450980392156862,0.027450980392156862,1.0,0.0,0
1.0,0.013725490196078431,0.013725490196078431,0.4251968503937008,0.36,0
1.0,0.023529411764705882,0.023529411764705882,0.047244094488188976,0.08,0
1.0,0.0196078431372549,0.0196078431372549,1.0,0.0,0
0.0,0.0,0.0,1.0,0.99,0
0.0,1.0,1.0,1.0,1.0,1
1.0,0.047058823529411764,0.047058823529411764,1.0,0.01,0
1.0,0.0,0.0,0.06299212598425197,0.06,0
1.0,0.0,0.00196078431372549,0.24015748031496062,0.02,0
1.0,0.0,0.0,1.0,0.0,0
1.0,0.00784313725490196,0.00980392156862745,0.0984251968503937,0.04,0
0.0,0.00392156862745098,0.011764705882352941,1.0,0.0,0
1.0,0.013725490196078431,0.01568627450980392,0.8818897637795275,0.0,0
0.0,1.0,1.0,1.0,1.0,1
1.0,0.00980392156862745,0.011764705882352941,0.3031496062992126,0.01,0
1.0,0.041176470588235294,0.056862745098039215,1.0,0.0,0
1.0,0.0,0.00392156862745098,0.7716535433070866,0.01,0
1.0,0.00784313725490196,0.00784313725490196,0.3661417322834646,0.37,0
1.0,0.00196078431372549,0.03529411764705882,0.4094488188976378,0.01,0
1.0,0.023529411764705882,0.07647058823529412,1.0,0.0,0
1.0,0.0058823529411764705,0.0058823529411764705,0.30708661417322836,0.01,0
1.0,0.01764705882352941,0.0196078431372549,0.4015748031496063,0.01,0
1.0,0.060784313725490195,0.060784313725490195,0.1220472440944882,0.03,0
1.0,0.00196078431372549,0.00196078431372549,0.1220472440944882,0.03,0
1.0,0.025490196078431372,0.025490196078431372,1.0,0.0,0
1.0,0.0,0.0,0.16535433070866143,0.02,0
1.0,0.011764705882352941,0.025490196078431372,0.09055118110236221,0.04,0
0.0,1.0,1.0,1.0,1.0,1
1.0,0.0,0.0,1.0,0.0,0
1.0,0.00196078431372549,0.00784313725490196,0.05905511811023622,0.06,0
1.0,0.00784313725490196,0.00784313725490196,1.0,0.0,0
1.0,0.00784313725490196,0.00784313725490196,1.0,0.0,0
1.0,0.00196078431372549,0.00196078431372549,0.4015748031496063,0.01,0
1.0,0.0,0.0,0.20078740157480315,0.02,0
1.0,0.0,0.0,0.17716535433070865,0.02,0
1.0,0.0,0.0,1.0,0.0,0
1.0,0.0,0.0,1.0,0.0,0
0.0,0.28431372549019607,0.0,1.0,0.0,1
0.0,0.08431372549019608,0.2411764705882353,1.0,0.0,0
0.0,0.10392156862745099,0.10392156862745099,0.84251968503937,0.0,0
1.0,0.0,0.00196078431372549,1.0,0.0,0
1.0,0.00392156862745098,0.09803921568627451,0.5393700787401575,0.01,0
0.0,0.0,0.0,0.0,1.0,0
0.0,0.0,0.0,0.03937007874015748,0.09,0
0.0,0.00392156862745098,0.00784313725490196,1.0,0.0,0
0.0,0.40784313725490196,0.01764705882352941,1.0,0.0,1
1.0,0.058823529411764705,0.058823529411764705,1.0,0.0,0
1.0,0.013725490196078431,0.013725490196078431,0.027559055118110236,0.12,0
1.0,0.00196078431372549,0.00392156862745098,0.5905511811023622,0.07,0
1.0,0.0,0.0,0.04330708661417323,0.08,0
1.0,0.060784313725490195,0.060784313725490195,0.6732283464566929,0.01,0
1.0,0.03529411764705882,0.03725490196078431,1.0,0.01,0
1.0,0.0196078431372549,0.0196078431372549,0.19291338582677164,0.02,0
1.0,0.0,0.0,0.14566929133858267,0.03,0
0.0,1.0,1.0,1.0,1.0,1
1.0,0.00784313725490196,0.00784313725490196,1.0,0.0,0
1.0,0.01568627450980392,0.01764705882352941,0.9724409448818898,0.0,0
0.0,0.16666666666666666,0.16666666666666666,1.0,0.01,0
1.0,0.01764705882352941,0.01764705882352941,1.0,0.0,0
1.0,0.029411764705882353,0.029411764705882353,0.05905511811023622,0.06,0
1.0,0.03725490196078431,0.0392156862745098,0.3031496062992126,0.01,0
1.0,0.00196078431372549,0.045098039215686274,1.0,0.0,0
0.0,0.0,0.0,0.4330708661417323,0.08,0
1.0,0.03529411764705882,0.056862745098039215,0.5787401574803149,0.01,0
0.0,0.0,0.0,0.031496062992125984,0.11,0
1.0,0.0058823529411764705,0.0058823529411764705,1.0,0.0,0
1.0,0.0,0.0,0.023622047244094488,0.14,0
1.0,0.01568627450980392,0.01568627450980392,1.0,0.0,0
1.0,0.0,0.0,1.0,0.0,0
0.0,0.0,0.00392156862745098,0.05905511811023622,0.06,0
1.0,0.00784313725490196,0.00784313725490196,1.0,0.0,0
1.0,0.00196078431372549,0.00196078431372549,1.0,0.0,0
0.0,0.0,0.00196078431372549,0.20078740157480315,0.25,0
0.0,0.10784313725490197,0.10784313725490197,1.0,0.0,0
1.0,0.0,0.0,0.0,1.0,0
0.0,0.00196078431372549,0.00196078431372549,1.0,0.01,0
1.0,0.0,0.0,0.44881889763779526,0.01,0
0.0,0.025490196078431372,0.025490196078431372,0.7244094488188977,0.36,0
1.0,0.00196078431372549,0.00196078431372549,1.0,0.0,0
1.0,0.00784313725490196,0.00784313725490196,0.3425196850393701,0.01,0
1.0,0.0,0.0,0.30708661417322836,0.01,0
0.0,0.0,0.0,1.0,0.02,0
1.0,0.0058823529411764705,0.0058823529411764705,0.19291338582677164,0.02,0
1.0,0.01764705882352941,0.01764705882352941,0.6811023622047244,0.01,0
1.0,0.03333333333333333,0.03333333333333333,0.8622047244094488,0.0,0
1.0,0.0,0.0,0.01968503937007874,0.17,0
1.0,0.0,0.0058823529411764705,0.2755905511811024,0.01,0
1.0,0.0,0.00196078431372549,0.23622047244094488,0.02,0
1.0,0.00980392156862745,0.00980392156862745,0.2677165354330709,0.01,0
0.0,0.00196078431372549,0.00196078431372549,1.0,0.02,0
1.0,0.00392156862745098,0.0196078431372549,0.3937007874015748,0.01,0
1.0,0.011764705882352941,0.011764705882352941,0.023622047244094488,0.14,0
0.0,0.0,0.0,1.0,0.98,0
1.0,0.0058823529411764705,0.0058823529411764705,1.0,0.0,0
1.0,0.00196078431372549,0.021568627450980392,0.01968503937007874,0.17,0
1.0,0.03137254901960784,0.03137254901960784,1.0,0.32,0
1.0,0.0,0.023529411764705882,0.03543307086614173,0.1,0
1.0,0.0,0.0,0.0,1.0,0
0.0,0.0,0.0,1.0,0.0,0
1.0,0.0,0.00392156862745098,1.0,0.0,0
1.0,0.023529411764705882,0.023529411764705882,1.0,0.0,0
0.0,0.027450980392156862,0.03137254901960784,0.22440944881889763,1.0,0
1.0,0.011764705882352941,0.011764705882352941,0.051181102362204724,0.93,0
1.0,0.027450980392156862,0.027450980392156862,0.05511811023622047,0.07,0
1.0,0.0,0.0,0.33858267716535434,0.01,0
1.0,0.00392156862745098,0.00392156862745098,0.015748031496062992,0.2,0
0.0,0.0,0.0,0.01968503937007874,0.17,0
0.0,0.01764705882352941,0.4392156862745098,1.0,0.0,0
1.0,0.0058823529411764705,0.0058823529411764705,0.1377952755905512,0.03,0
1.0,0.01568627450980392,0.03333333333333333,0.031496062992125984,0.11,0
0.0,1.0,1.0,1.0,1.0,1
1.0,0.0,0.0,0.3228346456692913,0.06,0
0.0,0.0,0.0,0.07480314960629922,1.0,0
0.0,0.0,0.0,0.003937007874015748,0.5,0
0.0,0.2411764705882353,0.03333333333333333,1.0,0.0,1
0.0,0.00196078431372549,0.00196078431372549,1.0,0.01,0
0.0,0.0,0.0,1.0,0.97,0
1.0,0.03333333333333333,0.07254901960784314,0.06692913385826772,0.06,0
1.0,0.00196078431372549,0.00392156862745098,0.5866141732283464,0.01,0
0.0,1.0,1.0,1.0,1.0,1
1.0,0.00980392156862745,0.00980392156862745,1.0,0.01,0
1.0,0.0,0.00196078431372549,0.09448818897637795,0.04,0
1.0,0.0058823529411764705,0.013725490196078431,1.0,0.0,0
1.0,0.00392156862745098,0.00392156862745098,1.0,0.0,0
0.0,0.09019607843137255,0.17647058823529413,0.2637795275590551,1.0,0
1.0,0.054901960784313725,0.06470588235294118,0.8976377952755905,0.0,0
0.0,0.0,0.00196078431372549,0.01968503937007874,0.17,0
0.0,0.0,0.0,0.06299212598425197,0.06,0
1.0,0.0,0.0,0.7125984251968503,0.01,0
0.0,0.0,0.0,1.0,0.0,0
1.0,0.0058823529411764705,0.0058823529411764705,1.0,0.0,0
0.0,0.9980392156862745,0.9980392156862745,1.0,1.0,1
1.0,0.0058823529411764705,0.0058823529411764705,0.5039370078740157,0.01,0
0.0,1.0,1.0,1.0,1.0,1
1.0,0.00196078431372549,0.027450980392156862,0.003937007874015748,0.5,0
1.0,0.0058823529411764705,0.021568627450980392,0.11023622047244094,0.03,0
1.0,0.0,0.0058823529411764705,0.5748031496062992,0.01,0
1.0,0.00784313725490196,0.00784313725490196,0.015748031496062992,0.2,0
0.0,0.023529411764705882,0.023529411764705882,0.047244094488188976,1.0,0
1.0,0.0058823529411764705,0.0058823529411764705,0.15354330708661418,0.03,0
1.0,0.0,0.0,1.0,0.0,0
1.0,0.00196078431372549,0.00196078431372549,0.1732283464566929,0.02,0
0.0,0.0,0.00196078431372549,0.4330708661417323,0.01,0
1.0,0.0,0.0,0.10236220472440945,0.04,0
0.0,0.00196078431372549,0.00196078431372549,1.0,0.01,0
1.0,0.011764705882352941,0.0196078431372549,1.0,0.0,0
1.0,0.013725490196078431,0.013725490196078431,1.0,0.0,0
1.0,0.00196078431372549,0.00196078431372549,0.49606299212598426,0.54,0
1.0,0.0,0.0,0.2874015748031496,0.01,0
1.0,0.011764705882352941,0.011764705882352941,1.0,0.01,0
1.0,0.0058823529411764705,0.0058823529411764705,1.0,0.0,0
0.0,1.0,1.0,1.0,1.0,1
1.0,0.021568627450980392,0.021568627450980392,1.0,0.0,0
1.0,0.0058823529411764705,0.0058823529411764705,1.0,0.0,0
0.0,0.0,0.0,1.0,0.0,0
0.0,0.00392156862745098,0.0,1.0,1.0,0
1.0,0.023529411764705882,0.08431372549019608,0.9173228346456693,0.0,0
1.0,0.07254901960784314,0.07450980392156863,0.8740157480314961,0.0,0
1.0,0.041176470588235294,0.041176470588235294,1.0,0.0,0
1.0,0.011764705882352941,0.011764705882352941,1.0,0.0,0
0.0,1.0,1.0,1.0,1.0,1
1.0,0.03333333333333333,0.03333333333333333,1.0,0.0,0
1.0,0.00392156862745098,0.00392156862745098,1.0,0.0,0
0.0,1.0,1.0,1.0,1.0,1
1.0,0.027450980392156862,0.027450980392156862,0.2795275590551181,0.01,0
1.0,0.0,0.0,0.0984251968503937,0.04,0
1.0,0.0,0.0,0.015748031496062992,0.2,0
0.0,0.0,0.0,0.0,1.0,0
0.0,0.0,0.0,1.0,0.0,0
1.0,0.01568627450980392,0.11568627450980393,0.2677165354330709,0.01,0
1.0,0.021568627450980392,0.023529411764705882,0.14960629921259844,0.03,0
0.0,0.0,0.0,1.0,0.89,0
0.0,0.0,0.00196078431372549,0.007874015748031496,0.33,0
1.0,0.0,0.0,1.0,0.0,0
0.0,1.0,1.0,1.0,1.0,1
0.0,1.0,1.0,1.0,1.0,1
1.0,0.013725490196078431,0.013725490196078431,0.3543307086614173,0.01,0
1.0,0.00196078431372549,0.045098039215686274,0.5196850393700787,0.01,0
1.0,0.0,0.00392156862745098,1.0,0.0,0
1.0,0.0,0.0,1.0,0.0,0
0.0,0.8980392156862745,0.8980392156862745,1.0,1.0,1
1.0,0.0,0.0,0.1062992125984252,0.04,0
1.0,0.0,0.0,0.2992125984251969,0.01,0
0.0,0.0,0.0,1.0,1.0,0
1.0,0.0,0.0,0.16929133858267717,0.02,0
1.0,0.013725490196078431,0.013725490196078431,0.29133858267716534,0.01,0
0.0,1.0,1.0,1.0,1.0,1
0.0,0.0392156862745098,0.0392156862745098,0.48031496062992124,0.34,0
1.0,0.00392156862745098,0.00392156862745098,0.007874015748031496,0.33,0
1.0,0.0,0.0,0.16141732283464566,0.02,0
1.0,0.00196078431372549,0.025490196078431372,0.12992125984251968,0.03,0
0.0,0.0,0.0,1.0,0.0,0
1.0,0.00196078431372549,0.00784313725490196,0.07480314960629922,0.05,0
1.0,0.0,0.01764705882352941,0.0,1.0,0
1.0,0.0,0.00392156862745098,0.0,1.0,0
1.0,0.0,0.0,0.9606299212598425,0.0,0
1.0,0.023529411764705882,0.023529411764705882,0.3779527559055118,0.01,0
1.0,0.0196078431372549,0.0196078431372549,1.0,0.0,0
1.0,0.045098039215686274,0.045098039215686274,0.5669291338582677,0.3,0
1.0,0.00392156862745098,0.00392156862745098,0.007874015748031496,0.33,0
0.0,0.011764705882352941,0.00980392156862745,1.0,0.16,0
1.0,0.0,0.0,0.3858267716535433,0.01,0
0.0,0.0,0.0,1.0,0.97,0
1.0,0.0058823529411764705,0.0058823529411764705,0.011811023622047244,0.25,0
1.0,0.0784313725490196,0.0784313725490196,1.0,0.0,0
1.0,0.07254901960784314,0.0784313725490196,0.14566929133858267,0.03,0
1.0,0.01568627450980392,0.01568627450980392,1.0,0.0,0
1.0,0.0196078431372549,0.041176470588235294,1.0,0.0,0
1.0,0.00196078431372549,0.00196078431372549,0.6535433070866141,0.01,0
1.0,0.0058823529411764705,0.0058823529411764705,1.0,0.0,0
1.0,0.00196078431372549,0.00196078431372549,1.0,0.0,0
0.0,0.00392156862745098,0.0058823529411764705,1.0,0.0,0
1.0,0.01568627450980392,0.01568627450980392,0.1062992125984252,0.04,0
0.0,0.0,0.0,0.22440944881889763,0.02,0
0.0,0.0,0.0,1.0,0.0,0
1.0,0.0,0.00196078431372549,0.5433070866141733,0.01,0
1.0,0.0,0.00196078431372549,0.5551181102362205,0.01,0
1.0,0.0,0.00392156862745098,0.7440944881889764,0.01,0
1.0,0.0196078431372549,0.0196078431372549,1.0,0.0,0
1.0,0.047058823529411764,0.047058823529411764,1.0,0.0,0
1.0,0.021568627450980392,0.021568627450980392,1.0,0.0,0
1.0,0.0058823529411764705,0.01764705882352941,0.015748031496062992,0.2,0
1.0,0.025490196078431372,0.041176470588235294,1.0,0.0,0
1.0,0.00392156862745098,0.013725490196078431,0.16929133858267717,0.02,0
1.0,0.049019607843137254,0.049019607843137254,0.6299212598425197,0.01,0
1.0,0.013725490196078431,0.013725490196078431,0.33858267716535434,0.01,0
0.0,0.0,0.0,1.0,0.01,0
0.0,0.0,0.0,0.24803149606299213,1.0,0
1.0,0.01568627450980392,0.01568627450980392,0.06299212598425197,0.06,0
1.0,0.03333333333333333,0.03333333333333333,0.36220472440944884,0.01,0
1.0,0.045098039215686274,0.047058823529411764,1.0,0.0,0
0.0,0.00784313725490196,0.00784313725490196,1.0,0.08,0
0.0,0.0,0.0,1.0,0.98,0
1.0,0.0,0.0,0.6614173228346457,0.01,0
1.0,0.00196078431372549,0.01568627450980392,0.2992125984251969,0.01,0
1.0,0.00980392156862745,0.00980392156862745,0.19291338582677164,0.02,0
1.0,0.050980392156862744,0.050980392156862744,1.0,0.0,0
0.0,0.0784313725490196,0.23137254901960785,0.8582677165354331,0.0,0
1.0,0.0,0.0,0.11023622047244094,0.03,0
1.0,0.0,0.00196078431372549,0.1377952755905512,0.03,0
1.0,0.029411764705882353,0.029411764705882353,0.5393700787401575,0.01,0
1.0,0.027450980392156862,0.045098039215686274,1.0,0.0,0
1.0,0.025490196078431372,0.025490196078431372,0.421259842519685,0.01,0
0.0,0.0,0.0,0.22440944881889763,0.02,0
1.0,0.0,0.025490196078431372,0.6181102362204725,0.26,0
0.0,0.0,0.00196078431372549,0.0,1.0,0
1.0,0.0,0.00392156862745098,0.08661417322834646,0.04,0
1.0,0.0,0.0,0.16929133858267717,0.02,0
1.0,0.00392156862745098,0.050980392156862744,0.08661417322834646,0.04,0
1.0,0.00980392156862745,0.01764705882352941,0.06692913385826772,0.06,0
1.0,0.06274509803921569,0.06274509803921569,0.4921259842519685,0.01,0
0.0,0.0,0.0,1.0,1.0,0
1.0,0.00196078431372549,0.00196078431372549,0.28346456692913385,0.01,0
1.0,0.0,0.0,0.16141732283464566,0.02,0
0.0,0.00196078431372549,0.0,1.0,0.97,0
1.0,0.025490196078431372,0.025490196078431372,0.9803149606299213,0.0,0
1.0,0.00980392156862745,0.00980392156862745,0.03543307086614173,0.1,0
1.0,0.00784313725490196,0.00784313725490196,0.015748031496062992,0.2,0
1.0,0.0,0.0,0.07874015748031496,0.05,0
1.0,0.0058823529411764705,0.0058823529411764705,0.15748031496062992,0.02,0
1.0,0.0,0.00196078431372549,0.33858267716535434,0.01,0
1.0,0.01568627450980392,0.023529411764705882,1.0,0.0,0
1.0,0.00196078431372549,0.00196078431372549,0.3543307086614173,0.01,0
1.0,0.00392156862745098,0.00392156862745098,1.0,0.0,0
1.0,0.0,0.0058823529411764705,0.003937007874015748,0.5,0
1.0,0.00392156862745098,0.00392156862745098,1.0,0.0,0
0.0,0.0,0.0,1.0,0.0,0
0.0,0.00980392156862745,0.03137254901960784,1.0,0.0,0
0.0,0.0,0.0,1.0,0.97,0
0.0,0.0,0.00196078431372549,1.0,0.0,0
1.0,0.0,0.0,0.38976377952755903,0.01,0
1.0,0.0,0.0,0.0,1.0,0
0.0,1.0,1.0,1.0,1.0,1
1.0,0.0,0.00196078431372549,0.18503937007874016,0.02,0
0.0,0.2647058823529412,0.043137254901960784,1.0,0.0,1
0.0,0.0,0.0,1.0,1.0,0
1.0,0.00784313725490196,0.00784313725490196,0.05511811023622047,0.07,0
0.0,0.0,0.0,0.01968503937007874,1.0,0
1.0,0.03137254901960784,0.03137254901960784,0.3464566929133858,0.01,0
0.0,0.9980392156862745,0.9980392156862745,1.0,1.0,1
0.0,0.0,0.0,1.0,1.0,0
1.0,0.0058823529411764705,0.00980392156862745,0.17716535433070865,0.02,0
1.0,0.0,0.0,0.6535433070866141,0.01,0
0.0,1.0,1.0,1.0,1.0,1
1.0,0.047058823529411764,0.09215686274509804,0.6299212598425197,0.01,0
1.0,0.0058823529411764705,0.025490196078431372,0.011811023622047244,0.25,0
1.0,0.01568627450980392,0.01568627450980392,1.0,0.0,0
0.0,0.00784313725490196,0.0,1.0,1.0,0
0.0,1.0,1.0,1.0,1.0,1
1.0,0.027450980392156862,0.027450980392156862,1.0,0.01,0
0.0,0.5431372549019607,0.00784313725490196,1.0,0.0,1
1.0,0.0,0.045098039215686274,1.0,0.0,0
1.0,0.00980392156862745,0.00980392156862745,0.6023622047244095,0.01,0
1.0,0.00392156862745098,0.00392156862745098,1.0,0.0,0
1.0,0.01568627450980392,0.049019607843137254,1.0,0.0,0
1.0,0.00392156862745098,0.00392156862745098,1.0,0.0,0
1.0,0.0,0.0,0.11811023622047244,0.03,0
1.0,0.023529411764705882,0.023529411764705882,0.047244094488188976,0.08,0
0.0,0.0,0.0,0.3425196850393701,0.17,0
0.0,1.0,1.0,1.0,1.0,1
0.0,0.0,0.0,0.011811023622047244,0.25,0
1.0,0.00980392156862745,0.01764705882352941,0.7125984251968503,0.01,0
0.0,1.0,1.0,1.0,1.0,1
1.0,0.013725490196078431,0.013725490196078431,0.38976377952755903,0.02,0
0.0,0.0,0.0,1.0,0.0,0
0.0,0.0,0.0,1.0,0.0,0
1.0,0.0058823529411764705,0.0058823529411764705,1.0,0.0,0
0.0,0.0,0.0,0.36220472440944884,1.0,0
1.0,0.0,0.00392156862745098,1.0,0.0,0
1.0,0.0,0.0,0.6732283464566929,0.01,0
1.0,0.013725490196078431,0.029411764705882353,1.0,0.0,0
0.0,0.00196078431372549,0.00196078431372549,1.0,0.01,0
1.0,0.0196078431372549,0.0196078431372549,0.03937007874015748,0.09,0
0.0,0.0,0.0,1.0,0.93,0
1.0,0.01568627450980392,0.08235294117647059,0.2440944881889764,0.02,0
1.0,0.00392156862745098,0.013725490196078431,1.0,0.0,0
0.0,1.0,1.0,1.0,1.0,1
1.0,0.00784313725490196,0.00784313725490196,0.015748031496062992,0.2,0
1.0,0.011764705882352941,0.011764705882352941,0.1220472440944882,0.03,0
0.0,0.0,0.0,1.0,0.01,0
1.0,0.00392156862745098,0.0058823529411764705,0.31496062992125984,0.01,0
1.0,0.0392156862745098,0.0392156862745098,0.2283464566929134,0.02,0
0.0,1.0,1.0,1.0,1.0,1
1.0,0.0,0.00196078431372549,1.0,0.0,0
1.0,0.0,0.0,0.4409448818897638,0.01,0
1.0,0.00784313725490196,0.00784313725490196,1.0,0.0,0
1.0,0.00980392156862745,0.00980392156862745,0.07874015748031496,0.05,0
1.0,0.0,0.00196078431372549,0.84251968503937,0.0,0
1.0,0.0,0.0,0.2677165354330709,0.01,0
1.0,0.027450980392156862,0.027450980392156862,1.0,0.0,0
0.0,1.0,1.0,1.0,1.0,1
1.0,0.0,0.0,0.07480314960629922,0.05,0
0.0,1.0,1.0,1.0,1.0,1
1.0,0.0784313725490196,0.0784313725490196,0.7519685039370079,0.01,0
0.0,0.26666666666666666,0.26666666666666666,1.0,0.0,0
0.0,0.054901960784313725,0.054901960784313725,1.0,0.0,0
1.0,0.0196078431372549,0.0196078431372549,0.33070866141732286,0.01,0
1.0,0.0,0.00980392156862745,0.44881889763779526,0.01,0
1.0,0.011764705882352941,0.0196078431372549,0.2677165354330709,0.01,0
1.0,0.01568627450980392,0.01568627450980392,1.0,0.0,0
1.0,0.0,0.0,1.0,0.0,0
1.0,0.027450980392156862,0.027450980392156862,0.05511811023622047,0.07,0
0.0,0.10588235294117647,0.2627450980392157,1.0,0.0,0
1.0,0.00392156862745098,0.00392156862745098,0.8976377952755905,0.0,0
1.0,0.01568627450980392,0.01764705882352941,1.0,0.0,0
1.0,0.0,0.0,0.9212598425196851,0.0,0
1.0,0.0,0.0,0.12992125984251968,0.03,0
0.0,0.0,0.0,0.031496062992125984,0.11,0
0.0,0.00196078431372549,0.00196078431372549,1.0,0.01,0
1.0,0.00392156862745098,0.00392156862745098,0.36220472440944884,0.01,0
1.0,0.00392156862745098,0.0058823529411764705,0.007874015748031496,0.33,0
1.0,0.0058823529411764705,0.0058823529411764705,0.18110236220472442,0.02,0
0.0,0.0,0.00196078431372549,0.015748031496062992,0.2,0
1.0,0.011764705882352941,0.013725490196078431,1.0,0.0,0
0.0,0.0,0.0,0.5,0.73,0
1.0,0.03137254901960784,0.03529411764705882,1.0,0.0,0
0.0,1.0,1.0,1.0,1.0,1
1.0,0.00784313725490196,0.029411764705882353,0.08661417322834646,0.04,0
1.0,0.00392156862745098,0.00392156862745098,0.007874015748031496,0.33,0
1.0,0.0,0.00196078431372549,0.1889763779527559,0.02,0
1.0,0.0,0.0,0.13385826771653545,0.03,0
1.0,0.00196078431372549,0.00784313725490196,0.003937007874015748,0.5,0
1.0,0.0,0.00196078431372549,0.38976377952755903,0.01,0
1.0,0.00196078431372549,0.00196078431372549,0.003937007874015748,0.5,0
1.0,0.021568627450980392,0.021568627450980392,0.7716535433070866,0.01,0
0.0,0.0196078431372549,0.03725490196078431,1.0,0.0,0
1.0,0.01568627450980392,0.01568627450980392,0.09448818897637795,0.04,0
0.0,0.0,0.0,1.0,1.0,0
1.0,0.00980392156862745,0.00980392156862745,0.01968503937007874,0.17,0
1.0,0.025490196078431372,0.025490196078431372,0.051181102362204724,0.07,0
0.0,0.0,0.0,0.0984251968503937,0.04,0
1.0,0.013725490196078431,0.01568627450980392,0.08267716535433071,0.05,0
1.0,0.0058823529411764705,0.07647058823529412,1.0,0.0,0
0.0,0.2823529411764706,0.023529411764705882,1.0,0.0,1
1.0,0.01568627450980392,0.01568627450980392,0.9724409448818898,0.0,0
0.0,0.0,0.0,0.027559055118110236,0.12,0
1.0,0.0,0.0,0.05905511811023622,0.06,0
1.0,0.00980392156862745,0.00980392156862745,0.07086614173228346,0.05,0
1.0,0.01568627450980392,0.021568627450980392,1.0,0.0,0
1.0,0.0,0.00196078431372549,0.0,1.0,0
1.0,0.0058823529411764705,0.0058823529411764705,0.25984251968503935,0.57,0
1.0,0.0058823529411764705,0.0058823529411764705,1.0,0.0,0
1.0,0.0392156862745098,0.0392156862745098,1.0,0.0,0
1.0,0.03137254901960784,0.054901960784313725,0.06299212598425197,0.06,0
1.0,0.0392156862745098,0.0392156862745098,1.0,0.0,0
1.0,0.011764705882352941,0.041176470588235294,1.0,0.01,0
0.0,0.42549019607843136,0.00392156862745098,1.0,0.0,1
1.0,0.00196078431372549,0.00196078431372549,0.27165354330708663,0.01,0
1.0,0.043137254901960784,0.043137254901960784,1.0,0.0,0
1.0,0.021568627450980392,0.021568627450980392,0.30708661417322836,0.01,0
0.0,1.0,1.0,1.0,1.0,1
0.0,0.5705882352941176,0.0196078431372549,1.0,0.0,1
1.0,0.00980392156862745,0.00980392156862745,1.0,0.0,0
1.0,0.021568627450980392,0.021568627450980392,0.7244094488188977,0.01,0
1.0,0.01568627450980392,0.027450980392156862,0.031496062992125984,0.11,0
1.0,0.00784313725490196,0.00784313725490196,0.13385826771653545,0.03,0
1.0,0.0,0.00196078431372549,0.7322834645669292,0.01,0
1.0,0.03137254901960784,0.07058823529411765,1.0,0.0,0
0.0,0.5392156862745098,0.01764705882352941,1.0,0.0,1
1.0,0.0058823529411764705,0.0058823529411764705,1.0,0.0,0
1.0,0.0196078431372549,0.0196078431372549,0.35039370078740156,0.71,0
1.0,0.013725490196078431,0.03529411764705882,0.11811023622047244,0.03,0
0.0,0.0,0.0,1.0,0.0,0
1.0,0.0,0.0,0.4566929133858268,0.01,0
0.0,0.00392156862745098,0.0,1.0,0.33,0
0.0,0.0,0.0,1.0,0.01,0
1.0,0.01568627450980392,0.01568627450980392,0.30708661417322836,0.01,0
1.0,0.0,0.0,0.3228346456692913,0.06,0
0.0,0.00196078431372549,0.00784313725490196,1.0,0.0,0
1.0,0.0,0.00392156862745098,0.06692913385826772,0.06,0
0.0,1.0,1.0,1.0,1.0,1
1.0,0.00980392156862745,0.00980392156862745,1.0,0.0,0
0.0,0.4411764705882353,0.4392156862745098,1.0,0.01,0
1.0,0.0,0.0,0.16141732283464566,0.02,0
0.0,0.043137254901960784,0.043137254901960784,1.0,0.11,0
1.0,0.029411764705882353,0.056862745098039215,0.22440944881889763,0.02,0
0.0,0.0,0.0,0.12992125984251968,0.03,0
1.0,0.045098039215686274,0.07450980392156863,0.09055118110236221,0.04,0
1.0,0.0058823529411764705,0.0058823529411764705,0.1141732283464567,0.03,0
1.0,0.01568627450980392,0.023529411764705882,0.9645669291338582,0.0,0
0.0,0.0,0.0,0.007874015748031496,0.33,0
1.0,0.00784313725490196,0.047058823529411764,1.0,0.0,0
1.0,0.01568627450980392,0.01568627450980392,1.0,0.0,0
1.0,0.0,0.0,1.0,0.0,0
1.0,0.0,0.0,0.3858267716535433,0.3,0
1.0,0.03333333333333333,0.047058823529411764,0.2283464566929134,0.02,0
1.0,0.0,0.0,0.9488188976377953,0.0,0
1.0,0.03529411764705882,0.049019607843137254,1.0,0.0,0
1.0,0.11568627450980393,0.11568627450980393,1.0,0.0,0
1.0,0.01764705882352941,0.0196078431372549,0.07874015748031496,0.05,0
0.0,0.00392156862745098,0.0058823529411764705,1.0,0.0,0
1.0,0.03137254901960784,0.03137254901960784,0.44881889763779526,0.01,0
0.0,0.35294117647058826,0.35294117647058826,1.0,0.0,0
1.0,0.0,0.00392156862745098,0.25196850393700787,0.02,0
1.0,0.027450980392156862,0.027450980392156862,1.0,0.0,0
0.0,0.26862745098039215,0.011764705882352941,1.0,0.0,1
1.0,0.0,0.00980392156862745,0.003937007874015748,0.5,0
1.0,0.011764705882352941,0.013725490196078431,0.4881889763779528,0.01,0
0.0,0.0,0.0,0.015748031496062992,0.2,0
0.0,0.0,0.0,1.0,1.0,0
1.0,0.0,0.00196078431372549,0.4566929133858268,0.01,0
1.0,0.050980392156862744,0.09019607843137255,0.33070866141732286,0.01,0
0.0,0.0,0.0,1.0,0.01,0
1.0,0.01568627450980392,0.01568627450980392,0.16929133858267717,0.02,0
1.0,0.0058823529411764705,0.0058823529411764705,1.0,0.0,0
0.0,0.0,0.0,0.8346456692913385,0.01,0
1.0,0.0,0.0,1.0,0.0,0
0.0,0.0,0.0,1.0,0.0,0
1.0,0.0,0.01568627450980392,1.0,0.0,0
0.0,0.0,0.0,0.007874015748031496,0.33,0
1.0,0.00784313725490196,0.00784313725490196,0.10236220472440945,0.04,0
1.0,0.013725490196078431,0.013725490196078431,0.3228346456692913,0.01,0
0.0,1.0,1.0,1.0,1.0,1
1.0,0.00980392156862745,0.00980392156862745,0.24015748031496062,0.02,0
1.0,0.0,0.0,0.6377952755905512,0.01,0
0.0,0.0,0.0,1.0,0.0,0
0.0,0.0,0.0,1.0,1.0,0
1.0,0.00784313725490196,0.00784313725490196,1.0,0.0,0
0.0,0.0,0.0,1.0,0.0,0
0.0,0.5980392156862745,0.596078431372549,1.0,0.0,0
1.0,0.043137254901960784,0.047058823529411764,0.7165354330708661,0.01,0
0.0,0.5862745098039216,0.03725490196078431,1.0,0.0,1
1.0,0.0,0.0,0.7480314960629921,0.01,0
1.0,0.0,0.0058823529411764705,0.003937007874015748,0.5,0
1.0,0.00784313725490196,0.00784313725490196,1.0,0.0,0
1.0,0.047058823529411764,0.047058823529411764,0.09448818897637795,0.04,0
1.0,0.0,0.00392156862745098,0.7047244094488189,0.01,0
1.0,0.0392156862745098,0.0392156862745098,0.16141732283464566,0.02,0
0.0,0.011764705882352941,0.011764705882352941,0.06692913385826772,0.72,0
1.0,0.023529411764705882,0.023529411764705882,0.4645669291338583,0.01,0
1.0,0.0,0.00196078431372549,0.5590551181102362,0.01,0
0.0,0.00196078431372549,0.00196078431372549,1.0,0.0,0
1.0,0.0,0.0,1.0,0.0,0
0.0,0.0,0.0,1.0,0.0,0
0.0,0.0,0.0,1.0,0.0,0
1.0,0.01568627450980392,0.01568627450980392,1.0,0.0,0
1.0,0.011764705882352941,0.011764705882352941,0.5039370078740157,0.01,0
0.0,0.0,0.0,1.0,0.0,0
1.0,0.0,0.00196078431372549,0.6889763779527559,0.01,0
0.0,0.0,0.0,1.0,1.0,0
0.0,0.0,0.0,0.05905511811023622,1.0,0
1.0,0.00980392156862745,0.01568627450980392,1.0,0.0,0
0.0,1.0,1.0,1.0,1.0,1
0.0,0.00196078431372549,0.00196078431372549,1.0,0.01,0
0.0,0.0,0.0,0.015748031496062992,0.2,0
0.0,0.5058823529411764,0.0392156862745098,1.0,0.0,1
0.0,0.0,0.0,1.0,0.01,0
1.0,0.023529411764705882,0.058823529411764705,1.0,0.0,0
0.0,0.2607843137254902,0.03137254901960784,1.0,0.0,1
1.0,0.0,0.0,0.07086614173228346,0.05,0
1.0,0.0,0.00392156862745098,0.65748031496063,0.01,0
1.0,0.0058823529411764705,0.011764705882352941,0.03937007874015748,0.09,0
1.0,0.0058823529411764705,0.0058823529411764705,0.011811023622047244,0.25,0
0.0,1.0,1.0,1.0,1.0,1
0.0,0.0196078431372549,0.03529411764705882,1.0,0.0,0
1.0,0.0,0.0,0.05905511811023622,0.06,0
0.0,0.00196078431372549,0.00196078431372549,1.0,0.0,0
0.0,0.0,0.0,1.0,0.0,0
0.0,0.9980392156862745,0.9980392156862745,1.0,1.0,1
0.0,1.0,0.0,1.0,0.0,1
0.0,0.0,0.0,1.0,0.88,0
0.0,0.00196078431372549,0.00196078431372549,1.0,0.01,0
1.0,0.0,0.0,0.38188976377952755,0.01,0
1.0,0.03137254901960784,0.03137254901960784,0.13385826771653545,0.03,0
1.0,0.029411764705882353,0.029411764705882353,0.05905511811023622,0.06,0
1.0,0.01568627450980392,0.01568627450980392,1.0,0.0,0
0.0,0.0,0.0,0.27165354330708663,0.67,0
1.0,0.0058823529411764705,0.01568627450980392,0.8661417322834646,0.0,0
0.0,0.0,0.0,1.0,1.0,0
0.0,0.0,0.0,1.0,0.0,0
0.0,0.0,0.0,1.0,1.0,1
1.0,0.0,0.00196078431372549,0.8110236220472441,0.0,0
1.0,0.013725490196078431,0.013725490196078431,1.0,0.0,0
0.0,0.0,0.00196078431372549,1.0,0.07,0
1.0,0.0,0.0,0.0,1.0,0
1.0,0.01764705882352941,0.01764705882352941,1.0,0.0,0
1.0,0.00392156862745098,0.00784313725490196,0.46062992125984253,0.01,0
1.0,0.0,0.013725490196078431,0.0984251968503937,0.04,0
0.0,1.0,1.0,1.0,1.0,1
1.0,0.00392156862745098,0.00392156862745098,0.5078740157480315,0.01,0
1.0,0.0196078431372549,0.03137254901960784,0.03937007874015748,0.09,0
1.0,0.0,0.03333333333333333,0.031496062992125984,0.11,0
1.0,0.03725490196078431,0.045098039215686274,1.0,0.0,0
1.0,0.01568627450980392,0.029411764705882353,0.8307086614173228,0.0,0
1.0,0.013725490196078431,0.013725490196078431,0.33858267716535434,0.21,0
0.0,0.0,0.0,0.0,1.0,0
0.0,0.0,0.0,1.0,0.0,0
0.0,0.11960784313725491,0.24901960784313726,1.0,0.0,0
0.0,0.0,0.0,0.16535433070866143,0.02,0
1.0,0.013725490196078431,0.027450980392156862,0.027559055118110236,0.12,0
0.0,0.903921568627451,0.903921568627451,1.0,1.0,1
1.0,0.0058823529411764705,0.00784313725490196,0.015748031496062992,0.2,0
0.0,0.0,0.0,1.0,1.0,0
0.0,1.0,1.0,1.0,1.0,1
0.0,0.9941176470588236,0.9941176470588236,1.0,1.0,1
1.0,0.0,0.0,0.04330708661417323,0.08,0
0.0,1.0,1.0,1.0,1.0,1
1.0,0.027450980392156862,0.027450980392156862,1.0,0.01,0
1.0,0.013725490196078431,0.013725490196078431,0.027559055118110236,0.12,0
0.0,0.9980392156862745,0.9980392156862745,1.0,1.0,1
0.0,0.00196078431372549,0.00196078431372549,0.9291338582677166,0.46,0
0.0,0.0,0.0,1.0,0.98,0
1.0,0.00196078431372549,0.00392156862745098,0.01968503937007874,0.17,0
1.0,0.0,0.0,0.3228346456692913,0.01,0
0.0,0.0,0.0,0.023622047244094488,0.14,0
1.0,0.027450980392156862,0.027450980392156862,1.0,0.0,0
1.0,0.0,0.0,0.2125984251968504,0.02,0
1.0,0.0196078431372549,0.050980392156862744,0.4645669291338583,0.01,0
1.0,0.011764705882352941,0.049019607843137254,1.0,0.0,0
1.0,0.021568627450980392,0.029411764705882353,0.515748031496063,0.01,0
0.0,0.0,0.0,1.0,1.0,0
1.0,0.045098039215686274,0.045098039215686274,0.1377952755905512,0.83,0
0.0,1.0,1.0,1.0,1.0,1
1.0,0.0058823529411764705,0.043137254901960784,0.35826771653543305,0.01,0
1.0,0.01764705882352941,0.01764705882352941,0.3228346456692913,0.01,0
0.0,1.0,1.0,1.0,1.0,1
0.0,1.0,1.0,1.0,1.0,1
1.0,0.00196078431372549,0.00196078431372549,1.0,0.0,0
0.0,1.0,1.0,1.0,1.0,1
0.0,0.0,0.0,1.0,1.0,0
0.0,0.0,0.0,1.0,1.0,0
1.0,0.00392156862745098,0.0058823529411764705,1.0,0.0,0
1.0,0.0,0.0,0.7125984251968503,0.26,0
0.0,0.00980392156862745,0.01568627450980392,0.8031496062992126,0.01,0
1.0,0.00392156862745098,0.049019607843137254,1.0,0.0,0
1.0,0.0,0.0,1.0,0.0,0
1.0,0.023529411764705882,0.023529411764705882,1.0,0.0,0
0.0,0.011764705882352941,0.011764705882352941,0.16141732283464566,0.02,0
1.0,0.03529411764705882,0.03725490196078431,1.0,0.0,0
1.0,0.03529411764705882,0.056862745098039215,1.0,0.0,0
1.0,0.01764705882352941,0.01764705882352941,0.33070866141732286,0.19,0
1.0,0.0,0.0,0.5551181102362205,0.42,0
0.0,0.0,0.0,0.047244094488188976,0.08,0
1.0,0.0,0.00392156862745098,0.13385826771653545,0.03,0
1.0,0.0,0.00392156862745098,0.6023622047244095,0.01,0
1.0,0.0,0.0,1.0,0.0,0
1.0,0.0,0.049019607843137254,0.047244094488188976,0.08,0
1.0,0.0,0.0,0.0,1.0,0
1.0,0.041176470588235294,0.041176470588235294,0.08267716535433071,0.05,0
1.0,0.021568627450980392,0.0,0.1377952755905512,0.5,0
1.0,0.0,0.0,0.3858267716535433,0.25,0
1.0,0.00980392156862745,0.00980392156862745,0.36220472440944884,0.01,0
0.0,0.9980392156862745,0.9980392156862745,1.0,1.0,1
1.0,0.0,0.00392156862745098,0.2795275590551181,0.01,0
1.0,0.0,0.0,0.051181102362204724,0.07,0
1.0,0.0,0.00196078431372549,0.37401574803149606,0.01,0
1.0,0.0,0.011764705882352941,0.28346456692913385,0.01,0
1.0,0.0,0.0,0.7795275590551181,0.01,0
0.0,0.0,0.0,1.0,0.0,0
1.0,0.050980392156862744,0.050980392156862744,1.0,0.01,0
1.0,0.027450980392156862,0.027450980392156862,0.05511811023622047,0.07,0
0.0,1.0,1.0,1.0,1.0,1
0.0,0.0058823529411764705,0.0,1.0,0.95,0
1.0,0.0,0.00196078431372549,0.03937007874015748,0.09,0
1.0,0.0058823529411764705,0.0058823529411764705,0.1377952755905512,0.03,0
0.0,1.0,1.0,1.0,1.0,1
1.0,0.0,0.0,0.3188976377952756,0.01,0
1.0,0.01764705882352941,0.01764705882352941,0.421259842519685,0.01,0
1.0,0.0,0.00196078431372549,0.8110236220472441,0.43,0
1.0,0.0,0.00196078431372549,1.0,0.0,0
1.0,0.056862745098039215,0.06862745098039216,1.0,0.0,0
1.0,0.00196078431372549,0.07450980392156863,0.015748031496062992,0.2,0
1.0,0.0,0.00392156862745098,1.0,0.0,0
1.0,0.00784313725490196,0.00784313725490196,1.0,0.0,0
0.0,0.0,0.0,1.0,0.0,0
1.0,0.056862745098039215,0.08235294117647059,1.0,0.0,0
1.0,0.00980392156862745,0.00980392156862745,0.07874015748031496,0.05,0
0.0,0.0,0.0,1.0,0.0,0
0.0,0.0,0.0,1.0,0.89,0
1.0,0.00980392156862745,0.00980392156862745,1.0,0.0,0
0.0,1.0,1.0,1.0,1.0,1
1.0,0.0,0.0,0.007874015748031496,0.33,0
0.0,1.0,1.0,1.0,1.0,1
1.0,0.011764705882352941,0.011764705882352941,0.28346456692913385,0.01,0
1.0,0.00196078431372549,0.00196078431372549,1.0,0.0,0
0.0,0.9980392156862745,0.9980392156862745,1.0,1.0,1
1.0,0.013725490196078431,0.013725490196078431,0.4645669291338583,0.01,0
1.0,0.0058823529411764705,0.0058823529411764705,0.3700787401574803,0.01,0
1.0,0.0,0.0,0.09448818897637795,0.04,0
1.0,0.00392156862745098,0.00392156862745098,0.08661417322834646,0.04,0
0.0,0.0,0.0,1.0,0.0,0
1.0,0.00980392156862745,0.011764705882352941,0.07086614173228346,0.05,0
0.0,1.0,1.0,1.0,1.0,1
1.0,0.01568627450980392,0.01568627450980392,0.14566929133858267,0.03,0
1.0,0.023529411764705882,0.025490196078431372,0.3228346456692913,0.01,0
1.0,0.00980392156862745,0.00980392156862745,0.01968503937007874,0.17,0
0.0,0.0,0.0,0.07874015748031496,0.05,0
0.0,0.0,0.0,1.0,0.01,0
0.0,0.0,0.0,0.3425196850393701,0.06,0
1.0,0.011764705882352941,0.013725490196078431,1.0,0.0,0
1.0,0.01764705882352941,0.01764705882352941,1.0,0.0,0
1.0,0.029411764705882353,0.10196078431372549,0.25984251968503935,0.01,0
1.0,0.00392156862745098,0.00392156862745098,0.5275590551181102,0.01,0
1.0,0.047058823529411764,0.047058823529411764,0.3661417322834646,0.01,0
1.0,0.00392156862745098,0.00392156862745098,1.0,0.0,0
1.0,0.07647058823529412,0.08431372549019608,0.9763779527559056,0.0,0
0.0,0.0,0.0,1.0,0.0,0
1.0,0.025490196078431372,0.025490196078431372,1.0,0.0,0
1.0,0.043137254901960784,0.047058823529411764,1.0,0.0,0
1.0,0.00196078431372549,0.00784313725490196,0.003937007874015748,0.5,0
0.0,1.0,1.0,1.0,1.0,1
1.0,0.0,0.0,0.19291338582677164,0.02,0
0.0,1.0,1.0,1.0,1.0,1
0.0,0.0,0.0,1.0,1.0,0
0.0,0.00196078431372549,0.00196078431372549,1.0,0.01,0
0.0,0.0,0.0,1.0,0.0,0
0.0,0.5823529411764706,0.03333333333333333,1.0,0.0,1
1.0,0.00784313725490196,0.00980392156862745,0.37401574803149606,0.01,0
1.0,0.00784313725490196,0.00784313725490196,0.015748031496062992,0.2,0
0.0,0.47058823529411764,0.027450980392156862,1.0,0.0,1
0.0,1.0,1.0,1.0,1.0,1
0.0,1.0,1.0,1.0,1.0,1
0.0,0.0,0.0,1.0,0.96,0
1.0,0.00196078431372549,0.00784313725490196,1.0,0.0,0
1.0,0.00196078431372549,0.00196078431372549,0.003937007874015748,0.5,0
1.0,0.029411764705882353,0.029411764705882353,1.0,0.0,0
0.0,1.0,1.0,1.0,1.0,1
1.0,0.00392156862745098,0.00392156862745098,1.0,0.0,0
0.0,0.0058823529411764705,0.0058823529411764705,0.8661417322834646,0.4,0
0.0,0.0,0.0,0.19291338582677164,0.02,0
0.0,0.0,0.0,1.0,0.0,0
0.0,1.0,1.0,1.0,1.0,1
1.0,0.03137254901960784,0.03333333333333333,1.0,0.0,0
0.0,0.021568627450980392,0.03333333333333333,1.0,0.0,0
0.0,0.0,0.0,0.7165354330708661,0.96,0
1.0,0.00196078431372549,0.00196078431372549,0.04330708661417323,1.0,1
0.0,1.0,1.0,1.0,1.0,1
1.0,0.03529411764705882,0.03529411764705882,0.07086614173228346,0.05,0
1.0,0.021568627450980392,0.021568627450980392,1.0,0.0,0
0.0,1.0,1.0,1.0,1.0,1
1.0,0.00392156862745098,0.00392156862745098,0.031496062992125984,0.11,0
0.0,1.0,1.0,1.0,1.0,1
1.0,0.00196078431372549,0.00196078431372549,0.2047244094488189,0.02,0
1.0,0.049019607843137254,0.049019607843137254,1.0,0.0,0
0.0,0.07647058823529412,0.22941176470588234,0.5826771653543307,0.01,0
1.0,0.049019607843137254,0.049019607843137254,0.6968503937007874,0.01,0
1.0,0.00784313725490196,0.00784313725490196,0.1889763779527559,0.04,0
1.0,0.0,0.00784313725490196,0.20866141732283464,0.02,0
0.0,0.0,0.0,0.23228346456692914,0.02,0
0.0,0.00196078431372549,0.00196078431372549,1.0,1.0,0
1.0,0.00196078431372549,0.00196078431372549,0.2992125984251969,0.01,0
1.0,0.023529411764705882,0.023529411764705882,0.047244094488188976,0.08,0
1.0,0.00784313725490196,0.00784313725490196,0.25984251968503935,0.01,0
1.0,0.03529411764705882,0.03529411764705882,1.0,0.0,0
1.0,0.03529411764705882,0.03529411764705882,0.43700787401574803,0.01,0
0.0,1.0,1.0,1.0,1.0,1
0.0,0.00980392156862745,0.021568627450980392,1.0,0.0,0
1.0,0.0,0.0,0.0,1.0,0
1.0,0.00196078431372549,0.00392156862745098,1.0,0.0,0
1.0,0.00980392156862745,0.03529411764705882,0.9645669291338582,0.01,0
1.0,0.0,0.0,0.007874015748031496,0.33,0
1.0,0.07450980392156863,0.13137254901960785,0.4645669291338583,0.01,0
0.0,1.0,1.0,1.0,1.0,1
1.0,0.00784313725490196,0.00784313725490196,0.06299212598425197,0.06,0
1.0,0.00196078431372549,0.00784313725490196,0.031496062992125984,0.11,0
1.0,0.00196078431372549,0.021568627450980392,0.3188976377952756,0.01,0
1.0,0.047058823529411764,0.049019607843137254,0.42913385826771655,0.01,0
1.0,0.00392156862745098,0.00392156862745098,0.007874015748031496,0.33,0
0.0,0.0,0.0,1.0,0.95,0
1.0,0.00392156862745098,0.00784313725490196,0.28346456692913385,0.01,0
1.0,0.011764705882352941,0.01764705882352941,0.16535433070866143,0.02,0
0.0,0.12156862745098039,0.24509803921568626,1.0,0.0,0
1.0,0.0,0.0,0.14173228346456693,0.03,0
1.0,0.00196078431372549,0.0058823529411764705,1.0,0.01,0
1.0,0.0,0.0,0.5748031496062992,0.01,0
0.0,0.0,0.0,1.0,0.0,0
1.0,0.00980392156862745,0.00980392156862745,1.0,0.0,0
1.0,0.00196078431372549,0.00392156862745098,0.5275590551181102,0.01,0
0.0,0.00196078431372549,0.00196078431372549,1.0,0.02,0
0.0,0.0,0.0,1.0,0.0,0
1.0,0.01764705882352941,0.054901960784313725,0.09055118110236221,0.04,0
1.0,0.0,0.0058823529411764705,0.06299212598425197,0.06,0
1.0,0.03725490196078431,0.03725490196078431,0.31496062992125984,0.01,0
1.0,0.0196078431372549,0.08627450980392157,0.25196850393700787,0.02,0
1.0,0.0,0.0,0.10236220472440945,0.07,0
0.0,0.0,0.0,1.0,0.99,0
1.0,0.01764705882352941,0.0196078431372549,0.1732283464566929,0.02,0
1.0,0.0,0.011764705882352941,0.18110236220472442,0.02,0
1.0,0.00392156862745098,0.00392156862745098,0.007874015748031496,0.33,0
1.0,0.01568627450980392,0.01568627450980392,0.16141732283464566,0.02,0
1.0,0.013725490196078431,0.058823529411764705,0.7244094488188977,0.01,0
1.0,0.00392156862745098,0.00392156862745098,0.23228346456692914,0.02,0
1.0,0.0,0.0,0.003937007874015748,0.5,0
0.0,0.0,0.0,1.0,0.0,0
0.0,0.8862745098039215,0.8862745098039215,1.0,1.0,1
1.0,0.0,0.0,0.07480314960629922,0.05,0
1.0,0.0,0.0,1.0,0.0,0
0.0,0.9980392156862745,0.9980392156862745,1.0,1.0,1
0.0,0.0,0.0,1.0,1.0,0
1.0,0.0,0.0,0.18503937007874016,0.02,0
1.0,0.0,0.01568627450980392,0.3937007874015748,0.01,0
0.0,1.0,1.0,1.0,1.0,1
1.0,0.00196078431372549,0.00196078431372549,1.0,0.0,0
1.0,0.00980392156862745,0.011764705882352941,1.0,0.0,0
1.0,0.011764705882352941,0.011764705882352941,0.7992125984251969,0.0,0
0.0,1.0,1.0,1.0,1.0,1
1.0,0.09607843137254903,0.09607843137254903,0.19291338582677164,0.02,0
1.0,0.00980392156862745,0.01764705882352941,0.47244094488188976,0.01,0
1.0,0.0,0.00196078431372549,0.7204724409448819,0.01,0
0.0,0.0,0.0,0.01968503937007874,0.17,0
1.0,0.00392156862745098,0.00392156862745098,0.38976377952755903,0.01,0
1.0,0.0058823529411764705,0.021568627450980392,1.0,0.0,0
0.0,0.5392156862745098,0.0196078431372549,1.0,0.0,1
0.0,0.0,0.0,1.0,1.0,0
0.0,0.00196078431372549,0.00196078431372549,1.0,0.01,0
1.0,0.023529411764705882,0.023529411764705882,0.35039370078740156,0.01,0
1.0,0.00392156862745098,0.00980392156862745,1.0,0.0,0
1.0,0.0,0.00196078431372549,0.10236220472440945,0.04,0
1.0,0.03529411764705882,0.03529411764705882,1.0,0.0,0
1.0,0.0,0.00392156862745098,0.23228346456692914,0.02,0
1.0,0.00784313725490196,0.00784313725490196,0.07874015748031496,0.05,0
0.0,0.3862745098039216,0.023529411764705882,1.0,0.0,1
1.0,0.0,0.00196078431372549,0.6771653543307087,0.01,0
1.0,0.011764705882352941,0.011764705882352941,0.023622047244094488,0.14,0
1.0,0.00196078431372549,0.00196078431372549,0.3779527559055118,0.01,0
0.0,0.0,0.0,0.06692913385826772,0.06,0
1.0,0.013725490196078431,0.013725490196078431,0.07086614173228346,0.05,0
0.0,0.0,0.0,1.0,1.0,0
1.0,0.011764705882352941,0.011764705882352941,0.023622047244094488,0.14,0
1.0,0.0,0.00196078431372549,0.6181102362204725,0.01,0
0.0,0.5549019607843138,0.00980392156862745,1.0,0.0,1
1.0,0.00196078431372549,0.00196078431372549,0.003937007874015748,0.5,0
0.0,0.0,0.0,0.023622047244094488,0.14,0
1.0,0.0,0.0,0.39763779527559057,0.01,0
1.0,0.03333333333333333,0.03333333333333333,1.0,0.0,0
1.0,0.03333333333333333,0.03333333333333333,0.5039370078740157,0.01,0
1.0,0.056862745098039215,0.056862745098039215,1.0,0.0,0
0.0,0.0,0.0,1.0,0.0,0
0.0,0.0058823529411764705,0.011764705882352941,1.0,0.0,0
0.0,0.0,0.0,0.01968503937007874,0.17,0
0.0,0.30980392156862746,0.013725490196078431,1.0,0.0,1
0.0,0.00980392156862745,0.01764705882352941,1.0,0.0,0
1.0,0.027450980392156862,0.03333333333333333,0.562992125984252,0.01,0
0.0,0.00392156862745098,0.00392156862745098,1.0,0.01,0
1.0,0.00784313725490196,0.00784313725490196,0.20866141732283464,0.02,0
1.0,0.00196078431372549,0.00196078431372549,1.0,0.0,0
1.0,0.029411764705882353,0.043137254901960784,0.12598425196850394,0.03,0
1.0,0.013725490196078431,0.01568627450980392,1.0,0.0,0
0.0,0.28627450980392155,0.03137254901960784,1.0,0.0,1
1.0,0.011764705882352941,0.03725490196078431,0.28346456692913385,0.01,0
0.0,0.0,0.0,0.18503937007874016,0.02,0
1.0,0.01568627450980392,0.01568627450980392,0.2755905511811024,0.01,0
0.0,0.884313725490196,0.884313725490196,1.0,1.0,1
0.0,0.0,0.0,1.0,0.0,0
0.0,0.0,0.00196078431372549,0.12598425196850394,0.03,0
0.0,1.0,1.0,1.0,1.0,1
1.0,0.047058823529411764,0.047058823529411764,0.6653543307086615,0.01,0
1.0,0.023529411764705882,0.07254901960784314,1.0,0.0,0
1.0,0.041176470588235294,0.041176470588235294,0.6417322834645669,0.01,0
0.0,0.0058823529411764705,0.00196078431372549,1.0,0.98,0
1.0,0.00392156862745098,0.03137254901960784,0.29133858267716534,0.01,0
1.0,0.0,0.0,0.0,1.0,0
0.0,0.0,0.0,0.04330708661417323,0.08,0
1.0,0.0,0.0,0.09448818897637795,0.04,0
0.0,0.0,0.0,0.10236220472440945,0.85,0
0.0,0.0,0.0,1.0,0.0,0
1.0,0.013725490196078431,0.013725490196078431,1.0,0.0,0
0.0,0.0,0.0,0.007874015748031496,0.33,0
1.0,0.0058823529411764705,0.03137254901960784,0.13385826771653545,0.03,0
1.0,0.0,0.0,0.16929133858267717,0.02,0
1.0,0.0,0.00392156862745098,0.24803149606299213,0.02,0
0.0,0.0,0.0,0.3110236220472441,0.01,0
0.0,1.0,1.0,1.0,1.0,1
0.0,0.0,0.00196078431372549,0.051181102362204724,0.07,0
1.0,0.0,0.0,0.031496062992125984,0.11,0
1.0,0.0058823529411764705,0.0058823529411764705,1.0,0.0,0
1.0,0.0,0.0,1.0,0.0,0
1.0,0.00784313725490196,0.00784313725490196,0.1141732283464567,0.03,0
1.0,0.0,0.0,0.6771653543307087,0.08,0
0.0,0.5529411764705883,0.03725490196078431,1.0,0.0,1
0.0,0.0,0.0,1.0,0.0,0
1.0,0.021568627450980392,0.049019607843137254,0.35826771653543305,0.01,0
1.0,0.0058823529411764705,0.0058823529411764705,1.0,0.0,0
1.0,0.00196078431372549,0.00196078431372549,0.18503937007874016,0.02,0
1.0,0.0,0.00392156862745098,0.031496062992125984,0.11,0
0.0,0.0,0.0,0.007874015748031496,0.33,0
1.0,0.0,0.00196078431372549,0.8149606299212598,0.0,0
0.0,0.029411764705882353,0.1568627450980392,1.0,0.0,0
1.0,0.00392156862745098,0.013725490196078431,0.22440944881889763,0.02,0
0.0,0.0,0.0,0.40551181102362205,0.38,0
0.0,0.0,0.0,1.0,0.0,0
0.0,1.0,1.0,1.0,1.0,1
1.0,0.00196078431372549,0.00784313725490196,0.6653543307086615,0.01,0
0.0,0.0,0.00196078431372549,0.19291338582677164,0.02,0
1.0,0.0,0.03333333333333333,0.023622047244094488,0.14,0
1.0,0.00784313725490196,0.011764705882352941,0.18503937007874016,0.02,0
0.0,0.0058823529411764705,0.023529411764705882,1.0,0.02,0
1.0,0.0,0.0,0.031496062992125984,0.11,0
1.0,0.00980392156862745,0.011764705882352941,1.0,0.0,0
1.0,0.01568627450980392,0.01568627450980392,0.031496062992125984,0.11,0
1.0,0.00784313725490196,0.00784313725490196,1.0,0.0,0
1.0,0.00784313725490196,0.00784313725490196,0.4251968503937008,0.01,0
0.0,1.0,1.0,1.0,1.0,1
0.0,0.17254901960784313,0.32941176470588235,1.0,0.0,0
1.0,0.0,0.00196078431372549,0.12992125984251968,0.03,0
1.0,0.0,0.00392156862745098,0.03937007874015748,0.09,0
0.0,1.0,1.0,1.0,1.0,1
0.0,0.027450980392156862,0.027450980392156862,0.9606299212598425,0.4,0
0.0,0.0,0.00196078431372549,0.27165354330708663,0.19,0
0.0,0.5176470588235295,0.025490196078431372,1.0,0.0,1
1.0,0.0,0.0,1.0,0.0,0
1.0,0.00392156862745098,0.013725490196078431,1.0,0.0,0
1.0,0.0,0.0,0.047244094488188976,0.08,0
0.0,0.0,0.0,1.0,0.99,0
1.0,0.00196078431372549,0.00392156862745098,0.3779527559055118,0.01,0
1.0,0.021568627450980392,0.021568627450980392,1.0,0.0,0
0.0,0.0,0.0,0.023622047244094488,0.14,0
1.0,0.00392156862745098,0.00392156862745098,0.08661417322834646,0.04,0
1.0,0.0,0.0,0.011811023622047244,0.25,0
0.0,0.8607843137254902,0.8607843137254902,1.0,1.0,1
0.0,0.0,0.0,1.0,0.0,0
0.0,1.0,1.0,1.0,1.0,1
1.0,0.023529411764705882,0.023529411764705882,1.0,0.0,0
0.0,0.5411764705882353,0.01568627450980392,1.0,0.0,1
1.0,0.00784313725490196,0.08431372549019608,0.17716535433070865,0.02,0
0.0,0.0,0.00196078431372549,0.6535433070866141,0.08,0
0.0,0.0,0.0,1.0,0.0,0
1.0,0.00196078431372549,0.00196078431372549,0.5236220472440944,0.01,0
0.0,0.00196078431372549,0.00196078431372549,1.0,0.01,0
1.0,0.027450980392156862,0.029411764705882353,0.2677165354330709,0.01,0
1.0,0.00196078431372549,0.00392156862745098,0.547244094488189,0.01,0
1.0,0.0,0.0,0.9881889763779528,0.0,0
0.0,0.9980392156862745,0.9980392156862745,1.0,1.0,1
0.0,0.0,0.0,0.2283464566929134,0.02,0
1.0,0.0,0.0,0.09055118110236221,0.04,0
0.0,0.0,0.0,1.0,0.97,0
1.0,0.0392156862745098,0.10196078431372549,0.2204724409448819,0.02,0
1.0,0.0,0.0,0.15748031496062992,0.02,0
1.0,0.0196078431372549,0.021568627450980392,0.0984251968503937,0.04,0
0.0,0.0,0.0,1.0,0.0,0
1.0,0.00196078431372549,0.00196078431372549,0.003937007874015748,0.5,0
1.0,0.013725490196078431,0.013725490196078431,0.6259842519685039,0.01,0
0.0,0.0,0.0,0.9212598425196851,0.57,0
0.0,0.00196078431372549,0.0058823529411764705,1.0,0.0,0
1.0,0.052941176470588235,0.052941176470588235,0.14566929133858267,0.03,0
0.0,0.00784313725490196,0.00196078431372549,1.0,0.89,0
1.0,0.0058823529411764705,0.0058823529411764705,1.0,0.0,0
1.0,0.01764705882352941,0.0196078431372549,1.0,0.01,0
1.0,0.03137254901960784,0.08235294117647059,0.3858267716535433,0.01,0
0.0,0.0,0.0,1.0,0.01,0
1.0,0.0,0.027450980392156862,0.6732283464566929,0.01,0
0.0,0.0,0.00196078431372549,0.011811023622047244,0.25,0
1.0,0.0,0.0,0.3661417322834646,0.01,0
0.0,0.27058823529411763,0.023529411764705882,1.0,0.0,1
0.0,0.00392156862745098,0.0058823529411764705,1.0,0.0,0
1.0,0.00196078431372549,0.00196078431372549,0.003937007874015748,0.5,0
1.0,0.013725490196078431,0.013725490196078431,0.7007874015748031,0.01,0
1.0,0.00784313725490196,0.00980392156862745,1.0,0.0,0
0.0,1.0,1.0,1.0,1.0,1
1.0,0.047058823529411764,0.09607843137254903,1.0,0.0,0
0.0,0.0,0.0,1.0,1.0,0
1.0,0.013725490196078431,0.013725490196078431,0.027559055118110236,0.12,0
1.0,0.0,0.0,0.05905511811023622,0.06,0
0.0,0.5137254901960784,0.5137254901960784,1.0,0.0,0
1.0,0.0058823529411764705,0.0058823529411764705,0.2559055118110236,0.02,0
1.0,0.00392156862745098,0.00392156862745098,1.0,0.0,0
0.0,1.0,1.0,1.0,1.0,1
1.0,0.0,0.021568627450980392,0.023622047244094488,0.14,0
0.0,0.2235294117647059,0.011764705882352941,1.0,0.0,1
1.0,0.027450980392156862,0.03529411764705882,1.0,0.0,0
1.0,0.00196078431372549,0.00392156862745098,1.0,0.0,0
0.0,1.0,1.0,1.0,1.0,1
1.0,0.00392156862745098,0.00392156862745098,0.20866141732283464,0.02,0
0.0,0.0,0.0,1.0,0.0,0
1.0,0.021568627450980392,0.027450980392156862,0.3188976377952756,0.01,0
1.0,0.01568627450980392,0.08431372549019608,1.0,0.0,0
1.0,0.0,0.00392156862745098,0.08267716535433071,0.05,0
1.0,0.00784313725490196,0.00784313725490196,0.6220472440944882,0.01,0
1.0,0.03333333333333333,0.07058823529411765,1.0,0.0,0
1.0,0.0,0.0,0.44881889763779526,0.01,0
0.0,1.0,1.0,1.0,1.0,1
1.0,0.023529411764705882,0.041176470588235294,1.0,0.0,0
1.0,0.0,0.0,0.889763779527559,0.0,0
0.0,0.0,0.0,1.0,1.0,0
1.0,0.0,0.0,0.42913385826771655,0.01,0
0.0,0.0,0.0,1.0,0.0,0
0.0,0.0,0.0,0.003937007874015748,0.5,0
0.0,0.00196078431372549,0.00392156862745098,0.5866141732283464,0.1,0
1.0,0.013725490196078431,0.013725490196078431,1.0,0.0,0
0.0,0.0,0.0,1.0,0.0,0
1.0,0.03725490196078431,0.03725490196078431,0.15748031496062992,0.02,0
1.0,0.00784313725490196,0.00784313725490196,0.05511811023622047,0.07,0
0.0,0.0,0.0,0.015748031496062992,0.2,0
1.0,0.0,0.0,0.4566929133858268,0.01,0
1.0,0.0058823529411764705,0.00784313725490196,0.23622047244094488,0.02,0
0.0,1.0,1.0,1.0,1.0,1
0.0,0.00196078431372549,0.00196078431372549,1.0,0.01,0
1.0,0.03333333333333333,0.03529411764705882,0.5354330708661418,0.01,0
1.0,0.0,0.0,0.11023622047244094,0.03,0
0.0,0.0,0.0,1.0,1.0,0
1.0,0.021568627450980392,0.023529411764705882,0.1220472440944882,0.03,0
1.0,0.011764705882352941,0.0392156862745098,0.1377952755905512,0.03,0
1.0,0.03137254901960784,0.03529411764705882,1.0,0.0,0
0.0,0.00196078431372549,0.00196078431372549,1.0,0.01,0
1.0,0.00784313725490196,0.00784313725490196,0.8267716535433071,0.01,0
0.0,1.0,1.0,1.0,1.0,1
1.0,0.01764705882352941,0.01764705882352941,0.547244094488189,0.01,0
0.0,0.00392156862745098,0.00784313725490196,1.0,0.01,0
0.0,0.27450980392156865,0.2784313725490196,1.0,0.0,0
0.0,0.2411764705882353,0.023529411764705882,1.0,0.0,1
1.0,0.00784313725490196,0.01568627450980392,0.09448818897637795,0.04,0
0.0,0.0,0.0,1.0,0.96,0
0.0,0.0,0.0,0.16929133858267717,0.02,0
0.0,0.0,0.0,0.2637795275590551,0.01,0
0.0,1.0,1.0,1.0,1.0,1
0.0,1.0,1.0,1.0,1.0,1
0.0,0.41568627450980394,0.41568627450980394,1.0,0.0,0
0.0,0.0,0.0,1.0,0.01,0
1.0,0.00980392156862745,0.013725490196078431,0.15354330708661418,0.03,0
1.0,0.0,0.0,1.0,0.0,0
0.0,0.0,0.0,1.0,1.0,0
0.0,0.021568627450980392,0.021568627450980392,0.3110236220472441,0.35,0
0.0,0.5803921568627451,0.03529411764705882,1.0,0.0,1
0.0,0.0,0.0,1.0,0.98,0
1.0,0.011764705882352941,0.049019607843137254,0.4566929133858268,0.01,0
0.0,0.0,0.0,1.0,0.0,0
0.0,0.40980392156862744,0.00392156862745098,1.0,0.0,1
1.0,0.00196078431372549,0.00196078431372549,1.0,0.0,0
1.0,0.0,0.0,0.7834645669291339,0.0,0
1.0,0.0,0.0,0.3228346456692913,0.01,0
1.0,0.060784313725490195,0.060784313725490195,0.1220472440944882,0.03,0
0.0,0.9980392156862745,0.9980392156862745,1.0,1.0,1
0.0,0.0,0.0,0.8622047244094488,0.0,0
1.0,0.00196078431372549,0.00196078431372549,0.003937007874015748,0.5,0
0.0,0.0,0.0,1.0,1.0,0
1.0,0.00196078431372549,0.047058823529411764,0.003937007874015748,0.5,0
1.0,0.013725490196078431,0.013725490196078431,1.0,0.0,0
1.0,0.00196078431372549,0.00196078431372549,0.30708661417322836,0.14,0
0.0,0.0,0.0,0.6614173228346457,1.0,0
1.0,0.011764705882352941,0.011764705882352941,0.051181102362204724,0.07,0
1.0,0.047058823529411764,0.056862745098039215,1.0,0.0,0
0.0,0.0,0.0,1.0,0.89,0
1.0,0.041176470588235294,0.052941176470588235,0.9330708661417323,0.0,0
1.0,0.0,0.0,0.0,1.0,0
1.0,0.0058823529411764705,0.0058823529411764705,0.011811023622047244,0.25,0
1.0,0.0,0.00196078431372549,0.2559055118110236,0.02,0
0.0,1.0,1.0,1.0,1.0,1
1.0,0.00980392156862745,0.00980392156862745,0.01968503937007874,0.17,0
0.0,0.0,0.0,0.12598425196850394,0.03,0
1.0,0.0,0.00784313725490196,0.32677165354330706,0.01,0
1.0,0.03137254901960784,0.0784313725490196,1.0,0.0,0
0.0,0.8745098039215686,0.8745098039215686,1.0,1.0,1
1.0,0.023529411764705882,0.023529411764705882,0.2874015748031496,0.01,0
1.0,0.0196078431372549,0.021568627450980392,1.0,0.0,0
0.0,0.00980392156862745,0.01764705882352941,1.0,0.0,0
1.0,0.021568627450980392,0.021568627450980392,0.9488188976377953,0.0,0
1.0,0.0,0.00196078431372549,0.41732283464566927,0.01,0
1.0,0.0,0.0058823529411764705,0.031496062992125984,0.11,0
1.0,0.0,0.0058823529411764705,0.6535433070866141,0.01,0
1.0,0.01764705882352941,0.056862745098039215,0.24803149606299213,0.02,0
0.0,0.0058823529411764705,0.011764705882352941,1.0,0.01,0
0.0,0.25882352941176473,0.013725490196078431,1.0,0.0,1
1.0,0.023529411764705882,0.023529411764705882,0.15748031496062992,0.02,0
0.0,1.0,1.0,1.0,1.0,1
1.0,0.00784313725490196,0.00784313725490196,1.0,0.01,0
1.0,0.025490196078431372,0.025490196078431372,1.0,0.0,0
1.0,0.00784313725490196,0.00784313725490196,0.015748031496062992,0.2,0
0.0,0.0,0.0,1.0,0.92,0
0.0,1.0,1.0,1.0,1.0,1
1.0,0.045098039215686274,0.045098039215686274,1.0,0.0,0
1.0,0.0,0.0,0.003937007874015748,0.5,0
1.0,0.00980392156862745,0.01568627450980392,1.0,0.0,0
1.0,0.025490196078431372,0.025490196078431372,0.07086614173228346,0.05,0
1.0,0.0,0.0,0.1220472440944882,0.03,0
0.0,1.0,1.0,1.0,1.0,1
1.0,0.00784313725490196,0.041176470588235294,0.29133858267716534,0.01,0
1.0,0.0,0.0,1.0,0.0,0
0.0,0.0,0.0,0.8346456692913385,0.0,0
1.0,0.023529411764705882,0.023529411764705882,0.5354330708661418,0.01,0
1.0,0.00196078431372549,0.00196078431372549,0.1141732283464567,0.03,0
0.0,0.0,0.0,0.04330708661417323,0.08,0
0.0,0.0,0.0,0.015748031496062992,0.2,0
0.0,0.0,0.0,1.0,0.0,0
0.0,1.0,1.0,1.0,1.0,1
1.0,0.01764705882352941,0.01764705882352941,0.1062992125984252,0.04,0
1.0,0.01764705882352941,0.029411764705882353,0.2952755905511811,0.01,0
1.0,0.050980392156862744,0.050980392156862744,1.0,0.0,0
1.0,0.01568627450980392,0.01568627450980392,0.36220472440944884,0.01,0
0.0,0.09411764705882353,0.09411764705882353,1.0,0.0,0
0.0,0.0,0.0,1.0,0.0,0
0.0,1.0,1.0,1.0,1.0,1
1.0,0.0196078431372549,0.0196078431372549,0.7519685039370079,0.01,0
0.0,0.0,0.0,0.1062992125984252,0.75,0
1.0,0.0,0.0,0.23622047244094488,0.02,0
0.0,0.11764705882352941,0.19215686274509805,1.0,0.0,0
1.0,0.0,0.0,0.9645669291338582,0.0,0
0.0,0.0,0.0,1.0,0.0,0
1.0,0.0196078431372549,0.029411764705882353,0.9094488188976378,0.0,0
1.0,0.00784313725490196,0.00784313725490196,0.9212598425196851,0.0,0
1.0,0.03725490196078431,0.06470588235294118,1.0,0.0,0
1.0,0.00196078431372549,0.00196078431372549,1.0,0.01,0
0.0,0.2647058823529412,0.00980392156862745,1.0,0.0,1
1.0,0.0,0.0,1.0,0.0,0
1.0,0.0196078431372549,0.027450980392156862,0.9094488188976378,0.0,0
0.0,0.8823529411764706,0.8823529411764706,1.0,1.0,1
1.0,0.00196078431372549,0.00196078431372549,0.44881889763779526,0.01,0
1.0,0.00196078431372549,0.00196078431372549,0.06692913385826772,0.06,0
1.0,0.050980392156862744,0.10196078431372549,1.0,0.0,0
1.0,0.00392156862745098,0.00392156862745098,1.0,0.0,0
1.0,0.0,0.0,0.15748031496062992,0.02,0
1.0,0.0,0.0,0.4448818897637795,0.01,0
1.0,0.00196078431372549,0.00196078431372549,0.09448818897637795,0.04,0
1.0,0.056862745098039215,0.060784313725490195,1.0,0.0,0
0.0,0.9980392156862745,0.0,1.0,0.0,1
1.0,0.00784313725490196,0.00784313725490196,0.015748031496062992,0.2,0
0.0,0.08627450980392157,0.24313725490196078,1.0,0.0,0
1.0,0.011764705882352941,0.011764705882352941,0.5393700787401575,0.01,0
1.0,0.049019607843137254,0.049019607843137254,1.0,0.0,0
1.0,0.0,0.0,0.5905511811023622,0.01,0
1.0,0.0058823529411764705,0.0058823529411764705,0.33858267716535434,0.01,0
0.0,0.12352941176470589,0.27450980392156865,1.0,0.0,0
1.0,0.0196078431372549,0.0196078431372549,0.18503937007874016,0.02,0
1.0,0.00980392156862745,0.041176470588235294,0.2204724409448819,0.02,0
0.0,0.2,0.011764705882352941,1.0,0.0,1
1.0,0.0,0.0,1.0,0.0,0
1.0,0.00392156862745098,0.013725490196078431,0.007874015748031496,0.33,0
1.0,0.00392156862745098,0.00392156862745098,0.17716535433070865,0.02,0
1.0,0.021568627450980392,0.021568627450980392,1.0,0.0,0
0.0,0.0,0.0,1.0,0.0,0
0.0,0.00392156862745098,0.00784313725490196,1.0,0.0,0
1.0,0.029411764705882353,0.03333333333333333,0.07480314960629922,0.05,0
1.0,0.00196078431372549,0.00196078431372549,0.003937007874015748,0.5,0
0.0,0.0,0.0,0.05511811023622047,0.07,0
0.0,0.9980392156862745,0.9980392156862745,1.0,1.0,1
1.0,0.01764705882352941,0.01764705882352941,1.0,0.0,0
1.0,0.0058823529411764705,0.00980392156862745,0.011811023622047244,0.25,0
1.0,0.052941176470588235,0.052941176470588235,1.0,0.0,0
1.0,0.0196078431372549,0.021568627450980392,1.0,0.0,0
1.0,0.0196078431372549,0.0196078431372549,0.03937007874015748,0.09,0
1.0,0.021568627450980392,0.021568627450980392,0.1220472440944882,0.03,0
1.0,0.00196078431372549,0.00392156862745098,1.0,0.0,0
1.0,0.00196078431372549,0.00196078431372549,0.9173228346456693,0.0,0
1.0,0.01568627450980392,0.01764705882352941,1.0,0.0,0
1.0,0.00980392156862745,0.00980392156862745,0.6181102362204725,0.01,0
0.0,0.0,0.0,1.0,0.01,0
0.0,0.0,0.0,1.0,0.99,0
1.0,0.01764705882352941,0.01764705882352941,0.18503937007874016,0.02,0
0.0,0.0,0.0,1.0,0.98,0
1.0,0.050980392156862744,0.06274509803921569,1.0,0.0,0
0.0,0.0,0.0,1.0,0.93,0
1.0,0.00784313725490196,0.00980392156862745,0.9251968503937008,0.0,0
1.0,0.00980392156862745,0.00980392156862745,1.0,0.0,0
1.0,0.025490196078431372,0.025490196078431372,1.0,0.0,0
1.0,0.0,0.00392156862745098,0.2952755905511811,0.01,0
0.0,0.00196078431372549,0.00196078431372549,1.0,0.01,0
1.0,0.0,0.00392156862745098,0.29133858267716534,0.01,0
1.0,0.0,0.0,0.003937007874015748,0.5,0
1.0,0.011764705882352941,0.011764705882352941,0.24803149606299213,0.02,0
1.0,0.0,0.0,0.2047244094488189,0.02,0
1.0,0.0,0.00196078431372549,0.7637795275590551,0.01,0
1.0,0.00980392156862745,0.00980392156862745,0.2047244094488189,0.02,0
1.0,0.03333333333333333,0.041176470588235294,1.0,0.0,0
0.0,0.0,0.0,1.0,0.01,0
1.0,0.013725490196078431,0.013725490196078431,1.0,0.0,0
1.0,0.023529411764705882,0.023529411764705882,0.5118110236220472,0.4,0
1.0,0.00392156862745098,0.00980392156862745,1.0,0.0,0
1.0,0.01568627450980392,0.03529411764705882,0.11023622047244094,0.03,0
1.0,0.021568627450980392,0.021568627450980392,1.0,0.0,0
0.0,0.013725490196078431,0.03137254901960784,1.0,0.01,0
1.0,0.00196078431372549,0.0,0.9251968503937008,0.0,0
1.0,0.021568627450980392,0.021568627450980392,1.0,0.0,0
0.0,0.0,0.00196078431372549,0.3425196850393701,0.12,0
1.0,0.0,0.00196078431372549,0.01968503937007874,0.17,0
1.0,0.025490196078431372,0.029411764705882353,1.0,0.0,0
0.0,0.0,0.0,1.0,1.0,0
1.0,0.049019607843137254,0.049019607843137254,1.0,0.0,0
1.0,0.00784313725490196,0.00784313725490196,0.2755905511811024,0.01,0
0.0,0.00196078431372549,0.00196078431372549,0.7834645669291339,0.16,0
1.0,0.00392156862745098,0.00392156862745098,0.4094488188976378,0.01,0
1.0,0.052941176470588235,0.058823529411764705,1.0,0.0,0
1.0,0.027450980392156862,0.027450980392156862,1.0,0.01,0
1.0,0.00392156862745098,0.0058823529411764705,1.0,0.0,0
0.0,1.0,1.0,1.0,1.0,1
1.0,0.0,0.0,0.2874015748031496,0.01,0
0.0,0.4372549019607843,0.011764705882352941,1.0,0.0,1
1.0,0.0,0.0,1.0,0.0,0
1.0,0.00196078431372549,0.00196078431372549,1.0,0.0,0
0.0,0.0,0.0,0.7401574803149606,0.01,0
1.0,0.0196078431372549,0.03137254901960784,1.0,0.0,0
1.0,0.011764705882352941,0.054901960784313725,0.8070866141732284,0.0,0
0.0,0.00392156862745098,0.0,1.0,0.83,0
1.0,0.00980392156862745,0.011764705882352941,0.3346456692913386,0.01,0
1.0,0.03137254901960784,0.03333333333333333,0.12598425196850394,0.03,0
0.0,0.0,0.0,0.24803149606299213,0.36,0
1.0,0.00196078431372549,0.0196078431372549,0.2047244094488189,0.02,0
0.0,0.9980392156862745,0.9980392156862745,1.0,1.0,1
0.0,1.0,1.0,1.0,1.0,1
0.0,0.0,0.0,1.0,0.02,0
1.0,0.0,0.00196078431372549,0.6181102362204725,0.01,0
1.0,0.00196078431372549,0.00196078431372549,0.023622047244094488,0.14,0
1.0,0.0,0.0,1.0,0.0,0
1.0,0.03333333333333333,0.03333333333333333,0.12598425196850394,0.73,0
1.0,0.00196078431372549,0.00392156862745098,0.8346456692913385,0.0,0
0.0,0.0,0.0,1.0,0.0,0
1.0,0.025490196078431372,0.025490196078431372,1.0,0.0,0
1.0,0.00196078431372549,0.00392156862745098,0.2559055118110236,0.21,0
0.0,0.0,0.0,1.0,1.0,0
1.0,0.07647058823529412,0.0784313725490196,0.36220472440944884,0.01,0
0.0,0.0,0.0,1.0,0.0,0
0.0,0.0,0.0,0.1220472440944882,0.03,0
1.0,0.03529411764705882,0.03529411764705882,1.0,0.0,0
1.0,0.03333333333333333,0.03333333333333333,0.2047244094488189,0.02,0
0.0,0.0,0.0,0.03543307086614173,0.1,0
1.0,0.0,0.00784313725490196,0.007874015748031496,0.33,0
1.0,0.0,0.00196078431372549,1.0,0.0,0
1.0,0.01568627450980392,0.01568627450980392,0.5905511811023622,0.01,0
1.0,0.00196078431372549,0.00196078431372549,0.3346456692913386,0.01,0
1.0,0.00784313725490196,0.00784313725490196,0.65748031496063,0.01,0
1.0,0.00196078431372549,0.0,0.3425196850393701,0.01,0
1.0,0.00196078431372549,0.00392156862745098,0.23228346456692914,0.02,0
1.0,0.06274509803921569,0.06274509803921569,1.0,0.0,0
0.0,0.1980392156862745,0.2019607843137255,1.0,0.0,0
1.0,0.00980392156862745,0.00980392156862745,0.17716535433070865,0.02,0
1.0,0.021568627450980392,0.021568627450980392,0.1220472440944882,0.03,0
0.0,0.0,0.0,0.0,1.0,0
1.0,0.0,0.00392156862745098,0.0,1.0,0
1.0,0.03333333333333333,0.041176470588235294,0.7913385826771654,0.0,0
0.0,0.13137254901960785,0.28823529411764703,1.0,0.0,0
0.0,0.0,0.0,0.0,1.0,0
1.0,0.011764705882352941,0.011764705882352941,0.7007874015748031,0.36,0
1.0,0.0,0.00196078431372549,0.9291338582677166,0.0,0
1.0,0.045098039215686274,0.09411764705882353,1.0,0.0,0
1.0,0.0,0.0,0.0,1.0,0
1.0,0.00980392156862745,0.023529411764705882,1.0,0.0,0
1.0,0.00392156862745098,0.0058823529411764705,0.24015748031496062,0.02,0
1.0,0.045098039215686274,0.045098039215686274,1.0,0.0,0
1.0,0.0,0.0,0.7795275590551181,0.01,0
1.0,0.0,0.0,0.08661417322834646,0.04,0
0.0,0.0,0.00196078431372549,0.8149606299212598,0.13,0
1.0,0.060784313725490195,0.06274509803921569,1.0,0.0,0
1.0,0.0,0.00392156862745098,0.1968503937007874,0.02,0
1.0,0.00196078431372549,0.0,0.8661417322834646,0.39,0
1.0,0.0,0.0,0.051181102362204724,0.07,0
0.0,0.00196078431372549,0.00196078431372549,1.0,0.02,0
0.0,0.4647058823529412,0.00392156862745098,1.0,0.0,1
1.0,0.0392156862745098,0.0392156862745098,1.0,0.0,0
1.0,0.0,0.0,0.12598425196850394,0.03,0
1.0,0.023529411764705882,0.023529411764705882,1.0,0.0,0
1.0,0.0,0.0,0.08661417322834646,0.04,0
1.0,0.00392156862745098,0.00392156862745098,0.2637795275590551,0.01,0
1.0,0.00784313725490196,0.00784313725490196,1.0,0.0,0
1.0,0.0,0.00392156862745098,0.0,1.0,0
0.0,0.08823529411764706,0.08823529411764706,1.0,0.0,0
1.0,0.03725490196078431,0.03725490196078431,1.0,0.0,0
1.0,0.0,0.00196078431372549,0.3188976377952756,0.01,0
0.0,1.0,1.0,1.0,1.0,1
1.0,0.0,0.0058823529411764705,0.16929133858267717,0.02,0
1.0,0.01764705882352941,0.01764705882352941,0.30708661417322836,0.01,0
1.0,0.00784313725490196,0.00980392156862745,1.0,0.0,0
0.0,0.00196078431372549,0.00196078431372549,1.0,0.01,0
1.0,0.0,0.0,0.09448818897637795,0.04,0
0.0,0.0,0.0,1.0,1.0,0
1.0,0.00784313725490196,0.0803921568627451,0.01968503937007874,0.17,0
0.0,1.0,1.0,1.0,1.0,1
1.0,0.00196078431372549,0.00196078431372549,1.0,0.0,0
0.0,0.00196078431372549,0.00196078431372549,1.0,0.01,0
0.0,0.0058823529411764705,0.00196078431372549,1.0,1.0,0
0.0,0.0,0.0,0.03543307086614173,0.1,0
0.0,0.0,0.00196078431372549,0.0,1.0,0
0.0,1.0,1.0,1.0,1.0,1
1.0,0.07254901960784314,0.09215686274509804,1.0,0.0,0
1.0,0.00196078431372549,0.12745098039215685,0.023622047244094488,0.14,0
1.0,0.0196078431372549,0.0196078431372549,0.2204724409448819,0.02,0
1.0,0.00392156862745098,0.00392156862745098,1.0,0.0,0
1.0,0.00196078431372549,0.00196078431372549,0.015748031496062992,0.2,0
0.0,0.0,0.0,0.6259842519685039,0.01,0
1.0,0.0,0.0,0.6732283464566929,0.01,0
1.0,0.011764705882352941,0.01568627450980392,0.6023622047244095,0.01,0
0.0,0.0,0.0,1.0,0.0,0
0.0,1.0,1.0,1.0,1.0,1
1.0,0.0,0.0,0.33858267716535434,0.01,0
0.0,0.0,0.0,1.0,0.01,0
1.0,0.023529411764705882,0.029411764705882353,0.7637795275590551,0.01,0
1.0,0.01764705882352941,0.0196078431372549,0.2677165354330709,0.01,0
1.0,0.0,0.0,1.0,0.0,0
1.0,0.03725490196078431,0.03725490196078431,1.0,0.0,0
1.0,0.029411764705882353,0.09411764705882353,0.3425196850393701,0.01,0
1.0,0.045098039215686274,0.045098039215686274,0.35826771653543305,0.01,0
1.0,0.01764705882352941,0.025490196078431372,1.0,0.01,0
0.0,0.00196078431372549,0.00196078431372549,1.0,0.01,0
0.0,0.0,0.0,1.0,0.99,0
1.0,0.021568627450980392,0.021568627450980392,1.0,0.0,0
1.0,0.029411764705882353,0.029411764705882353,1.0,0.0,0
1.0,0.0058823529411764705,0.0058823529411764705,1.0,0.0,0
1.0,0.0196078431372549,0.03725490196078431,1.0,0.0,0
1.0,0.025490196078431372,0.058823529411764705,1.0,0.0,0
1.0,0.00392156862745098,0.047058823529411764,0.35826771653543305,0.01,0
1.0,0.00392156862745098,0.00392156862745098,0.7283464566929134,0.01,0
1.0,0.01568627450980392,0.01568627450980392,1.0,0.0,0
0.0,0.9313725490196079,0.9313725490196079,1.0,1.0,1
1.0,0.00980392156862745,0.025490196078431372,0.09055118110236221,0.04,0
0.0,0.0,0.0,0.2047244094488189,1.0,0
1.0,0.00980392156862745,0.045098039215686274,1.0,0.0,0
1.0,0.029411764705882353,0.03333333333333333,1.0,0.0,0
0.0,1.0,1.0,1.0,1.0,1
1.0,0.0058823529411764705,0.0058823529411764705,1.0,0.0,0
0.0,0.0,0.0,1.0,1.0,0
0.0,0.0,0.0,0.3779527559055118,0.01,0
1.0,0.029411764705882353,0.029411764705882353,0.8464566929133859,0.0,0
0.0,0.0,0.0,1.0,0.0,0
1.0,0.01568627450980392,0.01568627450980392,0.20866141732283464,0.02,0
1.0,0.0,0.0,0.3858267716535433,0.53,0
1.0,0.0392156862745098,0.047058823529411764,0.547244094488189,0.01,0
1.0,0.023529411764705882,0.023529411764705882,1.0,0.0,0
1.0,0.0058823529411764705,0.0058823529411764705,1.0,0.0,0
1.0,0.023529411764705882,0.023529411764705882,0.047244094488188976,0.08,0
0.0,1.0,1.0,1.0,1.0,1
1.0,0.0,0.0,0.1889763779527559,0.02,0
0.0,0.0,0.0,0.3228346456692913,1.0,0
1.0,0.0196078431372549,0.021568627450980392,0.7362204724409449,0.01,0
0.0,0.403921568627451,0.00980392156862745,1.0,0.0,1
1.0,0.01764705882352941,0.01764705882352941,1.0,0.0,0
1.0,0.011764705882352941,0.011764705882352941,1.0,0.0,0
1.0,0.025490196078431372,0.025490196078431372,0.5078740157480315,0.01,0
1.0,0.0,0.0058823529411764705,1.0,0.0,0
1.0,0.013725490196078431,0.0196078431372549,1.0,0.0,0
1.0,0.00980392156862745,0.013725490196078431,0.01968503937007874,0.17,0
1.0,0.00196078431372549,0.00196078431372549,0.027559055118110236,0.12,0
1.0,0.00392156862745098,0.00784313725490196,1.0,0.0,0
0.0,0.0,0.0,0.015748031496062992,0.2,0
0.0,0.0,0.0,1.0,0.99,0
0.0,1.0,1.0,1.0,1.0,1
1.0,0.0,0.0,1.0,0.0,0
0.0,0.1568627450980392,0.1588235294117647,1.0,0.0,0
1.0,0.041176470588235294,0.043137254901960784,1.0,0.0,0
1.0,0.0,0.0,0.38188976377952755,0.01,0
1.0,0.0,0.0,1.0,0.0,0
1.0,0.01764705882352941,0.01764705882352941,0.03543307086614173,0.1,0
1.0,0.00196078431372549,0.00392156862745098,0.047244094488188976,0.08,0
1.0,0.013725490196078431,0.013725490196078431,0.17716535433070865,0.02,0
0.0,0.0,0.0,0.30708661417322836,1.0,0
1.0,0.00196078431372549,0.00196078431372549,0.8385826771653543,0.51,0
1.0,0.021568627450980392,0.021568627450980392,1.0,0.0,0
1.0,0.03137254901960784,0.0392156862745098,0.9330708661417323,0.0,0
0.0,0.00196078431372549,0.00196078431372549,0.6496062992125984,1.0,0
1.0,0.060784313725490195,0.060784313725490195,0.6062992125984252,0.01,0
1.0,0.045098039215686274,0.060784313725490195,1.0,0.0,0
1.0,0.056862745098039215,0.056862745098039215,1.0,0.0,0
1.0,0.0,0.0,0.29133858267716534,0.03,0
0.0,0.25882352941176473,0.011764705882352941,1.0,0.0,1
1.0,0.00784313725490196,0.06470588235294118,1.0,0.0,0
1.0,0.0,0.0,0.08267716535433071,0.05,0
0.0,1.0,1.0,1.0,1.0,1
1.0,0.03137254901960784,0.03137254901960784,1.0,0.0,0
0.0,0.0,0.0,1.0,1.0,0
1.0,0.00196078431372549,0.00196078431372549,1.0,0.0,0
0.0,0.00196078431372549,0.00196078431372549,1.0,0.01,0
0.0,0.00196078431372549,0.00196078431372549,1.0,0.01,0
1.0,0.0,0.00392156862745098,0.031496062992125984,0.11,0
0.0,0.9980392156862745,0.9980392156862745,1.0,1.0,1
0.0,0.00392156862745098,0.00392156862745098,0.25196850393700787,0.02,0
1.0,0.00196078431372549,0.00196078431372549,0.3700787401574803,0.01,0
1.0,0.03333333333333333,0.03333333333333333,0.6456692913385826,0.01,0
0.0,0.0,0.0,1.0,0.0,0
0.0,0.0,0.0,0.07086614173228346,1.0,0
0.0,1.0,1.0,1.0,1.0,1
0.0,0.0,0.0,0.0,1.0,0
0.0,0.9980392156862745,0.9980392156862745,1.0,1.0,1
0.0,0.0,0.0,1.0,0.93,0
1.0,0.01764705882352941,0.01764705882352941,0.9212598425196851,0.0,0
1.0,0.0,0.0,0.027559055118110236,0.12,0
0.0,0.0,0.0,1.0,0.0,0
1.0,0.00784313725490196,0.011764705882352941,1.0,0.0,0
0.0,0.011764705882352941,0.011764705882352941,0.594488188976378,0.35,0
0.0,1.0,1.0,1.0,1.0,1
0.0,0.0,0.0,1.0,0.0,0
1.0,0.03333333333333333,0.03529411764705882,0.5393700787401575,0.01,0
0.0,0.0,0.00196078431372549,0.2204724409448819,0.07,0
1.0,0.0196078431372549,0.0196078431372549,1.0,0.0,0
0.0,0.0,0.0,1.0,0.01,0
0.0,0.0,0.0,1.0,0.0,0
1.0,0.00392156862745098,0.00392156862745098,0.0984251968503937,0.04,0
1.0,0.025490196078431372,0.025490196078431372,1.0,0.0,0
1.0,0.0,0.0,0.5511811023622047,0.01,0
1.0,0.0,0.0,0.33070866141732286,0.01,0
1.0,0.00196078431372549,0.00196078431372549,0.3779527559055118,0.01,0
1.0,0.056862745098039215,0.056862745098039215,1.0,0.0,0
0.0,1.0,1.0,1.0,1.0,1
1.0,0.0,0.0,0.007874015748031496,0.33,0
1.0,0.00196078431372549,0.00392156862745098,0.003937007874015748,0.5,0
1.0,0.029411764705882353,0.043137254901960784,0.9881889763779528,0.0,0
1.0,0.0,0.00196078431372549,0.4763779527559055,0.01,0
0.0,0.0,0.0,1.0,1.0,0
0.0,0.0,0.0,1.0,0.0,0
1.0,0.023529411764705882,0.023529411764705882,1.0,0.0,0
1.0,0.0,0.0,0.5039370078740157,0.01,0
0.0,0.0,0.00196078431372549,0.3779527559055118,0.01,0
1.0,0.00980392156862745,0.00980392156862745,1.0,0.0,0
0.0,0.00392156862745098,0.0,1.0,1.0,0
0.0,0.3588235294117647,0.01568627450980392,1.0,0.0,1
0.0,1.0,1.0,1.0,1.0,1
0.0,0.8725490196078431,0.8725490196078431,1.0,1.0,1
1.0,0.00784313725490196,0.03529411764705882,1.0,0.0,0
0.0,0.0058823529411764705,0.00392156862745098,1.0,0.04,0
1.0,0.01764705882352941,0.027450980392156862,1.0,0.0,0
1.0,0.0,0.0,0.2637795275590551,0.01,0
1.0,0.027450980392156862,0.027450980392156862,1.0,0.0,0
0.0,0.0,0.0,1.0,0.0,0
1.0,0.0,0.0,0.3779527559055118,0.3,0
1.0,0.00980392156862745,0.00980392156862745,1.0,0.0,0
0.0,1.0,1.0,1.0,1.0,1
0.0,1.0,1.0,1.0,1.0,1
1.0,0.0,0.0,0.3110236220472441,0.01,0
0.0,0.0,0.0,0.1062992125984252,0.04,0
0.0,0.0,0.0,1.0,0.0,0
0.0,0.00980392156862745,0.00980392156862745,0.1732283464566929,1.0,0
1.0,0.021568627450980392,0.021568627450980392,0.468503937007874,0.4,0
0.0,0.0,0.0,1.0,0.99,0
0.0,0.0,0.0,1.0,0.0,0
1.0,0.0196078431372549,0.0196078431372549,0.16929133858267717,0.02,0
0.0,0.0,0.0,1.0,1.0,0
0.0,0.0,0.00196078431372549,0.007874015748031496,0.33,0
1.0,0.021568627450980392,0.021568627450980392,0.562992125984252,0.01,0
1.0,0.0,0.0,0.6062992125984252,0.01,0
1.0,0.01568627450980392,0.01568627450980392,0.12992125984251968,0.03,0
1.0,0.0,0.0,0.9409448818897638,0.01,0
1.0,0.00980392156862745,0.03333333333333333,1.0,0.0,0
1.0,0.03725490196078431,0.08431372549019608,1.0,0.0,0
0.0,0.0,0.0,0.01968503937007874,0.17,0
0.0,0.0,0.0,1.0,1.0,0
1.0,0.011764705882352941,0.011764705882352941,0.23228346456692914,0.02,0
0.0,1.0,1.0,1.0,1.0,1
1.0,0.00392156862745098,0.0058823529411764705,0.6771653543307087,0.01,0
1.0,0.00196078431372549,0.00196078431372549,0.15748031496062992,0.02,0
1.0,0.00196078431372549,0.00196078431372549,0.12992125984251968,0.03,0
1.0,0.011764705882352941,0.013725490196078431,1.0,0.0,0
0.0,0.8862745098039215,0.8862745098039215,1.0,1.0,1
1.0,0.0,0.00392156862745098,0.8503937007874016,0.0,0
1.0,0.00196078431372549,0.01568627450980392,1.0,0.0,0
0.0,0.0,0.0,1.0,1.0,0
0.0,0.2549019607843137,0.029411764705882353,1.0,0.0,1
1.0,0.029411764705882353,0.09803921568627451,1.0,0.0,0
1.0,0.029411764705882353,0.029411764705882353,0.15748031496062992,0.02,0
1.0,0.0,0.00196078431372549,0.1377952755905512,0.03,0
1.0,0.027450980392156862,0.027450980392156862,0.05511811023622047,0.07,0
1.0,0.0,0.0,0.09448818897637795,0.04,0
1.0,0.011764705882352941,0.011764705882352941,0.3937007874015748,0.01,0
1.0,0.0,0.03333333333333333,0.37401574803149606,0.01,0
1.0,0.01568627450980392,0.01568627450980392,1.0,0.01,0
1.0,0.029411764705882353,0.029411764705882353,0.7401574803149606,0.39,0
1.0,0.0,0.0,0.30708661417322836,0.01,0
1.0,0.00196078431372549,0.00196078431372549,0.01968503937007874,0.17,0
1.0,0.01568627450980392,0.01568627450980392,1.0,0.0,0
0.0,0.9235294117647059,0.9235294117647059,1.0,1.0,1
0.0,1.0,1.0,1.0,1.0,1
0.0,0.0,0.0,1.0,1.0,0
0.0,0.1607843137254902,0.01568627450980392,1.0,0.0,1
0.0,1.0,1.0,1.0,1.0,1
1.0,0.027450980392156862,0.027450980392156862,0.27165354330708663,0.47,0
1.0,0.054901960784313725,0.054901960784313725,0.5236220472440944,0.01,0
1.0,0.07254901960784314,0.0803921568627451,1.0,0.0,0
0.0,0.4,0.4,1.0,0.01,0
1.0,0.01764705882352941,0.10196078431372549,0.4094488188976378,0.01,0
1.0,0.0058823529411764705,0.00784313725490196,0.011811023622047244,0.25,0
1.0,0.03725490196078431,0.03725490196078431,0.2283464566929134,0.02,0
1.0,0.0,0.0,0.547244094488189,0.15,0
1.0,0.0,0.0,0.952755905511811,0.0,0
0.0,0.0,0.0,0.023622047244094488,0.14,0
1.0,0.00392156862745098,0.00392156862745098,0.007874015748031496,0.33,0
0.0,0.00196078431372549,0.00196078431372549,0.515748031496063,0.35,0
1.0,0.013725490196078431,0.013725490196078431,1.0,0.0,0
0.0,0.0,0.00196078431372549,0.003937007874015748,0.5,0
0.0,0.0,0.0,0.21653543307086615,1.0,0
1.0,0.01764705882352941,0.01764705882352941,1.0,0.0,0
1.0,0.021568627450980392,0.021568627450980392,0.04330708661417323,0.08,0
0.0,0.0,0.00196078431372549,0.07874015748031496,1.0,0
1.0,0.00196078431372549,0.00196078431372549,1.0,0.0,0
1.0,0.025490196078431372,0.025490196078431372,0.5905511811023622,0.01,0
0.0,0.0,0.0,0.4409448818897638,0.01,0
1.0,0.0,0.0,1.0,0.0,0
1.0,0.00392156862745098,0.00392156862745098,0.03937007874015748,0.09,0
0.0,1.0,0.0,1.0,0.0,1
1.0,0.011764705882352941,0.021568627450980392,1.0,0.0,0
1.0,0.0,0.0,0.0984251968503937,0.04,0
1.0,0.0,0.0,0.12598425196850394,0.15,0
0.0,0.0,0.0,1.0,0.0,0
1.0,0.00392156862745098,0.00784313725490196,1.0,0.0,0
1.0,0.0,0.00392156862745098,0.11023622047244094,0.03,0
1.0,0.013725490196078431,0.023529411764705882,0.09055118110236221,0.04,0
1.0,0.0,0.0,0.9409448818897638,0.0,0
0.0,0.0,0.00196078431372549,0.031496062992125984,1.0,0
1.0,0.021568627450980392,0.027450980392156862,0.09448818897637795,0.04,0
1.0,0.0,0.0,0.08267716535433071,0.59,0
1.0,0.043137254901960784,0.043137254901960784,0.08661417322834646,0.04,0
1.0,0.0,0.0,0.4251968503937008,0.01,0
1.0,0.00392156862745098,0.0058823529411764705,0.4448818897637795,0.01,0
1.0,0.03725490196078431,0.07647058823529412,1.0,0.0,0
0.0,0.0,0.0,0.03543307086614173,0.5,0
1.0,0.0392156862745098,0.0392156862745098,1.0,0.0,0
1.0,0.013725490196078431,0.027450980392156862,0.5984251968503937,0.01,0
1.0,0.013725490196078431,0.023529411764705882,0.027559055118110236,0.12,0
0.0,0.0,0.0,1.0,0.07,0
0.0,1.0,1.0,1.0,1.0,1
0.0,1.0,1.0,1.0,1.0,1
1.0,0.0,0.00196078431372549,0.23622047244094488,0.02,0
1.0,0.047058823529411764,0.10980392156862745,1.0,0.0,0
1.0,0.0,0.00196078431372549,0.6456692913385826,0.01,0
1.0,0.021568627450980392,0.021568627450980392,1.0,0.0,0
0.0,0.0,0.0,0.0,1.0,0
1.0,0.0,0.0,0.0984251968503937,0.04,0
0.0,0.0,0.0,1.0,1.0,0
1.0,0.00980392156862745,0.00980392156862745,0.11811023622047244,0.03,0
1.0,0.01568627450980392,0.01568627450980392,1.0,0.0,0
0.0,0.0,0.0,1.0,1.0,0
0.0,0.29411764705882354,0.45098039215686275,1.0,0.0,0
1.0,0.025490196078431372,0.025490196078431372,0.6141732283464567,0.01,0
1.0,0.0,0.0,1.0,0.0,0
0.0,0.06862745098039216,0.17647058823529413,1.0,0.0,0
0.0,0.0,0.0,0.015748031496062992,0.2,0
1.0,0.058823529411764705,0.058823529411764705,1.0,0.0,0
0.0,0.0,0.0,1.0,0.01,0
1.0,0.011764705882352941,0.01568627450980392,1.0,0.0,0
1.0,0.06470588235294118,0.06470588235294118,1.0,0.0,0
1.0,0.060784313725490195,0.060784313725490195,1.0,0.0,0
1.0,0.00784313725490196,0.00784313725490196,1.0,0.0,0
1.0,0.0,0.0058823529411764705,1.0,0.0,0
1.0,0.00392156862745098,0.00392156862745098,0.40551181102362205,0.01,0
0.0,0.4549019607843137,0.45294117647058824,0.4763779527559055,0.12,0
1.0,0.00784313725490196,0.00784313725490196,1.0,0.0,0
1.0,0.0,0.00392156862745098,0.39763779527559057,0.01,0
1.0,0.011764705882352941,0.013725490196078431,1.0,0.0,0
0.0,0.00196078431372549,0.00196078431372549,1.0,0.01,0
1.0,0.00196078431372549,0.00196078431372549,1.0,0.0,0
1.0,0.00392156862745098,0.00784313725490196,0.18110236220472442,0.02,0
1.0,0.011764705882352941,0.011764705882352941,1.0,0.0,0
0.0,0.00196078431372549,0.00196078431372549,0.023622047244094488,0.71,0
1.0,0.0,0.03725490196078431,0.007874015748031496,0.33,0
0.0,1.0,1.0,1.0,1.0,1
0.0,0.0,0.00196078431372549,1.0,0.13,0
0.0,0.0,0.00196078431372549,1.0,0.0,0
0.0,0.0,0.0,1.0,0.0,0
1.0,0.00980392156862745,0.013725490196078431,0.31496062992125984,0.01,0
1.0,0.011764705882352941,0.011764705882352941,0.2637795275590551,0.01,0
1.0,0.01568627450980392,0.01568627450980392,0.6456692913385826,0.01,0
0.0,0.0,0.0,0.18503937007874016,0.02,0
1.0,0.0,0.00196078431372549,0.8031496062992126,0.0,0
1.0,0.0,0.0,0.41338582677165353,0.01,0
1.0,0.0058823529411764705,0.0058823529411764705,0.011811023622047244,0.25,0
0.0,0.0,0.0,0.003937007874015748,0.5,0
1.0,0.0,0.0,1.0,0.0,0
1.0,0.0,0.00392156862745098,0.4330708661417323,0.01,0
1.0,0.03529411764705882,0.03529411764705882,0.5393700787401575,0.01,0
1.0,0.029411764705882353,0.03137254901960784,0.05905511811023622,0.06,0
1.0,0.043137254901960784,0.049019607843137254,1.0,0.0,0
1.0,0.013725490196078431,0.013725490196078431,1.0,0.0,0
1.0,0.00980392156862745,0.00980392156862745,0.3346456692913386,0.01,0
1.0,0.0,0.0,0.1141732283464567,0.03,0
1.0,0.00784313725490196,0.03137254901960784,1.0,0.01,0
1.0,0.0,0.0,0.23228346456692914,0.02,0
1.0,0.00196078431372549,0.00392156862745098,0.5354330708661418,0.01,0
0.0,0.0,0.00196078431372549,0.0,1.0,0
0.0,0.00392156862745098,0.0,1.0,0.99,0
1.0,0.045098039215686274,0.045098039215686274,1.0,0.0,0
1.0,0.01568627450980392,0.029411764705882353,0.031496062992125984,0.11,0
1.0,0.011764705882352941,0.011764705882352941,0.07086614173228346,0.05,0
0.0,0.0,0.00196078431372549,0.14960629921259844,0.03,0
0.0,0.0,0.0,1.0,0.0,0
1.0,0.0,0.0,0.5236220472440944,0.01,0
1.0,0.00392156862745098,0.00392156862745098,0.16929133858267717,0.02,0
1.0,0.0,0.0,0.07086614173228346,0.05,0
1.0,0.0,0.0,0.38188976377952755,0.01,0
0.0,0.9980392156862745,0.9980392156862745,1.0,1.0,1
0.0,0.0,0.0,0.4566929133858268,1.0,0
1.0,0.00196078431372549,0.0058823529411764705,0.03543307086614173,0.1,0
1.0,0.021568627450980392,0.025490196078431372,0.421259842519685,0.01,0
1.0,0.0196078431372549,0.0196078431372549,0.2559055118110236,0.02,0
1.0,0.0058823529411764705,0.0058823529411764705,0.515748031496063,0.01,0
1.0,0.00980392156862745,0.00980392156862745,0.1889763779527559,0.02,0
0.0,0.00196078431372549,0.00196078431372549,0.9881889763779528,0.16,0
1.0,0.0,0.00196078431372549,0.4763779527559055,0.01,0
1.0,0.050980392156862744,0.052941176470588235,1.0,0.0,0
1.0,0.0,0.00196078431372549,0.007874015748031496,0.33,0
0.0,0.0,0.0,1.0,0.98,0
0.0,0.9980392156862745,0.9980392156862745,1.0,1.0,1
1.0,0.023529411764705882,0.025490196078431372,1.0,0.0,0
1.0,0.00196078431372549,0.050980392156862744,0.1889763779527559,0.02,0
1.0,0.0,0.00196078431372549,0.5,0.01,0
0.0,0.00196078431372549,0.00196078431372549,1.0,0.0,0
1.0,0.00980392156862745,0.011764705882352941,0.9881889763779528,0.01,0
1.0,0.00196078431372549,0.0392156862745098,1.0,0.0,0
1.0,0.0,0.00196078431372549,0.0,1.0,0
1.0,0.013725490196078431,0.013725490196078431,0.027559055118110236,0.12,0
0.0,1.0,1.0,1.0,1.0,1
1.0,0.11764705882352941,0.12352941176470589,1.0,0.0,0
1.0,0.0196078431372549,0.025490196078431372,0.8937007874015748,0.01,0
1.0,0.00980392156862745,0.00980392156862745,1.0,0.0,0
0.0,1.0,1.0,1.0,1.0,1
1.0,0.011764705882352941,0.011764705882352941,0.15354330708661418,0.03,0
0.0,0.0,0.0,1.0,0.0,0
0.0,0.00392156862745098,0.00196078431372549,0.6141732283464567,0.01,0
1.0,0.0196078431372549,0.027450980392156862,0.09448818897637795,0.04,0
1.0,0.0,0.0058823529411764705,0.41732283464566927,0.01,0
1.0,0.00784313725490196,0.00980392156862745,0.84251968503937,0.0,0
1.0,0.049019607843137254,0.10196078431372549,1.0,0.0,0
0.0,0.0,0.0,1.0,0.08,0
1.0,0.054901960784313725,0.06666666666666667,0.5669291338582677,0.01,0
1.0,0.021568627450980392,0.023529411764705882,1.0,0.0,0
1.0,0.0,0.0,0.3661417322834646,0.52,0
0.0,1.0,1.0,1.0,1.0,1
1.0,0.045098039215686274,0.045098039215686274,1.0,0.0,0
0.0,0.0,0.0,1.0,0.0,0
1.0,0.0,0.00196078431372549,1.0,0.0,0
1.0,0.00196078431372549,0.00392156862745098,0.04330708661417323,0.08,0
0.0,0.00196078431372549,0.00196078431372549,1.0,0.99,0
0.0,1.0,1.0,1.0,1.0,1
1.0,0.00784313725490196,0.00784313725490196,0.5039370078740157,0.01,0
0.0,0.00196078431372549,0.00196078431372549,0.3188976377952756,0.15,0
1.0,0.0,0.0,0.06299212598425197,0.06,0
1.0,0.00392156862745098,0.00392156862745098,0.0984251968503937,0.04,0
0.0,0.5196078431372549,0.03725490196078431,1.0,0.0,1
0.0,0.5392156862745098,0.01568627450980392,1.0,0.0,1
1.0,0.023529411764705882,0.023529411764705882,1.0,0.0,0
0.0,0.0,0.0,0.0,1.0,0
1.0,0.0,0.00196078431372549,0.5433070866141733,0.01,0
1.0,0.021568627450980392,0.021568627450980392,1.0,0.01,0
1.0,0.0,0.00196078431372549,0.7834645669291339,0.0,0
1.0,0.0,0.03137254901960784,0.09448818897637795,0.04,0
1.0,0.021568627450980392,0.056862745098039215,0.33858267716535434,0.01,0
1.0,0.00196078431372549,0.00392156862745098,0.003937007874015748,0.5,0
1.0,0.03529411764705882,0.03529411764705882,1.0,0.0,0
1.0,0.00196078431372549,0.00196078431372549,0.003937007874015748,0.5,0
1.0,0.00392156862745098,0.0058823529411764705,0.33070866141732286,0.01,0
1.0,0.00196078431372549,0.023529411764705882,0.6811023622047244,0.01,0
1.0,0.00980392156862745,0.07450980392156863,1.0,0.0,0
0.0,0.0,0.0,1.0,0.09,0
1.0,0.0,0.0,0.3464566929133858,0.01,0
1.0,0.0196078431372549,0.021568627450980392,1.0,0.0,0
1.0,0.0196078431372549,0.023529411764705882,1.0,0.0,0
0.0,0.5647058823529412,0.00196078431372549,1.0,0.0,1
1.0,0.0,0.0,1.0,0.0,0
1.0,0.021568627450980392,0.025490196078431372,0.047244094488188976,0.08,0
1.0,0.0058823529411764705,0.0058823529411764705,1.0,0.0,0
1.0,0.052941176470588235,0.052941176470588235,0.2047244094488189,0.02,0
0.0,0.0,0.0,0.2047244094488189,0.02,0
1.0,0.013725490196078431,0.021568627450980392,0.14566929133858267,0.03,0
0.0,1.0,1.0,1.0,1.0,1
1.0,0.0058823529411764705,0.0058823529411764705,1.0,0.0,0
0.0,1.0,1.0,1.0,1.0,1
1.0,0.03529411764705882,0.09607843137254903,0.5866141732283464,0.01,0
1.0,0.0,0.0,1.0,0.0,0
1.0,0.03333333333333333,0.03333333333333333,0.9803149606299213,0.0,0
1.0,0.03333333333333333,0.049019607843137254,1.0,0.0,0
1.0,0.00196078431372549,0.0392156862745098,0.21653543307086615,0.02,0
0.0,1.0,1.0,1.0,1.0,1
1.0,0.025490196078431372,0.025490196078431372,0.20078740157480315,0.02,0
1.0,0.03725490196078431,0.049019607843137254,0.3346456692913386,0.01,0
1.0,0.0,0.0,0.25196850393700787,0.02,0
1.0,0.01764705882352941,0.01764705882352941,0.08267716535433071,0.05,0
1.0,0.0,0.0,0.011811023622047244,0.25,0
0.0,0.0,0.0,1.0,1.0,0
0.0,1.0,1.0,1.0,1.0,1
1.0,0.0,0.025490196078431372,0.5826771653543307,0.01,0
0.0,0.011764705882352941,0.023529411764705882,1.0,0.0,0
0.0,0.0,0.0,0.003937007874015748,0.5,0
1.0,0.013725490196078431,0.013725490196078431,0.07480314960629922,0.05,0
1.0,0.00980392156862745,0.00980392156862745,0.13385826771653545,0.03,0
1.0,0.0392156862745098,0.0392156862745098,0.24015748031496062,0.02,0
1.0,0.03333333333333333,0.03333333333333333,1.0,0.0,0
1.0,0.00196078431372549,0.00980392156862745,0.5393700787401575,0.01,0
0.0,0.0,0.0,1.0,0.0,0
1.0,0.01568627450980392,0.01764705882352941,0.452755905511811,0.01,0
0.0,0.01568627450980392,0.025490196078431372,1.0,0.01,0
1.0,0.00784313725490196,0.00784313725490196,1.0,0.0,0
1.0,0.03333333333333333,0.03333333333333333,0.4566929133858268,0.02,0
1.0,0.029411764705882353,0.029411764705882353,1.0,0.0,0
1.0,0.011764705882352941,0.011764705882352941,0.8661417322834646,0.0,0
1.0,0.0196078431372549,0.06274509803921569,0.03937007874015748,0.09,0
1.0,0.0058823529411764705,0.0058823529411764705,0.6889763779527559,0.01,0
1.0,0.01764705882352941,0.0196078431372549,1.0,0.0,0
0.0,0.021568627450980392,0.021568627450980392,0.5433070866141733,0.46,0
1.0,0.00784313725490196,0.00784313725490196,0.3425196850393701,0.01,0
1.0,0.00196078431372549,0.00196078431372549,0.18110236220472442,0.02,0
0.0,0.00784313725490196,0.013725490196078431,1.0,0.0,0
0.0,0.0,0.0,0.015748031496062992,0.2,0
0.0,0.29215686274509806,0.03725490196078431,1.0,0.0,1
0.0,0.0,0.0,1.0,1.0,0
0.0,0.0,0.0,0.9448818897637795,0.0,0
0.0,0.2823529411764706,0.03333333333333333,1.0,0.0,1
1.0,0.0,0.0,0.3346456692913386,0.01,0
0.0,0.3941176470588235,0.00196078431372549,1.0,0.0,1
0.0,0.0,0.0,0.06692913385826772,0.06,0
1.0,0.00392156862745098,0.00392156862745098,0.007874015748031496,0.33,0
1.0,0.0196078431372549,0.0196078431372549,1.0,0.0,0
0.0,0.0,0.0,0.007874015748031496,0.33,0
0.0,0.0,0.0,0.0,1.0,0
1.0,0.0196078431372549,0.0196078431372549,0.27165354330708663,0.3,0
1.0,0.00392156862745098,0.00392156862745098,0.2204724409448819,0.02,0
0.0,1.0,1.0,1.0,1.0,1
1.0,0.0,0.0,0.0,1.0,0
1.0,0.0,0.0,0.0,1.0,0
0.0,0.10196078431372549,0.25882352941176473,1.0,0.0,0
0.0,1.0,1.0,1.0,1.0,1
1.0,0.01764705882352941,0.01764705882352941,1.0,0.0,0
0.0,1.0,1.0,1.0,1.0,1
1.0,0.0,0.0,0.9330708661417323,0.0,0
0.0,0.0,0.0,1.0,0.0,0
1.0,0.0,0.0,0.6889763779527559,0.01,0
1.0,0.00196078431372549,0.0058823529411764705,1.0,0.0,0
0.0,0.0,0.0,0.2992125984251969,0.01,0
1.0,0.00196078431372549,0.00196078431372549,0.003937007874015748,0.5,0
1.0,0.0058823529411764705,0.049019607843137254,0.047244094488188976,0.08,0
0.0,0.0,0.0,1.0,1.0,0
0.0,0.0,0.0,1.0,0.88,0
0.0,0.20392156862745098,0.01568627450980392,1.0,0.0,1
0.0,0.00196078431372549,0.00392156862745098,0.1220472440944882,0.06,0
1.0,0.0,0.0,0.2283464566929134,0.02,0
0.0,0.0,0.0,0.023622047244094488,0.14,0
1.0,0.0,0.011764705882352941,0.16535433070866143,0.02,0
0.0,1.0,1.0,1.0,1.0,1
0.0,0.0,0.0,1.0,0.97,0
1.0,0.00980392156862745,0.03137254901960784,0.09448818897637795,0.04,0
1.0,0.00392156862745098,0.00392156862745098,0.7322834645669292,0.34,0
1.0,0.049019607843137254,0.049019607843137254,1.0,0.0,0
1.0,0.011764705882352941,0.011764705882352941,0.9566929133858267,0.31,0
1.0,0.0,0.0058823529411764705,0.7755905511811023,0.01,0
1.0,0.0058823529411764705,0.0058823529411764705,1.0,0.0,0
1.0,0.0058823529411764705,0.0058823529411764705,0.12992125984251968,0.03,0
0.0,1.0,1.0,1.0,1.0,1
0.0,0.5333333333333333,0.5333333333333333,1.0,0.0,0
1.0,0.00784313725490196,0.023529411764705882,0.1968503937007874,0.02,0
1.0,0.043137254901960784,0.043137254901960784,0.4566929133858268,0.01,0
0.0,0.025490196078431372,0.043137254901960784,1.0,0.0,0
0.0,1.0,1.0,1.0,1.0,1
1.0,0.041176470588235294,0.041176470588235294,1.0,0.0,0
1.0,0.0,0.0,0.27165354330708663,0.03,0
0.0,0.0,0.00784313725490196,0.2204724409448819,0.09,0
1.0,0.043137254901960784,0.043137254901960784,1.0,0.0,0
1.0,0.00196078431372549,0.00196078431372549,1.0,0.0,0
1.0,0.0,0.0,0.0,1.0,0
0.0,0.0,0.0,0.0,1.0,0
1.0,0.027450980392156862,0.029411764705882353,0.24803149606299213,0.02,0
1.0,0.0058823529411764705,0.03137254901960784,0.011811023622047244,0.25,0
1.0,0.01764705882352941,0.09411764705882353,0.594488188976378,0.01,0
0.0,0.0,0.0,0.015748031496062992,0.2,0
1.0,0.00980392156862745,0.00980392156862745,1.0,0.0,0
1.0,0.0,0.0,1.0,0.0,0
1.0,0.0,0.0,0.5669291338582677,0.5,0
0.0,0.5274509803921569,0.03333333333333333,1.0,0.0,1
1.0,0.050980392156862744,0.11176470588235295,1.0,0.0,0
0.0,1.0,1.0,1.0,1.0,1
1.0,0.0,0.0,1.0,0.0,0
0.0,0.0,0.0,1.0,1.0,0
1.0,0.00980392156862745,0.011764705882352941,0.6062992125984252,0.01,0
0.0,0.0,0.0,0.0,1.0,0
1.0,0.0,0.00196078431372549,0.08267716535433071,0.05,0
0.0,0.0,0.0,1.0,0.98,0
1.0,0.0058823529411764705,0.00980392156862745,1.0,0.0,0
1.0,0.0,0.0,0.0,1.0,0
1.0,0.00196078431372549,0.00196078431372549,1.0,0.0,0
1.0,0.0,0.00196078431372549,0.8385826771653543,0.0,0
1.0,0.01568627450980392,0.01568627450980392,0.5866141732283464,0.01,0
0.0,0.00196078431372549,0.00196078431372549,1.0,0.01,0
1.0,0.00784313725490196,0.00784313725490196,0.015748031496062992,0.2,0
1.0,0.050980392156862744,0.050980392156862744,1.0,0.0,0
1.0,0.00392156862745098,0.00980392156862745,0.007874015748031496,0.33,0
1.0,0.00196078431372549,0.00196078431372549,0.08661417322834646,0.04,0
1.0,0.0,0.0,0.6259842519685039,0.01,0
1.0,0.0,0.0,1.0,0.0,0
1.0,0.00784313725490196,0.00784313725490196,0.40551181102362205,0.01,0
0.0,1.0,1.0,1.0,1.0,1
0.0,0.0,0.00196078431372549,0.031496062992125984,0.11,0
1.0,0.023529411764705882,0.025490196078431372,1.0,0.0,0
1.0,0.08823529411764706,0.12156862745098039,0.5039370078740157,0.01,0
0.0,0.00784313725490196,0.00784313725490196,0.9212598425196851,0.37,0
1.0,0.0196078431372549,0.021568627450980392,0.25196850393700787,0.02,0
1.0,0.00392156862745098,0.00392156862745098,0.023622047244094488,0.14,0
0.0,1.0,1.0,1.0,1.0,1
1.0,0.025490196078431372,0.03529411764705882,1.0,0.0,0
0.0,0.0,0.00196078431372549,0.31496062992125984,0.01,0
0.0,0.00392156862745098,0.0196078431372549,1.0,0.36,0
0.0,0.0,0.0,0.0,1.0,0
0.0,0.00196078431372549,0.00392156862745098,1.0,0.0,0
0.0,0.0,0.0,0.37401574803149606,0.01,0
1.0,0.00980392156862745,0.00980392156862745,0.01968503937007874,0.17,0
1.0,0.0784313725490196,0.0784313725490196,1.0,0.0,0
0.0,0.0,0.0,1.0,0.0,0
1.0,0.01568627450980392,0.03137254901960784,1.0,0.01,0
1.0,0.011764705882352941,0.054901960784313725,0.5669291338582677,0.01,0
1.0,0.00196078431372549,0.011764705882352941,0.003937007874015748,0.5,0
1.0,0.01568627450980392,0.01764705882352941,1.0,0.0,0
1.0,0.01764705882352941,0.025490196078431372,0.1377952755905512,0.03,0
0.0,0.00196078431372549,0.00196078431372549,1.0,0.01,0
0.0,1.0,1.0,1.0,1.0,1
1.0,0.0,0.00196078431372549,0.16141732283464566,0.02,0
1.0,0.021568627450980392,0.025490196078431372,1.0,0.0,0
1.0,0.0,0.0,0.0,1.0,0
0.0,0.9980392156862745,0.9980392156862745,1.0,1.0,1
1.0,0.00196078431372549,0.00196078431372549,1.0,0.0,0
1.0,0.0,0.00196078431372549,0.5984251968503937,0.01,0
0.0,0.0,0.0,0.007874015748031496,0.33,0
0.0,0.44901960784313727,0.01764705882352941,1.0,0.0,1
1.0,0.0,0.00196078431372549,0.7834645669291339,0.0,0
0.0,0.4019607843137255,0.0058823529411764705,1.0,0.0,1
1.0,0.0196078431372549,0.0196078431372549,1.0,0.0,0
1.0,0.01568627450980392,0.01568627450980392,0.16141732283464566,0.02,0
1.0,0.0,0.00392156862745098,0.08661417322834646,0.04,0
1.0,0.0,0.0,0.6141732283464567,0.01,0
1.0,0.054901960784313725,0.09803921568627451,0.5039370078740157,0.01,0
1.0,0.01568627450980392,0.06666666666666667,0.5866141732283464,0.01,0
1.0,0.0058823529411764705,0.041176470588235294,0.7519685039370079,0.01,0
0.0,1.0,1.0,1.0,1.0,1
1.0,0.0,0.0,1.0,0.0,0
1.0,0.021568627450980392,0.021568627450980392,1.0,0.0,0
1.0,0.0,0.0,0.9803149606299213,0.0,0
1.0,0.03333333333333333,0.03529411764705882,0.8858267716535433,0.0,0
1.0,0.027450980392156862,0.027450980392156862,1.0,0.0,0
1.0,0.00392156862745098,0.00392156862745098,0.46062992125984253,0.01,0
1.0,0.0,0.00196078431372549,0.7125984251968503,0.01,0
0.0,0.00196078431372549,0.0,1.0,0.67,0
0.0,0.00196078431372549,0.00196078431372549,1.0,0.01,0
1.0,0.0058823529411764705,0.0058823529411764705,0.011811023622047244,0.25,0
1.0,0.0058823529411764705,0.0058823529411764705,0.011811023622047244,0.25,0
1.0,0.0058823529411764705,0.03333333333333333,0.011811023622047244,0.25,0
0.0,0.0,0.0,0.5039370078740157,0.88,0
1.0,0.0,0.0,0.38976377952755903,0.01,0
0.0,0.0,0.0,0.0,1.0,0
1.0,0.00196078431372549,0.00196078431372549,0.6338582677165354,0.01,0
1.0,0.01568627450980392,0.01568627450980392,0.12598425196850394,0.03,0
0.0,0.00392156862745098,0.0,1.0,0.97,0
1.0,0.0196078431372549,0.0196078431372549,0.14173228346456693,0.03,0
0.0,0.00392156862745098,0.00784313725490196,1.0,0.0,0
1.0,0.00196078431372549,0.00196078431372549,0.3464566929133858,0.01,0
1.0,0.00196078431372549,0.00196078431372549,0.31496062992125984,0.01,0
0.0,1.0,1.0,1.0,1.0,1
1.0,0.0,0.0,0.20078740157480315,0.02,0
0.0,1.0,1.0,1.0,1.0,1
0.0,0.0,0.0,1.0,0.99,0
0.0,0.0,0.013725490196078431,0.003937007874015748,0.5,0
1.0,0.0,0.0,0.3031496062992126,0.01,0
1.0,0.0,0.00196078431372549,0.24015748031496062,0.02,0
0.0,0.0,0.0,1.0,0.99,0
1.0,0.00980392156862745,0.011764705882352941,1.0,0.0,0
0.0,0.0,0.0,1.0,0.98,0
1.0,0.0196078431372549,0.0196078431372549,0.7913385826771654,0.0,0
0.0,0.23921568627450981,0.00196078431372549,1.0,0.0,1
1.0,0.052941176470588235,0.058823529411764705,1.0,0.0,0
1.0,0.0,0.0,1.0,0.0,0
0.0,0.01568627450980392,0.01568627450980392,0.48031496062992124,0.53,0
1.0,0.00392156862745098,0.00392156862745098,0.44881889763779526,0.01,0
1.0,0.0,0.00196078431372549,0.003937007874015748,0.5,0
1.0,0.01568627450980392,0.01568627450980392,0.43700787401574803,0.01,0
1.0,0.052941176470588235,0.056862745098039215,1.0,0.0,0
0.0,0.9980392156862745,0.9980392156862745,1.0,1.0,1
0.0,0.0,0.0,0.031496062992125984,0.11,0
0.0,0.0,0.0,1.0,0.0,0
0.0,0.00196078431372549,0.0,1.0,0.02,0
0.0,0.0,0.0,1.0,0.95,0
1.0,0.011764705882352941,0.056862745098039215,0.9173228346456693,0.0,0
1.0,0.0392156862745098,0.047058823529411764,0.8070866141732284,0.0,0
1.0,0.0058823529411764705,0.0058823529411764705,1.0,0.0,0
0.0,1.0,1.0,1.0,1.0,1
1.0,0.00784313725490196,0.00784313725490196,1.0,0.0,0
1.0,0.07058823529411765,0.0784313725490196,0.3228346456692913,0.01,0
0.0,0.12352941176470589,0.12549019607843137,1.0,0.0,0
1.0,0.0,0.00392156862745098,0.2283464566929134,0.02,0
1.0,0.0,0.0,0.0,1.0,0
1.0,0.0,0.0,0.6732283464566929,0.01,0
0.0,1.0,1.0,1.0,1.0,1
0.0,1.0,1.0,1.0,1.0,1
1.0,0.058823529411764705,0.06470588235294118,1.0,0.0,0
0.0,0.00196078431372549,0.00196078431372549,1.0,0.02,0
0.0,0.0,0.00980392156862745,0.952755905511811,0.07,0
0.0,0.9980392156862745,0.9980392156862745,1.0,1.0,1
0.0,0.5196078431372549,0.0196078431372549,1.0,0.0,1
1.0,0.01764705882352941,0.0196078431372549,0.610236220472441,0.01,0
1.0,0.03333333333333333,0.03333333333333333,0.06692913385826772,0.06,0
1.0,0.0,0.0392156862745098,1.0,0.0,0
1.0,0.0,0.00196078431372549,0.0,1.0,0
0.0,0.07647058823529412,0.07647058823529412,1.0,0.0,0
0.0,1.0,1.0,1.0,1.0,1
1.0,0.0,0.00392156862745098,0.16929133858267717,0.02,0
1.0,0.03725490196078431,0.0392156862745098,1.0,0.0,0
0.0,0.0,0.0,1.0,0.0,0
1.0,0.047058823529411764,0.047058823529411764,0.49606299212598426,0.01,0
1.0,0.0,0.0,0.14173228346456693,0.03,0
1.0,0.00784313725490196,0.00980392156862745,1.0,0.0,0
0.0,0.0,0.0,0.5393700787401575,0.36,0
1.0,0.025490196078431372,0.054901960784313725,0.2047244094488189,0.02,0
1.0,0.029411764705882353,0.029411764705882353,0.4015748031496063,0.01,0
1.0,0.00196078431372549,0.00196078431372549,1.0,0.0,0
1.0,0.0,0.0,0.5511811023622047,0.01,0
1.0,0.00980392156862745,0.00980392156862745,0.03937007874015748,0.09,0
1.0,0.00392156862745098,0.00392156862745098,1.0,0.0,0
1.0,0.0,0.0058823529411764705,0.2755905511811024,0.01,0
0.0,0.00196078431372549,0.00196078431372549,1.0,0.93,0
0.0,1.0,0.9980392156862745,1.0,1.0,1
0.0,0.00196078431372549,0.00196078431372549,1.0,0.01,0
0.0,0.9980392156862745,0.9980392156862745,1.0,1.0,1
1.0,0.013725490196078431,0.01568627450980392,0.5787401574803149,0.01,0
1.0,0.0058823529411764705,0.0058823529411764705,0.5078740157480315,0.01,0
0.0,0.0,0.0,0.23228346456692914,0.02,0
0.0,0.025490196078431372,0.0392156862745098,1.0,0.0,0
0.0,0.2235294117647059,0.2235294117647059,1.0,0.0,0
1.0,0.00196078431372549,0.00196078431372549,1.0,0.0,0
1.0,0.0,0.00196078431372549,0.5196850393700787,0.01,0
1.0,0.0,0.0,0.1220472440944882,0.03,0
0.0,0.0,0.0,1.0,0.01,0
0.0,0.0,0.0,1.0,0.0,0
0.0,0.0,0.0,0.23622047244094488,0.02,0
0.0,0.0,0.00196078431372549,1.0,0.01,0
1.0,0.03529411764705882,0.03529411764705882,1.0,0.0,0
1.0,0.0,0.00196078431372549,0.5354330708661418,0.01,0
1.0,0.01764705882352941,0.01764705882352941,0.2874015748031496,0.01,0
1.0,0.013725490196078431,0.01568627450980392,1.0,0.0,0
1.0,0.0,0.00196078431372549,0.5236220472440944,0.01,0
0.0,0.0,0.0,1.0,0.01,0
1.0,0.03529411764705882,0.03725490196078431,1.0,0.0,0
0.0,0.0,0.0,0.003937007874015748,0.5,0
0.0,0.00784313725490196,0.00196078431372549,1.0,0.96,0
1.0,0.0,0.0,1.0,0.0,0
0.0,0.00392156862745098,0.00196078431372549,1.0,0.94,0
1.0,0.0196078431372549,0.027450980392156862,0.36220472440944884,0.01,0
0.0,0.8588235294117647,0.8588235294117647,1.0,1.0,1
1.0,0.00784313725490196,0.11176470588235295,0.08267716535433071,0.05,0
1.0,0.0058823529411764705,0.00980392156862745,1.0,0.0,0
0.0,0.0,0.0,1.0,0.0,0
0.0,0.0058823529411764705,0.01568627450980392,1.0,0.01,0
0.0,0.0,0.00196078431372549,0.0,1.0,0
1.0,0.00784313725490196,0.00784313725490196,1.0,0.0,0
1.0,0.013725490196078431,0.03333333333333333,0.4094488188976378,0.01,0
1.0,0.00392156862745098,0.0058823529411764705,0.16535433070866143,0.02,0
0.0,0.0,0.0,0.007874015748031496,0.33,0
0.0,0.0,0.0,1.0,1.0,0
1.0,0.01568627450980392,0.03137254901960784,0.14173228346456693,0.03,0
1.0,0.011764705882352941,0.043137254901960784,1.0,0.0,0
0.0,0.00196078431372549,0.00196078431372549,0.011811023622047244,0.25,0
1.0,0.0058823529411764705,0.0196078431372549,1.0,0.0,0
0.0,0.0,0.0,1.0,0.0,0
1.0,0.00980392156862745,0.00980392156862745,0.01968503937007874,0.17,0
1.0,0.00980392156862745,0.00980392156862745,1.0,0.0,0
1.0,0.021568627450980392,0.043137254901960784,0.8976377952755905,0.33,0
0.0,0.996078431372549,0.996078431372549,1.0,1.0,1
1.0,0.0392156862745098,0.0392156862745098,1.0,0.01,0
0.0,1.0,1.0,1.0,1.0,1
1.0,0.0,0.0,0.3031496062992126,0.01,0
0.0,0.0,0.0,0.015748031496062992,0.2,0
1.0,0.00196078431372549,0.00196078431372549,0.35826771653543305,0.01,0
1.0,0.00196078431372549,0.00196078431372549,0.003937007874015748,0.5,0
0.0,0.0,0.0,1.0,1.0,0
0.0,0.0,0.0,1.0,0.01,0
1.0,0.0,0.00196078431372549,1.0,0.0,0
1.0,0.00784313725490196,0.00784313725490196,0.35039370078740156,0.01,0
1.0,0.0,0.00392156862745098,0.6535433070866141,0.01,0
0.0,0.0,0.0,1.0,0.0,0
1.0,0.0,0.0,1.0,0.0,0
0.0,1.0,1.0,1.0,1.0,1
0.0,0.0058823529411764705,0.0196078431372549,0.9921259842519685,0.01,0
1.0,0.0,0.0,0.9133858267716536,0.0,0
0.0,0.0,0.0,0.023622047244094488,0.14,0
1.0,0.0,0.011764705882352941,1.0,0.0,0
1.0,0.013725490196078431,0.013725490196078431,0.0984251968503937,0.04,0
1.0,0.00196078431372549,0.00196078431372549,0.33070866141732286,0.07,0
1.0,0.027450980392156862,0.0803921568627451,1.0,0.0,0
1.0,0.00196078431372549,0.00392156862745098,0.2440944881889764,0.02,0
1.0,0.00392156862745098,0.00392156862745098,0.24803149606299213,0.02,0
0.0,0.25098039215686274,0.25098039215686274,1.0,0.0,0
1.0,0.049019607843137254,0.049019607843137254,0.30708661417322836,0.01,0
1.0,0.00784313725490196,0.12156862745098039,1.0,0.0,0
0.0,0.0,0.0,1.0,0.01,0
1.0,0.00392156862745098,0.00392156862745098,1.0,0.0,0
1.0,0.01764705882352941,0.0196078431372549,0.03543307086614173,0.1,0
1.0,0.00392156862745098,0.00392156862745098,1.0,0.44,0
1.0,0.025490196078431372,0.056862745098039215,1.0,0.0,0
0.0,0.0,0.0,0.05511811023622047,0.07,0
1.0,0.0,0.0,0.7519685039370079,0.01,0
0.0,1.0,1.0,1.0,1.0,1
0.0,0.0,0.0,1.0,1.0,0
1.0,0.0058823529411764705,0.0058823529411764705,0.03543307086614173,0.1,0
0.0,0.0,0.0,1.0,0.0,0
1.0,0.03529411764705882,0.13333333333333333,1.0,0.0,0
0.0,1.0,1.0,1.0,1.0,1
1.0,0.0,0.0058823529411764705,0.01968503937007874,0.17,0
1.0,0.025490196078431372,0.025490196078431372,0.23622047244094488,0.64,0
1.0,0.03137254901960784,0.03137254901960784,1.0,0.0,0
0.0,0.0,0.0,1.0,1.0,0
1.0,0.00980392156862745,0.00980392156862745,0.08267716535433071,0.05,0
1.0,0.027450980392156862,0.027450980392156862,0.43700787401574803,0.01,0
1.0,0.0,0.0,0.5393700787401575,0.01,0
1.0,0.0,0.0,0.3031496062992126,0.01,0
1.0,0.045098039215686274,0.045098039215686274,1.0,0.0,0
1.0,0.00784313725490196,0.00784313725490196,0.16141732283464566,0.02,0
1.0,0.00196078431372549,0.00196078431372549,1.0,0.0,0
1.0,0.0196078431372549,0.0196078431372549,0.11023622047244094,0.03,0
1.0,0.0,0.0,1.0,0.0,0
1.0,0.0196078431372549,0.0196078431372549,0.03937007874015748,0.09,0
0.0,0.00392156862745098,0.00392156862745098,1.0,0.08,0
0.0,1.0,1.0,1.0,1.0,1
0.0,0.0,0.0,0.051181102362204724,0.07,0
1.0,0.050980392156862744,0.058823529411764705,1.0,0.0,0
0.0,0.0,0.0,1.0,0.01,0
1.0,0.0,0.00196078431372549,0.4330708661417323,0.01,0
1.0,0.03725490196078431,0.03725490196078431,0.23228346456692914,0.02,0
1.0,0.041176470588235294,0.047058823529411764,0.23228346456692914,0.02,0
1.0,0.0058823529411764705,0.0058823529411764705,0.31496062992125984,0.01,0
1.0,0.013725490196078431,0.013725490196078431,1.0,0.0,0
1.0,0.021568627450980392,0.021568627450980392,0.30708661417322836,0.01,0
0.0,0.00196078431372549,0.00196078431372549,1.0,0.01,0
1.0,0.041176470588235294,0.050980392156862744,1.0,0.0,0
1.0,0.029411764705882353,0.041176470588235294,0.05905511811023622,0.06,0
0.0,0.0,0.0,0.015748031496062992,0.2,0
1.0,0.00196078431372549,0.00196078431372549,0.3661417322834646,0.48,0
0.0,0.0,0.013725490196078431,0.031496062992125984,0.11,0
0.0,0.0,0.0,0.007874015748031496,0.33,0
1.0,0.0,0.01764705882352941,0.011811023622047244,0.25,0
1.0,0.013725490196078431,0.06666666666666667,1.0,0.0,0
1.0,0.00980392156862745,0.00980392156862745,0.5,0.01,0
0.0,0.00784313725490196,0.0058823529411764705,0.33858267716535434,0.15,0
1.0,0.0392156862745098,0.047058823529411764,1.0,0.0,0
1.0,0.027450980392156862,0.03529411764705882,0.05511811023622047,0.07,0
0.0,0.0,0.0,1.0,0.0,0
1.0,0.00784313725490196,0.00784313725490196,0.7952755905511811,0.0,0
1.0,0.013725490196078431,0.013725490196078431,0.38976377952755903,0.01,0
0.0,0.0,0.0,1.0,0.0,0
0.0,0.0,0.0,1.0,0.79,0
0.0,1.0,1.0,1.0,1.0,1
0.0,0.5862745098039216,0.03725490196078431,1.0,0.0,1
1.0,0.0,0.00196078431372549,0.9409448818897638,0.0,0
0.0,0.0,0.00392156862745098,1.0,0.0,0
0.0,0.00196078431372549,0.00196078431372549,1.0,0.01,0
0.0,0.0,0.0058823529411764705,0.5708661417322834,0.2,0
1.0,0.00392156862745098,0.00392156862745098,0.051181102362204724,0.64,0
0.0,0.0,0.0,1.0,0.0,0
1.0,0.0196078431372549,0.0196078431372549,0.6929133858267716,0.32,0
1.0,0.0,0.0,0.047244094488188976,0.08,0
1.0,0.0,0.0,0.3700787401574803,0.01,0
1.0,0.013725490196078431,0.029411764705882353,0.49606299212598426,0.01,0
1.0,0.021568627450980392,0.021568627450980392,1.0,0.0,0
1.0,0.0,0.0,0.11811023622047244,0.03,0
0.0,0.0196078431372549,0.0196078431372549,0.17716535433070865,0.5,0
1.0,0.07058823529411765,0.07058823529411765,1.0,0.0,0
1.0,0.047058823529411764,0.06666666666666667,0.09448818897637795,0.04,0
0.0,1.0,1.0,1.0,1.0,1
1.0,0.07254901960784314,0.07254901960784314,1.0,0.0,0
0.0,1.0,1.0,1.0,1.0,1
1.0,0.023529411764705882,0.023529411764705882,1.0,0.0,0
0.0,0.0058823529411764705,0.00196078431372549,1.0,0.97,0
1.0,0.00980392156862745,0.023529411764705882,0.2677165354330709,0.01,0
0.0,0.0,0.0,1.0,0.0,0
1.0,0.00196078431372549,0.00196078431372549,0.23228346456692914,0.02,0
1.0,0.00980392156862745,0.054901960784313725,1.0,0.0,0
1.0,0.0,0.0,1.0,0.19,0
1.0,0.0392156862745098,0.045098039215686274,1.0,0.0,0
0.0,0.00392156862745098,0.0,1.0,0.94,0
1.0,0.00392156862745098,0.00392156862745098,1.0,0.0,0
1.0,0.0,0.00196078431372549,0.2874015748031496,0.01,0
1.0,0.00196078431372549,0.00196078431372549,0.13385826771653545,0.03,0
1.0,0.0,0.0,0.023622047244094488,0.14,0
1.0,0.00196078431372549,0.00196078431372549,0.003937007874015748,0.5,0
0.0,1.0,1.0,1.0,1.0,1
0.0,1.0,1.0,1.0,1.0,1
1.0,0.021568627450980392,0.021568627450980392,0.04330708661417323,0.08,0
1.0,0.029411764705882353,0.03137254901960784,0.19291338582677164,0.02,0
0.0,1.0,1.0,1.0,1.0,1
0.0,1.0,1.0,1.0,1.0,1
0.0,0.0,0.0,1.0,0.89,0
1.0,0.01764705882352941,0.01764705882352941,0.6181102362204725,0.01,0
1.0,0.0196078431372549,0.027450980392156862,1.0,0.0,0
1.0,0.011764705882352941,0.03529411764705882,0.023622047244094488,0.14,0
1.0,0.023529411764705882,0.050980392156862744,0.2637795275590551,0.01,0
1.0,0.00784313725490196,0.00784313725490196,0.1062992125984252,0.04,0
1.0,0.01568627450980392,0.01568627450980392,0.6614173228346457,0.01,0
0.0,0.0,0.0,1.0,0.92,0
1.0,0.00392156862745098,0.00392156862745098,1.0,0.0,0
1.0,0.00980392156862745,0.00980392156862745,1.0,0.0,0
1.0,0.023529411764705882,0.03137254901960784,0.2677165354330709,0.01,0
1.0,0.0,0.0,0.6181102362204725,0.01,0
1.0,0.0058823529411764705,0.00784313725490196,0.027559055118110236,0.12,0
0.0,0.0,0.00196078431372549,0.027559055118110236,0.12,0
0.0,0.01764705882352941,0.029411764705882353,1.0,0.0,0
0.0,0.0,0.0,1.0,0.79,0
0.0,0.00784313725490196,0.0058823529411764705,1.0,0.11,0
0.0,1.0,1.0,1.0,1.0,1
1.0,0.0196078431372549,0.0196078431372549,1.0,0.0,0
0.0,0.0,0.0,1.0,0.0,0
1.0,0.0,0.0,0.047244094488188976,0.08,0
1.0,0.052941176470588235,0.052941176470588235,1.0,0.0,0
0.0,1.0,1.0,1.0,1.0,1
0.0,0.00392156862745098,0.0,1.0,0.99,0
0.0,0.5313725490196078,0.045098039215686274,1.0,0.0,1
0.0,0.0058823529411764705,0.00392156862745098,1.0,0.21,0
1.0,0.011764705882352941,0.011764705882352941,0.1220472440944882,0.03,0
0.0,0.00196078431372549,0.00196078431372549,1.0,1.0,0
1.0,0.0058823529411764705,0.011764705882352941,1.0,0.0,0
1.0,0.0058823529411764705,0.023529411764705882,0.4448818897637795,0.01,0
0.0,0.0,0.0058823529411764705,1.0,0.0,0
1.0,0.00392156862745098,0.0,0.1732283464566929,0.11,0
1.0,0.013725490196078431,0.06862745098039216,0.6456692913385826,0.01,0
0.0,0.0,0.0,1.0,0.86,0
0.0,0.0,0.0,0.8582677165354331,0.14,0
1.0,0.0058823529411764705,0.03137254901960784,1.0,0.0,0
1.0,0.08431372549019608,0.08431372549019608,0.35826771653543305,0.01,0
1.0,0.0196078431372549,0.0196078431372549,0.19291338582677164,0.02,0
0.0,0.0,0.0,0.29133858267716534,0.01,0
1.0,0.00392156862745098,0.00392156862745098,0.9291338582677166,0.0,0
1.0,0.049019607843137254,0.049019607843137254,1.0,0.0,0
0.0,0.00196078431372549,0.00196078431372549,1.0,0.98,0
1.0,0.0,0.0,0.36220472440944884,0.01,0
0.0,1.0,1.0,1.0,1.0,1
1.0,0.0,0.0,1.0,0.0,0
0.0,0.00784313725490196,0.0,1.0,1.0,0
1.0,0.0,0.0,0.3228346456692913,0.01,0
1.0,0.0,0.0,0.42913385826771655,0.01,0
1.0,0.0,0.00980392156862745,0.07086614173228346,0.05,0
0.0,0.2568627450980392,0.01568627450980392,1.0,0.0,1
1.0,0.0,0.0,0.003937007874015748,0.5,0
0.0,0.0,0.0,0.15354330708661418,0.03,0
0.0,0.0,0.0,1.0,0.99,0
0.0,1.0,1.0,1.0,1.0,1
1.0,0.00980392156862745,0.011764705882352941,1.0,0.0,0
1.0,0.0,0.0,0.452755905511811,0.01,0
1.0,0.0,0.0,0.35039370078740156,0.01,0
1.0,0.00196078431372549,0.0058823529411764705,1.0,0.0,0
1.0,0.09803921568627451,0.09803921568627451,0.7913385826771654,0.0,0
1.0,0.03137254901960784,0.03137254901960784,0.1732283464566929,0.02,0
0.0,0.0,0.0,0.07874015748031496,0.05,0
1.0,0.0196078431372549,0.029411764705882353,0.2283464566929134,0.02,0
0.0,0.0,0.0,0.003937007874015748,1.0,0
1.0,0.041176470588235294,0.041176470588235294,1.0,0.0,0
1.0,0.011764705882352941,0.011764705882352941,0.984251968503937,0.26,0
0.0,0.0,0.0,0.3110236220472441,0.01,0
1.0,0.00784313725490196,0.00784313725490196,0.015748031496062992,0.2,0
1.0,0.041176470588235294,0.041176470588235294,0.4330708661417323,0.01,0
0.0,0.0,0.0,0.003937007874015748,0.5,0
1.0,0.01764705882352941,0.021568627450980392,0.5078740157480315,0.01,0
1.0,0.00196078431372549,0.07058823529411765,0.3700787401574803,0.01,0
0.0,1.0,1.0,1.0,1.0,1
1.0,0.023529411764705882,0.025490196078431372,1.0,0.0,0
0.0,0.0,0.0,0.003937007874015748,0.5,0
1.0,0.045098039215686274,0.045098039215686274,1.0,0.0,0
1.0,0.021568627450980392,0.0784313725490196,1.0,0.0,0
0.0,0.00196078431372549,0.00196078431372549,1.0,0.01,0
1.0,0.00784313725490196,0.00980392156862745,0.4251968503937008,0.01,0
1.0,0.058823529411764705,0.058823529411764705,1.0,0.0,0
1.0,0.0,0.0,0.0,1.0,0
0.0,0.0,0.0,1.0,0.0,0
0.0,0.0058823529411764705,0.00196078431372549,1.0,1.0,0
0.0,0.0,0.0,0.007874015748031496,0.33,0
0.0,0.0,0.0,1.0,0.0,0
1.0,0.0,0.0,0.49606299212598426,0.01,0
1.0,0.054901960784313725,0.054901960784313725,0.9291338582677166,0.0,0
0.0,0.0,0.0,0.007874015748031496,0.33,0
1.0,0.03137254901960784,0.052941176470588235,1.0,0.0,0
0.0,0.0,0.0,0.023622047244094488,0.14,0
1.0,0.00196078431372549,0.00196078431372549,1.0,0.0,0
0.0,1.0,1.0,1.0,1.0,1
1.0,0.0,0.0,0.007874015748031496,0.33,0
0.0,1.0,1.0,1.0,1.0,1
1.0,0.00980392156862745,0.00980392156862745,0.07086614173228346,0.58,0
1.0,0.00392156862745098,0.00392156862745098,0.007874015748031496,0.33,0
1.0,0.0,0.00392156862745098,0.4645669291338583,0.22,0
1.0,0.00196078431372549,0.00196078431372549,0.003937007874015748,0.5,0
0.0,0.0,0.0,1.0,0.99,0
0.0,0.0,0.0,0.21653543307086615,0.02,0
1.0,0.00784313725490196,0.08235294117647059,0.12992125984251968,0.03,0
1.0,0.00392156862745098,0.0058823529411764705,0.5354330708661418,0.01,0
0.0,0.0,0.0,1.0,0.98,0
1.0,0.0,0.0,0.11023622047244094,0.03,0
1.0,0.056862745098039215,0.06666666666666667,1.0,0.0,0
0.0,0.00196078431372549,0.00392156862745098,1.0,0.01,0
1.0,0.029411764705882353,0.029411764705882353,1.0,0.0,0
1.0,0.023529411764705882,0.023529411764705882,1.0,0.0,0
1.0,0.0,0.0,0.023622047244094488,0.14,0
0.0,0.0,0.0,1.0,0.0,0
1.0,0.0,0.00784313725490196,0.30708661417322836,0.01,0
1.0,0.00196078431372549,0.03137254901960784,0.011811023622047244,0.25,0
1.0,0.01568627450980392,0.01568627450980392,0.0984251968503937,0.58,0
1.0,0.01764705882352941,0.01764705882352941,0.2204724409448819,0.02,0
1.0,0.0,0.00392156862745098,0.25984251968503935,0.01,0
0.0,0.41568627450980394,0.01568627450980392,1.0,0.0,1
1.0,0.03137254901960784,0.10196078431372549,0.6771653543307087,0.01,0
1.0,0.023529411764705882,0.021568627450980392,0.8622047244094488,0.22,0
1.0,0.0,0.0,0.5118110236220472,0.01,0
1.0,0.013725490196078431,0.013725490196078431,1.0,0.0,0
1.0,0.00196078431372549,0.00196078431372549,0.5669291338582677,0.37,0
1.0,0.00196078431372549,0.00196078431372549,0.2795275590551181,0.01,0
1.0,0.03333333333333333,0.0392156862745098,1.0,0.01,0
1.0,0.011764705882352941,0.011764705882352941,0.8149606299212598,0.0,0
1.0,0.029411764705882353,0.041176470588235294,0.7440944881889764,0.01,0
0.0,0.0,0.0,1.0,1.0,0
1.0,0.023529411764705882,0.023529411764705882,0.38188976377952755,0.01,0
0.0,0.0,0.0,1.0,0.01,0
1.0,0.027450980392156862,0.027450980392156862,1.0,0.0,0
1.0,0.00784313725490196,0.021568627450980392,0.7047244094488189,0.01,0
1.0,0.0,0.0,0.015748031496062992,0.2,0
0.0,1.0,1.0,1.0,1.0,1
1.0,0.0,0.00196078431372549,0.35039370078740156,0.01,0
0.0,1.0,1.0,1.0,1.0,1
1.0,0.023529411764705882,0.023529411764705882,0.5433070866141733,0.17,0
1.0,0.011764705882352941,0.011764705882352941,0.07480314960629922,0.05,0
0.0,0.0,0.00196078431372549,1.0,0.0,0
0.0,0.00196078431372549,0.00392156862745098,1.0,0.0,0
0.0,0.00196078431372549,0.00196078431372549,1.0,0.01,0
0.0,0.00784313725490196,0.0,1.0,1.0,0
1.0,0.00784313725490196,0.011764705882352941,0.15354330708661418,0.03,0
0.0,0.0,0.0,1.0,0.99,0
1.0,0.023529411764705882,0.029411764705882353,1.0,0.0,0
1.0,0.00980392156862745,0.013725490196078431,1.0,0.0,0
0.0,0.0,0.00196078431372549,0.17716535433070865,0.02,0
0.0,1.0,1.0,1.0,1.0,1
1.0,0.01568627450980392,0.01568627450980392,1.0,0.0,0
0.0,0.0,0.0,1.0,0.91,0
1.0,0.027450980392156862,0.050980392156862744,0.7125984251968503,0.01,0
0.0,0.0,0.0,1.0,0.96,0
1.0,0.0,0.00196078431372549,1.0,0.0,0
1.0,0.027450980392156862,0.027450980392156862,0.13385826771653545,0.03,0
1.0,0.056862745098039215,0.056862745098039215,1.0,0.0,0
1.0,0.00196078431372549,0.00196078431372549,0.5748031496062992,0.01,0
0.0,0.03725490196078431,0.07647058823529412,1.0,0.0,0
1.0,0.025490196078431372,0.03137254901960784,0.05511811023622047,0.07,0
1.0,0.0,0.021568627450980392,0.003937007874015748,0.5,0
0.0,0.0,0.0,1.0,0.0,0
1.0,0.00392156862745098,0.0058823529411764705,0.07086614173228346,0.05,0
0.0,0.0,0.00196078431372549,0.1141732283464567,0.03,0
1.0,0.0,0.0,1.0,0.0,0
1.0,0.0058823529411764705,0.021568627450980392,0.9724409448818898,0.0,0
1.0,0.058823529411764705,0.058823529411764705,1.0,0.0,0
1.0,0.0058823529411764705,0.00784313725490196,0.7362204724409449,0.01,0
0.0,0.00196078431372549,0.00784313725490196,0.7677165354330708,0.1,0
0.0,0.00980392156862745,0.01568627450980392,1.0,0.0,0
0.0,0.0,0.0,0.003937007874015748,0.5,0
0.0,0.00196078431372549,0.00196078431372549,1.0,0.01,0
1.0,0.0,0.0,0.1889763779527559,0.02,0
0.0,0.0,0.0,1.0,0.96,0
1.0,0.00196078431372549,0.027450980392156862,0.011811023622047244,0.25,0
0.0,1.0,1.0,1.0,1.0,1
1.0,0.0196078431372549,0.0196078431372549,0.0984251968503937,0.65,0
1.0,0.0058823529411764705,0.0058823529411764705,1.0,0.0,0
1.0,0.00392156862745098,0.00392156862745098,0.11023622047244094,0.03,0
1.0,0.01568627450980392,0.01568627450980392,1.0,0.0,0
1.0,0.01568627450980392,0.0196078431372549,0.3700787401574803,0.01,0
0.0,0.0,0.0,1.0,0.0,0
0.0,0.0,0.0,1.0,0.95,0
1.0,0.049019607843137254,0.049019607843137254,0.0984251968503937,0.04,0
1.0,0.00980392156862745,0.00980392156862745,0.05905511811023622,0.06,0
0.0,0.047058823529411764,0.20588235294117646,1.0,0.0,0
1.0,0.01568627450980392,0.01568627450980392,0.39763779527559057,0.01,0
0.0,0.4392156862745098,0.023529411764705882,1.0,0.0,1
1.0,0.011764705882352941,0.011764705882352941,0.6929133858267716,0.01,0
0.0,0.0,0.0,0.01968503937007874,0.17,0
1.0,0.0,0.00196078431372549,0.20866141732283464,0.02,0
0.0,0.0,0.0,1.0,0.0,0
0.0,0.0,0.0,0.003937007874015748,0.5,0
1.0,0.01568627450980392,0.01568627450980392,0.08267716535433071,0.05,0
1.0,0.06470588235294118,0.06470588235294118,0.5708661417322834,0.01,0
0.0,0.0,0.0,1.0,0.0,0
0.0,0.0,0.0,1.0,1.0,0
0.0,0.0,0.0,1.0,0.0,0
0.0,0.0,0.0,0.07086614173228346,0.05,0
1.0,0.021568627450980392,0.023529411764705882,1.0,0.0,0
0.0,0.0,0.0,1.0,1.0,0
1.0,0.0,0.0,0.2204724409448819,0.02,0
0.0,1.0,1.0,1.0,1.0,1
0.0,0.00196078431372549,0.00196078431372549,1.0,0.01,0
1.0,0.01568627450980392,0.023529411764705882,0.1732283464566929,0.02,0
1.0,0.056862745098039215,0.056862745098039215,1.0,0.0,0
0.0,0.0,0.0,0.7086614173228346,0.01,0
1.0,0.00196078431372549,0.00196078431372549,0.49606299212598426,0.36,0
0.0,1.0,1.0,1.0,1.0,1
1.0,0.07647058823529412,0.07647058823529412,1.0,0.0,0
0.0,0.0,0.0,1.0,1.0,0
0.0,0.9333333333333333,0.9333333333333333,1.0,1.0,1
1.0,0.00196078431372549,0.00196078431372549,0.003937007874015748,0.5,0
1.0,0.01568627450980392,0.027450980392156862,0.031496062992125984,0.11,0
0.0,0.00784313725490196,0.0058823529411764705,0.08661417322834646,0.7,0
1.0,0.00784313725490196,0.00784313725490196,1.0,0.0,0
1.0,0.021568627450980392,0.021568627450980392,1.0,0.0,0
1.0,0.0,0.0,0.03543307086614173,0.1,0
0.0,0.13333333333333333,0.2901960784313726,1.0,0.0,0
1.0,0.0,0.01568627450980392,0.1732283464566929,0.02,0
1.0,0.0,0.0,0.4015748031496063,0.24,0
1.0,0.01764705882352941,0.01764705882352941,0.1062992125984252,0.04,0
1.0,0.01568627450980392,0.01568627450980392,1.0,0.0,0
1.0,0.0,0.0,0.1062992125984252,0.04,0
0.0,0.0,0.0,0.9803149606299213,0.0,0
1.0,0.025490196078431372,0.056862745098039215,0.0984251968503937,0.04,0
0.0,1.0,1.0,1.0,1.0,1
1.0,0.00980392156862745,0.00980392156862745,0.3188976377952756,0.01,0
0.0,0.0,0.0,1.0,0.0,0
0.0,0.0,0.0,1.0,0.0,0
1.0,0.0058823529411764705,0.011764705882352941,0.32677165354330706,0.01,0
0.0,0.0058823529411764705,0.00196078431372549,1.0,0.07,0
1.0,0.013725490196078431,0.03725490196078431,0.8228346456692913,0.01,0
1.0,0.0058823529411764705,0.0058823529411764705,0.8622047244094488,0.0,0
1.0,0.025490196078431372,0.041176470588235294,0.547244094488189,0.01,0
0.0,0.0,0.0,1.0,1.0,0
0.0,1.0,1.0,1.0,1.0,1
1.0,0.01568627450980392,0.01568627450980392,0.28346456692913385,0.01,0
1.0,0.00196078431372549,0.00980392156862745,0.015748031496062992,0.2,0
0.0,0.00196078431372549,0.0058823529411764705,0.8818897637795275,0.01,0
1.0,0.01568627450980392,0.01568627450980392,0.11023622047244094,0.03,0
0.0,1.0,1.0,1.0,1.0,1
1.0,0.00784313725490196,0.00784313725490196,0.2559055118110236,0.02,0
1.0,0.060784313725490195,0.10588235294117647,1.0,0.0,0
1.0,0.0,0.0,1.0,0.0,0
0.0,0.0,0.0,1.0,0.74,0
0.0,0.0,0.0,1.0,0.0,0
1.0,0.021568627450980392,0.03725490196078431,1.0,0.0,0
0.0,0.0,0.0,1.0,0.99,0
0.0,1.0,1.0,1.0,1.0,1
0.0,0.0,0.0,1.0,1.0,0
0.0,1.0,1.0,1.0,1.0,1
1.0,0.00196078431372549,0.00196078431372549,1.0,0.0,0
1.0,0.0196078431372549,0.0196078431372549,0.1062992125984252,0.04,0
1.0,0.011764705882352941,0.0784313725490196,0.4881889763779528,0.02,0
1.0,0.03333333333333333,0.03333333333333333,0.16929133858267717,0.02,0
1.0,0.0,0.0,1.0,0.0,0
0.0,0.00196078431372549,0.00196078431372549,1.0,0.12,0
0.0,1.0,1.0,1.0,1.0,1
0.0,1.0,1.0,1.0,1.0,1
1.0,0.0,0.049019607843137254,0.023622047244094488,0.14,0
1.0,0.00196078431372549,0.00196078431372549,0.1732283464566929,0.4,0
1.0,0.0,0.00196078431372549,0.2637795275590551,0.01,0
0.0,0.996078431372549,0.0,1.0,0.0,1
1.0,0.047058823529411764,0.047058823529411764,0.4763779527559055,0.01,0
1.0,0.0,0.0,0.905511811023622,0.0,0
1.0,0.0,0.0,0.23228346456692914,0.02,0
1.0,0.0,0.0,0.8307086614173228,0.24,0
1.0,0.00980392156862745,0.00980392156862745,1.0,0.0,0
1.0,0.00392156862745098,0.03725490196078431,0.9330708661417323,0.0,0
1.0,0.0392156862745098,0.0392156862745098,0.07874015748031496,0.05,0
1.0,0.06862745098039216,0.06862745098039216,0.1377952755905512,0.03,0
1.0,0.0,0.0,1.0,0.0,0
1.0,0.054901960784313725,0.054901960784313725,1.0,0.0,0
1.0,0.00196078431372549,0.00196078431372549,1.0,0.0,0
1.0,0.03137254901960784,0.045098039215686274,1.0,0.0,0
1.0,0.0196078431372549,0.047058823529411764,0.7952755905511811,0.0,0
1.0,0.00196078431372549,0.03333333333333333,0.011811023622047244,0.25,0
0.0,0.4745098039215686,0.027450980392156862,1.0,0.0,1
0.0,0.4803921568627451,0.4803921568627451,1.0,0.0,0
1.0,0.0,0.0,1.0,0.01,0
1.0,0.00392156862745098,0.00392156862745098,1.0,0.0,0
1.0,0.00784313725490196,0.00784313725490196,1.0,0.0,0
1.0,0.00784313725490196,0.00980392156862745,0.015748031496062992,0.2,0
1.0,0.01568627450980392,0.058823529411764705,0.031496062992125984,0.11,0
1.0,0.054901960784313725,0.054901960784313725,1.0,0.0,0
0.0,0.00196078431372549,0.00196078431372549,1.0,1.0,0
0.0,0.0,0.0,0.007874015748031496,0.33,0
1.0,0.050980392156862744,0.050980392156862744,1.0,0.0,0
1.0,0.10392156862745099,0.10392156862745099,0.5354330708661418,0.01,0
1.0,0.0,0.0,0.13385826771653545,0.03,0
1.0,0.023529411764705882,0.0392156862745098,0.16929133858267717,0.02,0
1.0,0.00392156862745098,0.011764705882352941,1.0,0.0,0
1.0,0.0058823529411764705,0.0058823529411764705,0.8818897637795275,0.29,0
0.0,0.0,0.0,1.0,0.0,0
0.0,0.00196078431372549,0.00392156862745098,1.0,0.0,0
1.0,0.0196078431372549,0.060784313725490195,1.0,0.0,0
0.0,0.8588235294117647,0.8588235294117647,1.0,1.0,1
0.0,0.0,0.00196078431372549,0.0,1.0,0
1.0,0.027450980392156862,0.027450980392156862,1.0,0.0,0
0.0,0.0,0.0,0.007874015748031496,0.33,0
0.0,0.0,0.0,1.0,0.0,0
1.0,0.023529411764705882,0.027450980392156862,0.10236220472440945,0.04,0
1.0,0.0,0.0,0.16141732283464566,0.02,0
1.0,0.023529411764705882,0.025490196078431372,0.047244094488188976,0.08,0
1.0,0.00196078431372549,0.00980392156862745,1.0,0.0,0
0.0,1.0,1.0,1.0,1.0,1
0.0,1.0,1.0,1.0,1.0,1
0.0,0.5274509803921569,0.00980392156862745,1.0,0.0,1
0.0,0.0,0.0,1.0,0.0,0
1.0,0.043137254901960784,0.043137254901960784,1.0,0.0,0
1.0,0.01568627450980392,0.03725490196078431,0.27165354330708663,0.01,0
1.0,0.00980392156862745,0.00980392156862745,1.0,0.0,0
1.0,0.00196078431372549,0.00196078431372549,1.0,0.0,0
1.0,0.01764705882352941,0.025490196078431372,0.6692913385826772,0.01,0
1.0,0.0,0.0,1.0,0.0,0
1.0,0.03137254901960784,0.03725490196078431,1.0,0.0,0
0.0,0.00196078431372549,0.00196078431372549,1.0,1.0,0
0.0,1.0,1.0,1.0,1.0,1
1.0,0.0196078431372549,0.0196078431372549,0.3110236220472441,0.01,0
0.0,1.0,1.0,1.0,1.0,1
1.0,0.00196078431372549,0.00392156862745098,0.25984251968503935,0.01,0
0.0,0.0,0.0,1.0,0.98,0
1.0,0.013725490196078431,0.013725490196078431,0.18503937007874016,0.02,0
1.0,0.013725490196078431,0.013725490196078431,0.027559055118110236,0.12,0
0.0,0.00196078431372549,0.00196078431372549,1.0,0.01,0
1.0,0.0,0.0,0.30708661417322836,0.37,0
1.0,0.0,0.0,0.8385826771653543,0.0,0
1.0,0.00980392156862745,0.00980392156862745,0.32677165354330706,0.01,0
0.0,0.9980392156862745,0.9980392156862745,1.0,1.0,1
1.0,0.0,0.050980392156862744,1.0,0.0,0
1.0,0.00196078431372549,0.045098039215686274,1.0,0.0,0
0.0,0.0,0.0,1.0,1.0,0
1.0,0.00392156862745098,0.00392156862745098,0.11811023622047244,0.03,0
1.0,0.021568627450980392,0.021568627450980392,1.0,0.0,0
1.0,0.0,0.0,1.0,0.0,0
1.0,0.0,0.0,0.3543307086614173,0.55,0
1.0,0.0196078431372549,0.0196078431372549,1.0,0.0,0
0.0,0.013725490196078431,0.013725490196078431,0.905511811023622,0.33,0
0.0,1.0,1.0,1.0,1.0,1
0.0,0.0058823529411764705,0.00196078431372549,1.0,0.99,0
1.0,0.01568627450980392,0.01568627450980392,0.18503937007874016,0.02,0
0.0,1.0,1.0,1.0,1.0,1
1.0,0.01568627450980392,0.03333333333333333,0.031496062992125984,0.11,0
1.0,0.011764705882352941,0.06862745098039216,1.0,0.0,0
0.0,0.0,0.0,0.07086614173228346,0.05,0
1.0,0.050980392156862744,0.050980392156862744,1.0,0.01,0
1.0,0.00784313725490196,0.06666666666666667,1.0,0.0,0
1.0,0.041176470588235294,0.043137254901960784,0.08267716535433071,0.05,0
0.0,0.0,0.0,1.0,1.0,0
0.0,1.0,1.0,1.0,1.0,1
1.0,0.0196078431372549,0.0196078431372549,1.0,0.0,0
1.0,0.01764705882352941,0.023529411764705882,0.03937007874015748,0.09,0
1.0,0.00784313725490196,0.00784313725490196,1.0,0.32,0
0.0,0.14901960784313725,0.3058823529411765,1.0,0.0,0
1.0,0.01764705882352941,0.01764705882352941,0.9291338582677166,0.0,0
1.0,0.00784313725490196,0.0196078431372549,1.0,0.0,0
0.0,1.0,1.0,1.0,1.0,1
1.0,0.0,0.01764705882352941,0.027559055118110236,0.12,0
1.0,0.00784313725490196,0.00784313725490196,0.6535433070866141,0.01,0
1.0,0.00196078431372549,0.00196078431372549,0.27165354330708663,0.01,0
1.0,0.01568627450980392,0.01568627450980392,1.0,0.0,0
0.0,0.9980392156862745,0.9980392156862745,1.0,1.0,1
1.0,0.00784313725490196,0.00784313725490196,0.015748031496062992,0.2,0
1.0,0.00196078431372549,0.00196078431372549,1.0,0.0,0
0.0,0.0,0.00196078431372549,0.2952755905511811,0.01,0
1.0,0.0,0.0,0.31496062992125984,0.01,0
0.0,1.0,1.0,1.0,1.0,1
0.0,0.00196078431372549,0.013725490196078431,1.0,0.01,0
0.0,0.9941176470588236,0.9941176470588236,1.0,1.0,1
1.0,0.0,0.0,1.0,0.01,0
1.0,0.011764705882352941,0.027450980392156862,0.023622047244094488,0.14,0
0.0,0.0,0.0,0.0,1.0,0
1.0,0.01764705882352941,0.01764705882352941,1.0,0.0,0
1.0,0.00392156862745098,0.00392156862745098,0.03937007874015748,0.82,0
0.0,0.0,0.0,1.0,0.01,0
0.0,0.0,0.00196078431372549,0.0,1.0,0
0.0,0.0,0.0,0.031496062992125984,0.11,0
1.0,0.00196078431372549,0.0,0.7125984251968503,0.01,0
0.0,0.0,0.0,0.4645669291338583,0.01,0
0.0,0.0,0.0058823529411764705,1.0,0.01,0
1.0,0.0,0.0,1.0,0.0,0
1.0,0.0,0.0,0.0,1.0,0
1.0,0.0058823529411764705,0.00784313725490196,0.7559055118110236,0.01,0
1.0,0.0,0.0,1.0,0.0,0
1.0,0.0,0.0,0.7834645669291339,0.0,0
1.0,0.00392156862745098,0.0058823529411764705,1.0,0.0,0
1.0,0.01764705882352941,0.049019607843137254,1.0,0.0,0
1.0,0.0,0.00196078431372549,0.4448818897637795,0.01,0
1.0,0.0,0.00196078431372549,1.0,0.0,0
1.0,0.01568627450980392,0.01568627450980392,0.9763779527559056,0.39,0
1.0,0.025490196078431372,0.027450980392156862,1.0,0.0,0
0.0,0.996078431372549,0.996078431372549,1.0,1.0,1
0.0,1.0,1.0,1.0,1.0,1
1.0,0.01568627450980392,0.01568627450980392,0.3188976377952756,0.18,0
1.0,0.041176470588235294,0.041176470588235294,1.0,0.0,0
1.0,0.0,0.03725490196078431,0.22440944881889763,0.02,0
1.0,0.00392156862745098,0.00392156862745098,0.30708661417322836,0.01,0
1.0,0.0,0.0,0.20078740157480315,0.02,0
1.0,0.0,0.00196078431372549,0.7913385826771654,0.0,0
0.0,0.0196078431372549,0.17647058823529413,0.8346456692913385,0.0,0
1.0,0.021568627450980392,0.0392156862745098,1.0,0.0,0
1.0,0.021568627450980392,0.023529411764705882,1.0,0.0,0
1.0,0.0196078431372549,0.0196078431372549,1.0,0.0,0
0.0,0.0,0.0,1.0,0.78,0
1.0,0.00196078431372549,0.00196078431372549,0.5236220472440944,0.01,0
0.0,0.0,0.0058823529411764705,1.0,0.0,0
0.0,0.12549019607843137,0.2823529411764706,1.0,0.0,0
0.0,0.041176470588235294,0.1980392156862745,1.0,0.0,0
1.0,0.0,0.0,0.3543307086614173,0.01,0
1.0,0.01568627450980392,0.01568627450980392,1.0,0.0,0
1.0,0.0,0.00196078431372549,0.2559055118110236,0.02,0
1.0,0.0,0.0,1.0,0.0,0
1.0,0.01568627450980392,0.01568627450980392,1.0,0.0,0
1.0,0.00196078431372549,0.023529411764705882,0.1141732283464567,0.03,0
0.0,0.0,0.00784313725490196,0.9606299212598425,0.0,0
0.0,0.0,0.0,0.08267716535433071,0.05,0
0.0,1.0,1.0,1.0,1.0,1
1.0,0.0,0.00784313725490196,1.0,0.0,0
1.0,0.0,0.0,0.18503937007874016,0.02,0
0.0,0.9411764705882353,0.9411764705882353,1.0,1.0,0
1.0,0.00392156862745098,0.00392156862745098,0.027559055118110236,0.12,0
1.0,0.023529411764705882,0.023529411764705882,0.047244094488188976,0.08,0
0.0,0.9411764705882353,0.9411764705882353,1.0,1.0,1
0.0,0.0,0.0,1.0,1.0,0
1.0,0.0,0.0,0.0,1.0,0
0.0,0.0,0.0,0.003937007874015748,1.0,0
1.0,0.021568627450980392,0.021568627450980392,1.0,0.0,0
1.0,0.03529411764705882,0.07254901960784314,0.32677165354330706,0.01,0
1.0,0.00392156862745098,0.00392156862745098,0.4094488188976378,0.01,0
1.0,0.0,0.0,0.5748031496062992,0.01,0
1.0,0.0,0.00392156862745098,1.0,0.0,0
0.0,0.0,0.0,0.08267716535433071,0.05,0
1.0,0.0,0.00392156862745098,0.29133858267716534,0.01,0
0.0,0.19411764705882353,0.35490196078431374,1.0,0.01,0
0.0,0.0,0.0,1.0,0.0,0
1.0,0.0,0.0058823529411764705,0.6889763779527559,0.01,0
1.0,0.0,0.0196078431372549,0.051181102362204724,0.07,0
1.0,0.01764705882352941,0.052941176470588235,0.03543307086614173,0.1,0
1.0,0.021568627450980392,0.047058823529411764,0.43700787401574803,0.01,0
0.0,0.0,0.0,1.0,0.72,0
0.0,0.0,0.0,0.15354330708661418,0.03,0
1.0,0.0,0.0,0.011811023622047244,0.25,0
1.0,0.00980392156862745,0.00980392156862745,0.09055118110236221,0.04,0
0.0,1.0,1.0,1.0,1.0,1
1.0,0.0,0.0,0.7204724409448819,0.01,0
1.0,0.00392156862745098,0.00392156862745098,0.41732283464566927,0.01,0
0.0,1.0,1.0,1.0,1.0,1
1.0,0.0196078431372549,0.023529411764705882,1.0,0.0,0
1.0,0.027450980392156862,0.060784313725490195,0.23622047244094488,0.02,0
1.0,0.0,0.0,0.10236220472440945,0.04,0
0.0,0.00196078431372549,0.00196078431372549,1.0,0.01,0
1.0,0.00392156862745098,0.0058823529411764705,0.5511811023622047,0.01,0
0.0,0.0,0.0,1.0,0.01,0
0.0,0.0,0.0,1.0,1.0,0
0.0,0.00196078431372549,0.00196078431372549,1.0,0.01,0
1.0,0.0196078431372549,0.09215686274509804,1.0,0.0,0
0.0,0.0,0.0,1.0,0.0,0
1.0,0.00196078431372549,0.00196078431372549,1.0,0.0,0
0.0,0.5490196078431373,0.025490196078431372,1.0,0.0,1
1.0,0.0,0.0196078431372549,0.015748031496062992,0.2,0
1.0,0.011764705882352941,0.011764705882352941,0.3346456692913386,0.01,0
0.0,0.00392156862745098,0.00784313725490196,1.0,0.0,0
1.0,0.06862745098039216,0.06862745098039216,1.0,0.0,0
1.0,0.023529411764705882,0.06862745098039216,0.6417322834645669,0.01,0
1.0,0.00196078431372549,0.00392156862745098,1.0,0.0,0
1.0,0.0,0.00196078431372549,0.8740157480314961,0.0,0
0.0,0.0,0.0,1.0,0.01,0
0.0,0.0,0.0,1.0,0.89,0
0.0,0.00196078431372549,0.00196078431372549,1.0,0.01,0
1.0,0.00392156862745098,0.0058823529411764705,0.007874015748031496,0.33,0
1.0,0.058823529411764705,0.058823529411764705,0.7874015748031497,0.0,0
1.0,0.00196078431372549,0.00392156862745098,0.484251968503937,0.01,0
1.0,0.011764705882352941,0.013725490196078431,0.07086614173228346,0.05,0
1.0,0.01764705882352941,0.0196078431372549,0.03543307086614173,0.1,0
1.0,0.0,0.00196078431372549,0.11023622047244094,0.03,0
1.0,0.0,0.0058823529411764705,0.32677165354330706,0.01,0
1.0,0.056862745098039215,0.056862745098039215,1.0,0.0,0
0.0,0.2647058823529412,0.027450980392156862,1.0,0.0,1
1.0,0.023529411764705882,0.023529411764705882,1.0,0.0,0
0.0,0.0,0.0,0.06692913385826772,0.06,0
1.0,0.0,0.0,0.12992125984251968,0.03,0
1.0,0.00980392156862745,0.011764705882352941,0.01968503937007874,0.17,0
1.0,0.0,0.0,0.08267716535433071,0.05,0
0.0,1.0,1.0,1.0,1.0,1
1.0,0.0,0.0,0.2283464566929134,0.02,0
1.0,0.0,0.011764705882352941,0.16535433070866143,0.02,0
1.0,0.00392156862745098,0.00392156862745098,0.43700787401574803,0.01,0
1.0,0.021568627450980392,0.021568627450980392,1.0,0.0,0
0.0,1.0,1.0,1.0,1.0,1
1.0,0.043137254901960784,0.043137254901960784,1.0,0.0,0
1.0,0.01568627450980392,0.01568627450980392,0.6417322834645669,0.01,0
1.0,0.013725490196078431,0.01568627450980392,1.0,0.0,0
0.0,0.2725490196078431,0.013725490196078431,1.0,0.0,1
1.0,0.021568627450980392,0.021568627450980392,1.0,0.0,0
1.0,0.0196078431372549,0.0392156862745098,1.0,0.0,0
1.0,0.027450980392156862,0.029411764705882353,1.0,0.0,0
1.0,0.03137254901960784,0.03137254901960784,1.0,0.0,0
0.0,0.0,0.0,1.0,0.0,0
1.0,0.0196078431372549,0.08823529411764706,1.0,0.0,0
1.0,0.0,0.0,0.1062992125984252,0.04,0
1.0,0.00392156862745098,0.00392156862745098,0.9094488188976378,0.0,0
0.0,0.00196078431372549,0.00392156862745098,0.003937007874015748,0.5,0
1.0,0.03137254901960784,0.03137254901960784,1.0,0.0,0
1.0,0.03137254901960784,0.03333333333333333,1.0,0.0,0
1.0,0.03137254901960784,0.041176470588235294,1.0,0.0,0
0.0,0.00196078431372549,0.00196078431372549,1.0,0.01,0
1.0,0.041176470588235294,0.041176470588235294,1.0,0.0,0
0.0,0.00196078431372549,0.00196078431372549,1.0,0.01,0
0.0,0.00196078431372549,0.00196078431372549,1.0,0.01,0
1.0,0.021568627450980392,0.021568627450980392,0.04330708661417323,0.08,0
1.0,0.041176470588235294,0.041176470588235294,0.2755905511811024,0.54,0
1.0,0.00392156862745098,0.0058823529411764705,0.11023622047244094,0.03,0
1.0,0.03529411764705882,0.03529411764705882,1.0,0.0,0
1.0,0.00980392156862745,0.00980392156862745,0.027559055118110236,0.12,0
1.0,0.041176470588235294,0.041176470588235294,0.6023622047244095,0.01,0
1.0,0.013725490196078431,0.013725490196078431,1.0,0.0,0
1.0,0.0,0.00392156862745098,0.7401574803149606,0.01,0
0.0,0.00784313725490196,0.00784313725490196,1.0,0.11,0
1.0,0.00196078431372549,0.00196078431372549,0.023622047244094488,1.0,1
1.0,0.0058823529411764705,0.00784313725490196,0.2047244094488189,0.02,0
0.0,0.0,0.0,0.003937007874015748,0.5,0
1.0,0.011764705882352941,0.011764705882352941,1.0,0.0,0
0.0,0.9352941176470588,0.9352941176470588,1.0,1.0,1
1.0,0.00196078431372549,0.00196078431372549,0.5039370078740157,0.01,0
0.0,0.00196078431372549,0.00196078431372549,1.0,1.0,0
1.0,0.0058823529411764705,0.0058823529411764705,1.0,0.0,0
0.0,0.0,0.0,1.0,1.0,0
0.0,0.0,0.00196078431372549,0.6417322834645669,0.01,0
0.0,0.00196078431372549,0.00196078431372549,1.0,0.01,0
1.0,0.00392156862745098,0.0196078431372549,0.007874015748031496,0.33,0
1.0,0.01764705882352941,0.01764705882352941,1.0,0.0,0
1.0,0.00784313725490196,0.013725490196078431,0.7047244094488189,0.01,0
1.0,0.00392156862745098,0.00392156862745098,0.12992125984251968,0.74,0
1.0,0.00196078431372549,0.00196078431372549,0.7086614173228346,0.33,0
1.0,0.0,0.0,0.49606299212598426,0.01,0
1.0,0.00392156862745098,0.00392156862745098,1.0,0.0,0
0.0,0.0,0.0,1.0,0.01,0
1.0,0.00196078431372549,0.00196078431372549,0.4921259842519685,0.13,0
1.0,0.00196078431372549,0.00196078431372549,0.7283464566929134,0.39,0
1.0,0.056862745098039215,0.056862745098039215,0.6259842519685039,0.01,0
1.0,0.13333333333333333,0.13333333333333333,0.9291338582677166,0.0,0
1.0,0.0058823529411764705,0.0058823529411764705,0.1141732283464567,0.03,0
1.0,0.025490196078431372,0.025490196078431372,1.0,0.0,0
1.0,0.054901960784313725,0.054901960784313725,1.0,0.0,0
1.0,0.011764705882352941,0.0196078431372549,1.0,0.0,0
1.0,0.025490196078431372,0.025490196078431372,0.594488188976378,0.01,0
1.0,0.0,0.00196078431372549,0.38188976377952755,0.01,0
1.0,0.0,0.0,0.047244094488188976,0.08,0
1.0,0.0,0.0,0.5511811023622047,0.01,0
1.0,0.00392156862745098,0.056862745098039215,0.2204724409448819,0.02,0
0.0,0.0,0.0,1.0,0.98,0
1.0,0.0,0.0,0.5196850393700787,0.01,0
0.0,0.0,0.0,1.0,1.0,0
1.0,0.0392156862745098,0.07450980392156863,1.0,0.0,0
0.0,0.0,0.00196078431372549,0.0,1.0,0
1.0,0.01568627450980392,0.021568627450980392,1.0,0.0,0
1.0,0.0,0.00392156862745098,0.12598425196850394,0.03,0
1.0,0.0,0.00392156862745098,0.3543307086614173,0.01,0
1.0,0.0,0.0,1.0,0.0,0
1.0,0.029411764705882353,0.07058823529411765,1.0,0.0,0
1.0,0.0,0.0,0.03937007874015748,0.09,0
0.0,0.2529411764705882,0.2529411764705882,1.0,0.01,0
1.0,0.052941176470588235,0.06470588235294118,1.0,0.0,0
1.0,0.0,0.0,0.0,1.0,0
1.0,0.045098039215686274,0.045098039215686274,1.0,0.0,0
1.0,0.047058823529411764,0.047058823529411764,0.4015748031496063,0.01,0
1.0,0.027450980392156862,0.027450980392156862,0.5905511811023622,0.01,0
1.0,0.050980392156862744,0.050980392156862744,1.0,0.0,0
0.0,0.0,0.0,0.03937007874015748,0.09,0
1.0,0.0058823529411764705,0.045098039215686274,0.06692913385826772,0.06,0
0.0,0.5764705882352941,0.03529411764705882,1.0,0.0,1
1.0,0.041176470588235294,0.043137254901960784,1.0,0.0,0
0.0,1.0,1.0,1.0,1.0,1
1.0,0.0058823529411764705,0.00784313725490196,0.011811023622047244,0.25,0
0.0,0.0,0.0,1.0,0.0,0
1.0,0.00392156862745098,0.00392156862745098,1.0,0.0,0
1.0,0.0,0.0,0.42913385826771655,0.01,0
0.0,0.0,0.0,1.0,0.0,0
0.0,0.5509803921568628,0.5490196078431373,1.0,0.0,0
1.0,0.049019607843137254,0.09019607843137255,1.0,0.0,0
0.0,0.6176470588235294,0.6176470588235294,1.0,0.0,0
0.0,0.03137254901960784,0.03137254901960784,0.33858267716535434,0.38,0
1.0,0.00392156862745098,0.00392156862745098,0.38188976377952755,0.01,0
0.0,0.00196078431372549,0.00196078431372549,1.0,0.01,0
0.0,0.0,0.0,0.05905511811023622,0.06,0
1.0,0.00196078431372549,0.00392156862745098,0.13385826771653545,0.03,0
1.0,0.00196078431372549,0.00196078431372549,0.19291338582677164,0.02,0
1.0,0.041176470588235294,0.041176470588235294,1.0,0.0,0
0.0,0.0,0.0,1.0,0.01,0
1.0,0.00196078431372549,0.0058823529411764705,1.0,0.0,0
1.0,0.01568627450980392,0.0392156862745098,0.1220472440944882,0.03,0
0.0,1.0,1.0,1.0,1.0,1
1.0,0.023529411764705882,0.023529411764705882,0.84251968503937,0.0,0
1.0,0.027450980392156862,0.027450980392156862,0.6732283464566929,0.39,0
0.0,0.0,0.0,0.023622047244094488,0.14,0
1.0,0.0,0.0,0.12598425196850394,0.03,0
0.0,0.0,0.0,1.0,0.01,0
0.0,1.0,1.0,1.0,1.0,1
1.0,0.0,0.00392156862745098,0.905511811023622,0.0,0
0.0,0.0,0.0,1.0,0.0,0
1.0,0.0,0.00196078431372549,0.28346456692913385,0.01,0
0.0,0.44901960784313727,0.00980392156862745,1.0,0.0,1
0.0,0.9980392156862745,0.9980392156862745,1.0,1.0,1
1.0,0.0058823529411764705,0.0058823529411764705,0.12992125984251968,0.03,0
1.0,0.0,0.0,1.0,0.0,0
1.0,0.011764705882352941,0.09411764705882353,1.0,0.0,0
0.0,0.0,0.0,0.0,1.0,0
1.0,0.060784313725490195,0.060784313725490195,1.0,0.0,0
1.0,0.013725490196078431,0.013725490196078431,0.18503937007874016,0.02,0
0.0,0.00196078431372549,0.00196078431372549,1.0,0.85,0
0.0,0.5117647058823529,0.021568627450980392,1.0,0.0,1
1.0,0.023529411764705882,0.025490196078431372,1.0,0.0,0
1.0,0.00392156862745098,0.043137254901960784,1.0,0.0,0
1.0,0.045098039215686274,0.049019607843137254,0.2637795275590551,0.01,0
1.0,0.0,0.0,0.38188976377952755,0.01,0
1.0,0.011764705882352941,0.013725490196078431,0.11811023622047244,0.03,0
1.0,0.00196078431372549,0.00196078431372549,1.0,0.0,1
1.0,0.0,0.0,1.0,0.0,0
0.0,0.0,0.0,0.027559055118110236,0.12,0
1.0,0.052941176470588235,0.054901960784313725,1.0,0.0,0
1.0,0.0,0.0,0.41338582677165353,0.01,0
0.0,0.0,0.0,0.0,1.0,0
1.0,0.0058823529411764705,0.011764705882352941,0.22440944881889763,0.02,0
1.0,0.0,0.0058823529411764705,0.10236220472440945,0.04,0
1.0,0.0,0.00784313725490196,0.4448818897637795,0.01,0
1.0,0.056862745098039215,0.056862745098039215,1.0,0.0,0
1.0,0.013725490196078431,0.013725490196078431,0.13385826771653545,0.03,0
1.0,0.00392156862745098,0.00392156862745098,1.0,0.0,0
1.0,0.03333333333333333,0.03333333333333333,0.06692913385826772,0.06,0
0.0,0.9450980392156862,0.9450980392156862,1.0,1.0,1
1.0,0.047058823529411764,0.049019607843137254,1.0,0.0,0
1.0,0.00196078431372549,0.00196078431372549,0.7125984251968503,0.2,0
0.0,0.0,0.0,0.22440944881889763,0.02,0
1.0,0.029411764705882353,0.054901960784313725,0.7952755905511811,0.0,0
1.0,0.013725490196078431,0.013725490196078431,0.07086614173228346,0.05,0
1.0,0.00392156862745098,0.00392156862745098,0.31496062992125984,0.01,0
1.0,0.0196078431372549,0.0196078431372549,1.0,0.0,0
1.0,0.0,0.0,0.047244094488188976,0.08,0
1.0,0.00784313725490196,0.00784313725490196,0.14173228346456693,0.03,0
0.0,0.0,0.00196078431372549,0.01968503937007874,0.17,0
1.0,0.00392156862745098,0.00392156862745098,0.007874015748031496,0.33,0
0.0,0.9980392156862745,0.9980392156862745,1.0,1.0,1
1.0,0.0,0.00196078431372549,0.06299212598425197,0.06,0
0.0,1.0,1.0,1.0,1.0,1
1.0,0.011764705882352941,0.013725490196078431,1.0,0.0,0
0.0,0.0,0.0,0.011811023622047244,0.25,0
1.0,0.0,0.00196078431372549,0.8031496062992126,0.0,0
1.0,0.0,0.0058823529411764705,0.547244094488189,0.01,0
1.0,0.011764705882352941,0.011764705882352941,1.0,0.0,0
1.0,0.03137254901960784,0.03137254901960784,0.06299212598425197,0.06,0
1.0,0.025490196078431372,0.11960784313725491,0.051181102362204724,0.07,0
1.0,0.03137254901960784,0.03137254901960784,1.0,0.0,0
1.0,0.0196078431372549,0.0196078431372549,1.0,0.0,0
1.0,0.0,0.00196078431372549,0.007874015748031496,0.33,0
1.0,0.0058823529411764705,0.0058823529411764705,0.015748031496062992,0.2,0
1.0,0.0,0.0,0.06299212598425197,0.06,0
1.0,0.00392156862745098,0.00392156862745098,0.2755905511811024,0.01,0
1.0,0.0,0.00392156862745098,0.8779527559055118,0.0,0
1.0,0.0196078431372549,0.0196078431372549,0.22440944881889763,0.02,0
0.0,0.0,0.0,0.0,1.0,0
1.0,0.01568627450980392,0.041176470588235294,1.0,0.0,0
1.0,0.029411764705882353,0.029411764705882353,1.0,0.0,0
1.0,0.01568627450980392,0.01568627450980392,0.15354330708661418,0.03,0
0.0,0.00392156862745098,0.0058823529411764705,1.0,0.0,0
1.0,0.0058823529411764705,0.0058823529411764705,0.41732283464566927,0.01,0
0.0,1.0,1.0,1.0,1.0,1
0.0,1.0,1.0,1.0,1.0,1
0.0,0.0,0.0,1.0,0.0,0
1.0,0.00980392156862745,0.023529411764705882,1.0,0.0,0
0.0,0.00980392156862745,0.01568627450980392,1.0,0.0,0
0.0,0.44509803921568625,0.023529411764705882,1.0,0.0,1
1.0,0.01568627450980392,0.01568627450980392,0.905511811023622,0.0,0
0.0,1.0,1.0,1.0,1.0,1
0.0,0.0,0.0,1.0,1.0,0
1.0,0.01568627450980392,0.03725490196078431,0.047244094488188976,0.08,0
1.0,0.01764705882352941,0.027450980392156862,0.03543307086614173,0.1,0
0.0,1.0,1.0,1.0,1.0,1
1.0,0.00196078431372549,0.00784313725490196,0.36220472440944884,0.01,0
1.0,0.021568627450980392,0.021568627450980392,1.0,0.0,0
0.0,0.00196078431372549,0.00196078431372549,1.0,0.02,0
0.0,0.0,0.00196078431372549,0.0,1.0,0
1.0,0.011764705882352941,0.011764705882352941,0.4409448818897638,0.01,0
1.0,0.03529411764705882,0.03725490196078431,0.8110236220472441,0.0,0
1.0,0.011764705882352941,0.054901960784313725,1.0,0.0,0
0.0,0.0,0.0,0.023622047244094488,0.14,0
0.0,0.025490196078431372,0.025490196078431372,1.0,0.0,0
1.0,0.0058823529411764705,0.0058823529411764705,1.0,0.0,0
1.0,0.0,0.0058823529411764705,0.0,1.0,0
1.0,0.0058823529411764705,0.0058823529411764705,0.3425196850393701,0.25,0
1.0,0.0,0.0,0.2755905511811024,0.01,0
0.0,0.0,0.0,1.0,0.0,0
1.0,0.041176470588235294,0.041176470588235294,0.08267716535433071,0.05,0
1.0,0.08627450980392157,0.14901960784313725,1.0,0.0,0
1.0,0.00980392156862745,0.01764705882352941,0.14566929133858267,0.03,0
0.0,0.0,0.0,1.0,0.68,0
1.0,0.00980392156862745,0.00980392156862745,1.0,0.0,0
1.0,0.027450980392156862,0.027450980392156862,0.20866141732283464,0.02,0
1.0,0.00392156862745098,0.00392156862745098,1.0,0.0,0
0.0,0.0,0.0,1.0,1.0,0
1.0,0.00784313725490196,0.00784313725490196,0.03543307086614173,0.1,0
1.0,0.06274509803921569,0.06862745098039216,1.0,0.0,0
0.0,1.0,1.0,1.0,1.0,1
0.0,0.0,0.0,1.0,0.96,0
1.0,0.0,0.0,0.06299212598425197,0.06,0
1.0,0.0,0.00196078431372549,0.7716535433070866,0.01,0
0.0,0.0,0.0,0.011811023622047244,0.25,0
1.0,0.00392156862745098,0.00392156862745098,0.03543307086614173,0.1,0
0.0,0.0058823529411764705,0.00784313725490196,0.3700787401574803,1.0,0
1.0,0.00392156862745098,0.00392156862745098,0.1377952755905512,0.03,0
0.0,0.0,0.0,1.0,0.0,0
0.0,0.0,0.0,0.8818897637795275,0.0,0
0.0,1.0,1.0,1.0,1.0,1
1.0,0.029411764705882353,0.050980392156862744,1.0,0.0,0
0.0,0.515686274509804,0.00980392156862745,1.0,0.0,1
0.0,0.0,0.0,0.07086614173228346,0.05,0
1.0,0.01568627450980392,0.01764705882352941,0.18110236220472442,0.02,0
1.0,0.0196078431372549,0.0196078431372549,0.7322834645669292,0.01,0
1.0,0.00980392156862745,0.00980392156862745,0.8503937007874016,0.0,0
0.0,0.00196078431372549,0.00196078431372549,1.0,0.01,0
1.0,0.0,0.0,0.23622047244094488,0.02,0
1.0,0.00784313725490196,0.00980392156862745,0.11023622047244094,0.03,0
0.0,0.0,0.0,1.0,0.0,0
1.0,0.00392156862745098,0.00392156862745098,0.18110236220472442,0.02,0
0.0,1.0,1.0,1.0,1.0,1
1.0,0.00392156862745098,0.00392156862745098,0.23228346456692914,0.02,0
1.0,0.00392156862745098,0.00980392156862745,0.23228346456692914,0.02,0
1.0,0.00392156862745098,0.01568627450980392,1.0,0.0,0
1.0,0.01764705882352941,0.0196078431372549,0.9330708661417323,0.0,0
1.0,0.058823529411764705,0.058823529411764705,1.0,0.0,0
1.0,0.0196078431372549,0.0196078431372549,0.3031496062992126,0.01,0
0.0,0.0,0.0,0.027559055118110236,0.12,0
1.0,0.00784313725490196,0.00784313725490196,1.0,0.0,0
1.0,0.00196078431372549,0.00196078431372549,0.09055118110236221,0.04,0
0.0,0.0,0.0,0.011811023622047244,0.25,0
1.0,0.0058823529411764705,0.00980392156862745,0.011811023622047244,0.25,0
1.0,0.0,0.0,0.9133858267716536,0.0,0
0.0,0.0,0.0,1.0,1.0,0
1.0,0.0058823529411764705,0.0058823529411764705,0.047244094488188976,0.08,0
1.0,0.00980392156862745,0.054901960784313725,0.01968503937007874,0.17,0
1.0,0.0058823529411764705,0.041176470588235294,0.011811023622047244,0.25,0
1.0,0.08823529411764706,0.08823529411764706,0.20078740157480315,0.02,0
1.0,0.00196078431372549,0.00196078431372549,1.0,0.0,0
0.0,0.07450980392156863,0.07450980392156863,1.0,0.0,0
0.0,0.0,0.0,0.08661417322834646,0.04,0
1.0,0.00196078431372549,0.06274509803921569,0.12992125984251968,0.03,0
1.0,0.0196078431372549,0.0196078431372549,1.0,0.0,0
1.0,0.00980392156862745,0.03137254901960784,1.0,0.0,0
0.0,0.0,0.0,1.0,0.0,0
1.0,0.03529411764705882,0.03529411764705882,0.07086614173228346,0.05,0
0.0,0.0,0.00196078431372549,0.3228346456692913,0.01,0
1.0,0.0,0.0,0.06299212598425197,0.06,0
1.0,0.0,0.0,0.4015748031496063,0.01,0
1.0,0.0,0.00196078431372549,0.08661417322834646,0.04,0
1.0,0.013725490196078431,0.03333333333333333,1.0,0.0,0
1.0,0.00196078431372549,0.00196078431372549,0.16929133858267717,0.02,0
1.0,0.0196078431372549,0.0196078431372549,1.0,0.0,0
1.0,0.03333333333333333,0.03333333333333333,1.0,0.0,0
1.0,0.029411764705882353,0.029411764705882353,0.3661417322834646,0.01,0
1.0,0.01568627450980392,0.01568627450980392,0.2795275590551181,0.01,0
1.0,0.01568627450980392,0.01568627450980392,0.07086614173228346,0.05,0
0.0,0.0,0.0,1.0,0.0,0
0.0,0.9980392156862745,0.9980392156862745,1.0,1.0,1
1.0,0.00980392156862745,0.023529411764705882,1.0,0.0,0
1.0,0.011764705882352941,0.011764705882352941,0.3661417322834646,0.44,0
1.0,0.00196078431372549,0.025490196078431372,0.003937007874015748,0.5,0
1.0,0.013725490196078431,0.013725490196078431,1.0,0.0,0
1.0,0.0,0.00196078431372549,0.05905511811023622,0.06,0
1.0,0.03333333333333333,0.03333333333333333,0.06692913385826772,0.06,0
0.0,0.0,0.00196078431372549,0.023622047244094488,0.14,0
1.0,0.0,0.0,0.11811023622047244,0.03,0
1.0,0.0058823529411764705,0.0058823529411764705,0.06299212598425197,0.06,0
0.0,0.0058823529411764705,0.00196078431372549,1.0,0.99,0
1.0,0.0058823529411764705,0.03333333333333333,0.06692913385826772,0.06,0
0.0,0.0,0.0,0.007874015748031496,0.33,0
1.0,0.00196078431372549,0.00196078431372549,0.18110236220472442,0.02,0
1.0,0.0,0.0,1.0,0.0,0
1.0,0.00784313725490196,0.00784313725490196,1.0,0.0,0
1.0,0.0,0.0,1.0,0.0,0
1.0,0.021568627450980392,0.021568627450980392,0.08267716535433071,0.05,0
0.0,0.0,0.0,1.0,0.0,0
1.0,0.013725490196078431,0.013725490196078431,1.0,0.0,0
0.0,0.00196078431372549,0.00196078431372549,1.0,0.01,0
1.0,0.03333333333333333,0.03333333333333333,1.0,0.0,0
0.0,0.0,0.0,1.0,0.0,0
1.0,0.027450980392156862,0.027450980392156862,0.05511811023622047,0.07,0
1.0,0.011764705882352941,0.011764705882352941,0.023622047244094488,0.14,0
1.0,0.0,0.0,1.0,0.0,0
0.0,0.8725490196078431,0.8725490196078431,1.0,1.0,1
1.0,0.025490196078431372,0.054901960784313725,1.0,0.0,0
0.0,0.00196078431372549,0.00980392156862745,0.18110236220472442,0.87,0
1.0,0.00980392156862745,0.00980392156862745,0.1220472440944882,0.03,0
1.0,0.0,0.0,0.03543307086614173,0.1,0
1.0,0.00196078431372549,0.00196078431372549,0.2047244094488189,0.02,0
1.0,0.041176470588235294,0.041176470588235294,0.5551181102362205,0.01,0
0.0,1.0,1.0,1.0,1.0,1
1.0,0.00980392156862745,0.00980392156862745,0.12598425196850394,0.03,0
1.0,0.0,0.00392156862745098,0.6299212598425197,0.01,0
1.0,0.00392156862745098,0.00392156862745098,0.9488188976377953,0.45,0
1.0,0.07058823529411765,0.0784313725490196,1.0,0.0,0
0.0,0.00980392156862745,0.0784313725490196,1.0,0.0,0
1.0,0.025490196078431372,0.03333333333333333,0.08267716535433071,0.05,0
0.0,0.0,0.0,0.05511811023622047,0.07,0
1.0,0.0196078431372549,0.0196078431372549,1.0,0.0,0
0.0,0.24509803921568626,0.03333333333333333,1.0,0.0,1
0.0,1.0,1.0,1.0,1.0,1
1.0,0.08431372549019608,0.13333333333333333,1.0,0.0,0
0.0,1.0,1.0,1.0,1.0,1
1.0,0.00980392156862745,0.00980392156862745,1.0,0.0,0
0.0,1.0,1.0,1.0,1.0,1
0.0,0.00196078431372549,0.00196078431372549,0.17716535433070865,0.04,0
0.0,0.0,0.00196078431372549,0.003937007874015748,0.5,0
1.0,0.0392156862745098,0.052941176470588235,1.0,0.0,0
1.0,0.049019607843137254,0.049019607843137254,0.2283464566929134,0.02,0
1.0,0.00980392156862745,0.00980392156862745,0.7559055118110236,0.01,0
1.0,0.0196078431372549,0.03333333333333333,1.0,0.0,0
1.0,0.0,0.00196078431372549,0.1062992125984252,0.04,0
1.0,0.0,0.00196078431372549,0.0,1.0,0
0.0,0.00392156862745098,0.00196078431372549,1.0,0.8,0
1.0,0.0,0.0,1.0,0.0,0
1.0,0.0,0.00392156862745098,0.05905511811023622,0.69,0
1.0,0.0,0.0,0.2874015748031496,0.01,0
1.0,0.029411764705882353,0.029411764705882353,0.12992125984251968,0.03,0
0.0,0.0,0.0,0.44881889763779526,0.01,0
1.0,0.0,0.00196078431372549,0.0,1.0,0
1.0,0.00784313725490196,0.00784313725490196,0.3346456692913386,0.01,0
0.0,0.00196078431372549,0.00196078431372549,1.0,0.01,0
0.0,0.00196078431372549,0.00196078431372549,1.0,0.01,0
0.0,0.00196078431372549,0.00196078431372549,1.0,0.01,0
1.0,0.0,0.06666666666666667,0.07086614173228346,0.05,0
1.0,0.011764705882352941,0.011764705882352941,0.03543307086614173,0.1,0
1.0,0.029411764705882353,0.03529411764705882,1.0,0.0,0
1.0,0.0,0.01568627450980392,0.06299212598425197,0.06,0
1.0,0.01568627450980392,0.01568627450980392,0.09448818897637795,0.04,0
0.0,0.0,0.0,0.7401574803149606,0.84,0
1.0,0.01764705882352941,0.0196078431372549,1.0,0.0,0
1.0,0.00392156862745098,0.0058823529411764705,1.0,0.01,0
1.0,0.03137254901960784,0.03137254901960784,1.0,0.0,0
1.0,0.0058823529411764705,0.08627450980392157,0.7834645669291339,0.0,0
1.0,0.0,0.0,0.2874015748031496,0.01,0
1.0,0.00784313725490196,0.011764705882352941,1.0,0.0,0
0.0,0.0,0.00196078431372549,0.015748031496062992,0.2,0
1.0,0.00196078431372549,0.01764705882352941,0.2283464566929134,0.02,0
1.0,0.01568627450980392,0.01568627450980392,0.421259842519685,0.01,0
1.0,0.029411764705882353,0.029411764705882353,0.35039370078740156,0.01,0
0.0,0.0,0.0,1.0,0.0,0
1.0,0.0,0.0,0.468503937007874,0.01,0
0.0,0.5235294117647059,0.03333333333333333,1.0,0.0,1
0.0,0.0,0.0,1.0,0.01,0
1.0,0.0,0.0,0.6299212598425197,0.01,0
1.0,0.0,0.0,0.5078740157480315,0.01,0
0.0,0.00196078431372549,0.00196078431372549,1.0,0.01,0
1.0,0.0,0.0058823529411764705,0.14566929133858267,0.03,0
1.0,0.00196078431372549,0.0058823529411764705,0.1732283464566929,0.02,0
1.0,0.01568627450980392,0.01568627450980392,0.9015748031496063,0.0,0
0.0,0.44313725490196076,0.0196078431372549,1.0,0.0,1
1.0,0.10784313725490197,0.10784313725490197,0.21653543307086615,0.02,0
1.0,0.00980392156862745,0.013725490196078431,0.0984251968503937,0.04,0
1.0,0.00196078431372549,0.00392156862745098,0.003937007874015748,0.5,0
1.0,0.0196078431372549,0.041176470588235294,1.0,0.0,0
1.0,0.0058823529411764705,0.011764705882352941,1.0,0.0,0
0.0,1.0,1.0,1.0,1.0,1
0.0,0.0,0.0,0.6220472440944882,0.24,0
1.0,0.0,0.0,0.36220472440944884,0.01,0
0.0,0.00196078431372549,0.00196078431372549,1.0,0.01,0
0.0,0.00196078431372549,0.00196078431372549,1.0,0.01,0
1.0,0.023529411764705882,0.023529411764705882,1.0,0.0,0
1.0,0.00196078431372549,0.056862745098039215,0.9448818897637795,0.0,0
1.0,0.00392156862745098,0.00392156862745098,0.1220472440944882,0.03,0
1.0,0.0,0.0058823529411764705,0.5551181102362205,0.01,0
1.0,0.00392156862745098,0.021568627450980392,0.03937007874015748,0.09,0
0.0,1.0,1.0,1.0,1.0,1
1.0,0.00196078431372549,0.0392156862745098,0.6889763779527559,0.01,0
1.0,0.021568627450980392,0.021568627450980392,1.0,0.0,0
1.0,0.0196078431372549,0.0196078431372549,0.03937007874015748,0.09,0
0.0,0.0,0.00196078431372549,0.01968503937007874,0.17,0
1.0,0.011764705882352941,0.011764705882352941,0.6377952755905512,0.01,0
0.0,0.0,0.0,0.1732283464566929,0.02,0
1.0,0.021568627450980392,0.029411764705882353,1.0,0.0,0
0.0,0.013725490196078431,0.021568627450980392,1.0,0.01,0
1.0,0.00196078431372549,0.00196078431372549,0.1889763779527559,0.02,0
0.0,0.0,0.0,0.08267716535433071,0.05,0
1.0,0.0,0.0,0.40551181102362205,0.01,0
0.0,1.0,1.0,1.0,1.0,1
0.0,0.0,0.0,1.0,0.97,0
0.0,0.025490196078431372,0.045098039215686274,1.0,0.0,0
0.0,1.0,1.0,1.0,1.0,1
1.0,0.03137254901960784,0.03137254901960784,1.0,0.0,0
1.0,0.01764705882352941,0.01764705882352941,0.15354330708661418,0.03,0
1.0,0.0,0.00392156862745098,0.04330708661417323,0.08,0
1.0,0.0,0.0,0.7598425196850394,0.01,0
0.0,0.42745098039215684,0.013725490196078431,1.0,0.0,1
1.0,0.03529411764705882,0.03529411764705882,0.07086614173228346,0.05,0
1.0,0.013725490196078431,0.01568627450980392,1.0,0.0,0
1.0,0.0196078431372549,0.0196078431372549,0.10236220472440945,0.04,0
0.0,0.0,0.0,1.0,1.0,0
1.0,0.01764705882352941,0.01764705882352941,0.3858267716535433,0.39,0
1.0,0.056862745098039215,0.056862745098039215,1.0,0.0,0
1.0,0.011764705882352941,0.047058823529411764,0.452755905511811,0.01,0
1.0,0.011764705882352941,0.01764705882352941,1.0,0.0,0
0.0,0.0,0.0,0.28346456692913385,1.0,0
0.0,0.9980392156862745,0.9980392156862745,1.0,1.0,1
1.0,0.00392156862745098,0.00392156862745098,0.007874015748031496,0.33,0
1.0,0.00392156862745098,0.011764705882352941,0.4448818897637795,0.01,0
0.0,0.0,0.00392156862745098,0.18110236220472442,0.02,0
1.0,0.03137254901960784,0.03137254901960784,0.07480314960629922,0.05,0
1.0,0.0,0.0,0.8307086614173228,0.0,0
0.0,1.0,1.0,1.0,1.0,1
1.0,0.0058823529411764705,0.0058823529411764705,0.2677165354330709,0.01,0
1.0,0.00980392156862745,0.023529411764705882,1.0,0.0,0
1.0,0.054901960784313725,0.10392156862745099,0.3700787401574803,0.01,0
1.0,0.0058823529411764705,0.0058823529411764705,0.6929133858267716,0.01,1
1.0,0.0,0.0,0.8779527559055118,0.0,0
0.0,0.5352941176470588,0.03529411764705882,1.0,0.0,1
1.0,0.00784313725490196,0.00784313725490196,1.0,0.0,0
0.0,0.0,0.0,1.0,0.95,0
1.0,0.00392156862745098,0.00392156862745098,0.547244094488189,0.01,0
1.0,0.0,0.00196078431372549,0.06299212598425197,0.06,0
1.0,0.0,0.00196078431372549,0.5275590551181102,0.01,0
0.0,0.0,0.0,0.2874015748031496,0.01,0
1.0,0.01764705882352941,0.01764705882352941,0.20078740157480315,0.02,0
1.0,0.0,0.0,0.24015748031496062,0.02,0
1.0,0.0058823529411764705,0.0058823529411764705,0.05905511811023622,0.06,0
1.0,0.00196078431372549,0.00196078431372549,0.003937007874015748,0.5,0
1.0,0.0,0.0,0.7125984251968503,0.01,0
1.0,0.00980392156862745,0.00980392156862745,0.421259842519685,0.01,0
0.0,0.00196078431372549,0.0058823529411764705,0.08267716535433071,1.0,0
1.0,0.00196078431372549,0.00196078431372549,0.2283464566929134,0.02,0
0.0,0.00980392156862745,0.00196078431372549,1.0,1.0,0
1.0,0.0,0.0,0.3188976377952756,0.01,0
0.0,0.9235294117647059,0.9235294117647059,1.0,1.0,1
1.0,0.023529411764705882,0.023529411764705882,0.8779527559055118,0.01,0
1.0,0.00196078431372549,0.00196078431372549,0.15354330708661418,0.03,0
1.0,0.011764705882352941,0.013725490196078431,1.0,0.0,0
1.0,0.0,0.00784313725490196,0.7322834645669292,0.01,0
0.0,0.0,0.0,1.0,0.01,0
0.0,0.0,0.0,1.0,1.0,0
1.0,0.0,0.0,0.03937007874015748,0.09,0
1.0,0.00392156862745098,0.01568627450980392,0.007874015748031496,0.33,0
1.0,0.0058823529411764705,0.01568627450980392,0.011811023622047244,0.25,0
1.0,0.027450980392156862,0.027450980392156862,0.452755905511811,0.01,0
1.0,0.0,0.0,0.0,1.0,0
1.0,0.0,0.00392156862745098,0.4251968503937008,0.52,0
1.0,0.00392156862745098,0.013725490196078431,0.37401574803149606,0.01,0
1.0,0.0058823529411764705,0.0058823529411764705,0.6811023622047244,0.29,0
1.0,0.025490196078431372,0.06274509803921569,1.0,0.0,0
1.0,0.025490196078431372,0.045098039215686274,0.051181102362204724,0.07,0
0.0,0.40784313725490196,0.00784313725490196,1.0,0.0,1
1.0,0.0,0.0,0.1377952755905512,0.03,0
1.0,0.0058823529411764705,0.0058823529411764705,0.6417322834645669,0.01,0
0.0,0.0,0.0,1.0,1.0,0
1.0,0.0058823529411764705,0.0058823529411764705,1.0,0.0,0
1.0,0.01568627450980392,0.03725490196078431,1.0,0.0,0
1.0,0.0,0.0,1.0,0.0,0
0.0,0.00196078431372549,0.00196078431372549,1.0,0.01,0
0.0,0.9980392156862745,0.9980392156862745,1.0,1.0,1
0.0,0.00196078431372549,0.00196078431372549,1.0,0.01,0
1.0,0.060784313725490195,0.07254901960784314,0.1220472440944882,0.03,0
0.0,0.5215686274509804,0.01764705882352941,1.0,0.0,1
1.0,0.00980392156862745,0.011764705882352941,0.04330708661417323,0.08,0
1.0,0.0,0.0,0.18503937007874016,0.02,0
0.0,1.0,1.0,1.0,1.0,1
0.0,0.0,0.0,1.0,1.0,0
0.0,0.0,0.0,1.0,0.99,0
0.0,0.0,0.00196078431372549,0.027559055118110236,0.12,0
1.0,0.0,0.0,0.9566929133858267,0.0,0
1.0,0.00784313725490196,0.013725490196078431,1.0,0.0,0
1.0,0.0,0.00392156862745098,0.0,1.0,0
0.0,0.0,0.0,1.0,0.01,0
1.0,0.01568627450980392,0.027450980392156862,0.2559055118110236,0.02,0
1.0,0.00784313725490196,0.00784313725490196,0.20866141732283464,0.02,0
1.0,0.00196078431372549,0.00196078431372549,0.031496062992125984,0.11,0
1.0,0.0392156862745098,0.047058823529411764,1.0,0.0,0
1.0,0.03137254901960784,0.03137254901960784,0.06299212598425197,0.06,0
0.0,0.0,0.0,1.0,0.0,0
1.0,0.00392156862745098,0.00392156862745098,0.4763779527559055,0.01,0
0.0,0.0,0.0,0.003937007874015748,0.5,0
1.0,0.027450980392156862,0.09607843137254903,1.0,0.0,0
0.0,0.0,0.0,1.0,0.01,0
1.0,0.050980392156862744,0.07254901960784314,0.10236220472440945,0.04,0
1.0,0.00980392156862745,0.00980392156862745,0.15748031496062992,0.02,0
1.0,0.01568627450980392,0.01568627450980392,1.0,0.0,0
1.0,0.045098039215686274,0.045098039215686274,1.0,0.0,0
0.0,0.0,0.0,1.0,0.79,0
0.0,0.0,0.0,0.16141732283464566,1.0,0
1.0,0.011764705882352941,0.011764705882352941,0.09055118110236221,0.04,0
0.0,0.0,0.0,0.12992125984251968,0.03,0
1.0,0.01764705882352941,0.01764705882352941,1.0,0.0,0
1.0,0.03725490196078431,0.043137254901960784,0.6732283464566929,0.01,0
0.0,0.0,0.0,1.0,0.0,0
1.0,0.0,0.00196078431372549,0.23622047244094488,0.02,0
1.0,0.0,0.0,0.4448818897637795,0.01,0
0.0,0.0,0.0,1.0,0.98,0
0.0,0.00784313725490196,0.01568627450980392,1.0,0.0,0
0.0,0.0,0.0,0.0,1.0,0
1.0,0.052941176470588235,0.058823529411764705,1.0,0.0,0
1.0,0.0058823529411764705,0.0058823529411764705,0.28346456692913385,0.01,0
1.0,0.0,0.14705882352941177,0.011811023622047244,0.25,0
0.0,0.0,0.0,0.03937007874015748,0.09,0
0.0,0.0,0.0,0.051181102362204724,0.07,0
0.0,0.0,0.0,1.0,1.0,0
0.0,0.00392156862745098,0.0,1.0,1.0,0
0.0,0.0,0.0,1.0,0.0,0
1.0,0.0,0.0,0.051181102362204724,0.07,0
1.0,0.0,0.00196078431372549,0.7007874015748031,0.01,0
1.0,0.00980392156862745,0.0196078431372549,0.03543307086614173,0.1,0
1.0,0.00784313725490196,0.021568627450980392,0.35039370078740156,0.01,0
1.0,0.01568627450980392,0.01764705882352941,1.0,0.0,0
1.0,0.045098039215686274,0.049019607843137254,1.0,0.0,0
1.0,0.0,0.00392156862745098,0.6496062992125984,0.01,0
0.0,0.0,0.0,1.0,1.0,0
1.0,0.025490196078431372,0.025490196078431372,0.28346456692913385,0.6,0
1.0,0.0058823529411764705,0.0058823529411764705,0.07480314960629922,0.05,0
1.0,0.01568627450980392,0.025490196078431372,1.0,0.0,0
0.0,0.0,0.0,1.0,0.0,0
0.0,0.0,0.0,0.11811023622047244,0.03,0
0.0,0.0,0.00784313725490196,0.007874015748031496,0.33,0
0.0,0.0,0.0,1.0,0.98,0
0.0,1.0,1.0,1.0,1.0,1
1.0,0.01568627450980392,0.01568627450980392,1.0,0.0,0
1.0,0.027450980392156862,0.027450980392156862,1.0,0.0,0
1.0,0.0392156862745098,0.0392156862745098,1.0,0.0,0
1.0,0.049019607843137254,0.049019607843137254,1.0,0.0,0
0.0,1.0,1.0,1.0,1.0,1
0.0,1.0,1.0,1.0,1.0,1
1.0,0.00392156862745098,0.00392156862745098,0.16535433070866143,0.02,0
1.0,0.03529411764705882,0.03529411764705882,1.0,0.0,0
1.0,0.0,0.00196078431372549,0.25196850393700787,0.02,0
1.0,0.00392156862745098,0.00392156862745098,0.6377952755905512,0.01,0
1.0,0.0,0.00392156862745098,0.011811023622047244,0.25,0
1.0,0.01568627450980392,0.01568627450980392,1.0,0.0,0
1.0,0.00196078431372549,0.00196078431372549,0.011811023622047244,0.25,0
1.0,0.07450980392156863,0.07450980392156863,0.6220472440944882,0.01,0
1.0,0.0,0.0196078431372549,0.03937007874015748,0.09,0
1.0,0.03137254901960784,0.03137254901960784,1.0,0.0,0
1.0,0.047058823529411764,0.047058823529411764,1.0,0.0,0
1.0,0.00980392156862745,0.013725490196078431,1.0,0.0,0
0.0,0.0,0.0,1.0,1.0,0
0.0,0.4,0.00784313725490196,1.0,0.0,1
1.0,0.052941176470588235,0.052941176470588235,0.1062992125984252,0.04,0
1.0,0.0,0.0,0.7559055118110236,0.01,0
0.0,0.00196078431372549,0.00196078431372549,1.0,0.01,0
1.0,0.0,0.0,1.0,0.0,0
0.0,0.01764705882352941,0.03137254901960784,1.0,0.0,0
1.0,0.0,0.0,0.05511811023622047,0.07,0
0.0,0.0,0.0,1.0,0.0,0
0.0,0.01568627450980392,0.01568627450980392,0.6220472440944882,0.16,0
1.0,0.047058823529411764,0.047058823529411764,0.2874015748031496,0.01,0
0.0,0.00196078431372549,0.00196078431372549,1.0,0.01,0
1.0,0.025490196078431372,0.025490196078431372,0.31496062992125984,0.01,0
1.0,0.0,0.00196078431372549,0.6653543307086615,0.01,0
0.0,0.10392156862745099,0.10392156862745099,1.0,0.0,0
0.0,0.07647058823529412,0.1627450980392157,1.0,0.0,0
1.0,0.0,0.0,0.06692913385826772,0.06,0
1.0,0.0,0.0,0.5590551181102362,0.01,0
1.0,0.0,0.0,0.25196850393700787,0.02,0
1.0,0.0058823529411764705,0.00784313725490196,0.5236220472440944,0.01,0
0.0,0.0058823529411764705,0.011764705882352941,1.0,0.01,0
0.0,0.27058823529411763,0.021568627450980392,1.0,0.0,1
1.0,0.01764705882352941,0.01764705882352941,1.0,0.0,0
0.0,1.0,1.0,1.0,1.0,1
1.0,0.00980392156862745,0.0392156862745098,0.19291338582677164,0.02,0
0.0,0.0,0.0,1.0,0.0,0
1.0,0.0,0.00196078431372549,0.25196850393700787,0.02,0
0.0,0.0,0.0,0.03543307086614173,0.8,0
1.0,0.0,0.0,0.0,1.0,0
0.0,1.0,1.0,1.0,1.0,1
0.0,0.0,0.0,0.2283464566929134,0.2,0
0.0,0.0,0.0,1.0,0.01,0
1.0,0.00196078431372549,0.00196078431372549,1.0,0.0,0
1.0,0.0,0.029411764705882353,0.031496062992125984,0.11,0
0.0,0.0,0.0,0.0,1.0,1
1.0,0.011764705882352941,0.011764705882352941,0.0984251968503937,0.04,0
1.0,0.03137254901960784,0.03333333333333333,1.0,0.0,0
0.0,0.00196078431372549,0.00196078431372549,1.0,0.02,0
1.0,0.0,0.00196078431372549,0.547244094488189,0.01,0
0.0,0.0,0.0,0.011811023622047244,0.25,0
1.0,0.01764705882352941,0.01764705882352941,0.03543307086614173,0.1,0
1.0,0.00196078431372549,0.00196078431372549,1.0,0.0,0
1.0,0.0,0.0,0.0,1.0,0
0.0,0.9980392156862745,0.9980392156862745,1.0,1.0,1
1.0,0.0196078431372549,0.0196078431372549,1.0,0.0,0
1.0,0.00392156862745098,0.00392156862745098,0.4409448818897638,0.01,0
1.0,0.0,0.0,0.10236220472440945,0.04,0
1.0,0.021568627450980392,0.025490196078431372,0.44881889763779526,0.01,0
1.0,0.00196078431372549,0.00196078431372549,1.0,0.0,0
1.0,0.0058823529411764705,0.0058823529411764705,1.0,0.0,0
1.0,0.045098039215686274,0.045098039215686274,1.0,0.0,0
1.0,0.00196078431372549,0.00196078431372549,1.0,0.0,0
1.0,0.0,0.00196078431372549,0.16535433070866143,0.02,0
1.0,0.0,0.0,0.7165354330708661,0.01,0
0.0,0.0,0.00196078431372549,0.015748031496062992,0.2,0
1.0,0.00784313725490196,0.00784313725490196,0.07874015748031496,0.05,0
1.0,0.0,0.0,0.7716535433070866,0.07,0
1.0,0.00196078431372549,0.01764705882352941,0.2125984251968504,0.02,0
1.0,0.025490196078431372,0.047058823529411764,1.0,0.0,0
1.0,0.0,0.0,0.0,1.0,0
0.0,0.0,0.0,1.0,0.84,0
0.0,0.027450980392156862,0.027450980392156862,1.0,0.08,0
1.0,0.00784313725490196,0.00784313725490196,1.0,0.0,0
1.0,0.03725490196078431,0.041176470588235294,0.49606299212598426,0.01,0
0.0,1.0,1.0,1.0,1.0,1
1.0,0.06274509803921569,0.06470588235294118,1.0,0.0,0
0.0,0.0,0.0,0.007874015748031496,0.33,0
0.0,1.0,1.0,1.0,1.0,1
0.0,0.00196078431372549,0.00196078431372549,1.0,0.88,0
0.0,0.0058823529411764705,0.00196078431372549,1.0,0.85,0
1.0,0.0196078431372549,0.0196078431372549,1.0,0.01,0
0.0,0.0,0.0,1.0,0.01,0
1.0,0.00980392156862745,0.00980392156862745,0.6535433070866141,0.01,0
1.0,0.025490196078431372,0.025490196078431372,1.0,0.0,0
1.0,0.011764705882352941,0.013725490196078431,0.905511811023622,0.18,0
1.0,0.00784313725490196,0.00784313725490196,0.2204724409448819,0.02,0
1.0,0.01764705882352941,0.01764705882352941,1.0,0.0,0
1.0,0.01764705882352941,0.01764705882352941,1.0,0.0,0
1.0,0.0,0.00392156862745098,0.7755905511811023,0.01,0
1.0,0.0058823529411764705,0.045098039215686274,0.7952755905511811,0.0,0
1.0,0.056862745098039215,0.06666666666666667,1.0,0.0,0
1.0,0.0196078431372549,0.03333333333333333,1.0,0.0,0
0.0,0.0,0.0,1.0,0.0,0
0.0,0.0,0.0,1.0,0.0,0
1.0,0.01764705882352941,0.01764705882352941,0.3661417322834646,0.01,0
0.0,0.0,0.00392156862745098,0.09055118110236221,0.04,0
0.0,0.0,0.0,1.0,0.0,0
0.0,0.0,0.0,1.0,1.0,0
1.0,0.011764705882352941,0.011764705882352941,0.023622047244094488,0.14,0
1.0,0.00392156862745098,0.021568627450980392,0.007874015748031496,0.33,0
1.0,0.0058823529411764705,0.0058823529411764705,1.0,0.0,0
0.0,0.00196078431372549,0.00196078431372549,1.0,0.99,0
0.0,0.0,0.0,0.1220472440944882,1.0,0
1.0,0.0,0.0,0.06299212598425197,0.06,0
1.0,0.0,0.00392156862745098,0.14173228346456693,0.03,0
1.0,0.00980392156862745,0.00980392156862745,1.0,0.05,0
1.0,0.0196078431372549,0.0196078431372549,0.5590551181102362,0.01,0
0.0,0.0,0.0,1.0,0.88,0
1.0,0.00980392156862745,0.0392156862745098,0.05511811023622047,0.07,0
1.0,0.0,0.0,1.0,0.0,0
0.0,0.0,0.0,0.3779527559055118,1.0,0
0.0,0.021568627450980392,0.021568627450980392,0.29133858267716534,0.01,0
0.0,0.0,0.0,1.0,1.0,0
1.0,0.011764705882352941,0.023529411764705882,0.6456692913385826,0.01,0
1.0,0.00392156862745098,0.00392156862745098,1.0,0.0,0
1.0,0.047058823529411764,0.047058823529411764,1.0,0.0,0
1.0,0.00784313725490196,0.0196078431372549,0.6141732283464567,0.01,0
0.0,1.0,1.0,1.0,1.0,1
1.0,0.01568627450980392,0.01568627450980392,0.8346456692913385,0.0,0
1.0,0.027450980392156862,0.045098039215686274,1.0,0.0,0
1.0,0.0,0.00392156862745098,0.29133858267716534,0.01,0
0.0,0.00784313725490196,0.01568627450980392,0.28346456692913385,0.01,0
0.0,1.0,1.0,1.0,1.0,1
0.0,0.24313725490196078,0.24313725490196078,1.0,0.0,0
1.0,0.021568627450980392,0.027450980392156862,0.04330708661417323,0.08,0
0.0,1.0,1.0,1.0,1.0,1
1.0,0.0,0.0058823529411764705,0.84251968503937,0.0,0
0.0,0.0,0.0,0.007874015748031496,0.33,0
0.0,0.0,0.0,0.40551181102362205,0.01,0
0.0,1.0,1.0,1.0,1.0,1
1.0,0.01568627450980392,0.01568627450980392,1.0,0.0,0
0.0,0.00196078431372549,0.00196078431372549,1.0,0.01,0
1.0,0.0,0.00392156862745098,1.0,0.0,0
1.0,0.0,0.0,0.0,1.0,0
0.0,0.9333333333333333,0.9333333333333333,1.0,1.0,1
1.0,0.0058823529411764705,0.0058823529411764705,1.0,0.0,0
0.0,0.0,0.0,1.0,0.0,0
0.0,0.0,0.0,1.0,0.99,0
0.0,0.0,0.0,1.0,0.0,0
1.0,0.00196078431372549,0.00196078431372549,1.0,0.0,0
0.0,0.40588235294117647,0.00784313725490196,1.0,0.0,1
1.0,0.011764705882352941,0.043137254901960784,1.0,0.0,0
1.0,0.0,0.0,0.8582677165354331,0.0,0
0.0,0.2568627450980392,0.011764705882352941,1.0,0.0,1
1.0,0.01764705882352941,0.01764705882352941,1.0,0.0,0
1.0,0.00196078431372549,0.00196078431372549,1.0,0.0,0
1.0,0.021568627450980392,0.021568627450980392,1.0,0.0,0
1.0,0.00980392156862745,0.00980392156862745,0.29133858267716534,0.01,0
1.0,0.0,0.0,0.8267716535433071,0.0,0
0.0,0.00196078431372549,0.00392156862745098,1.0,0.0,0
0.0,0.00196078431372549,0.00196078431372549,0.003937007874015748,0.5,0
1.0,0.0,0.0,0.1889763779527559,0.02,0
0.0,0.0,0.0,1.0,0.0,0
1.0,0.00196078431372549,0.01568627450980392,0.003937007874015748,0.5,0
1.0,0.00196078431372549,0.0,0.015748031496062992,0.2,0
1.0,0.03725490196078431,0.041176470588235294,1.0,0.0,0
0.0,1.0,1.0,1.0,1.0,1
0.0,0.5411764705882353,0.01568627450980392,1.0,0.0,1
1.0,0.029411764705882353,0.029411764705882353,1.0,0.0,0
0.0,0.00196078431372549,0.00196078431372549,1.0,0.01,0
0.0,0.00196078431372549,0.00196078431372549,0.24803149606299213,0.19,0
1.0,0.01764705882352941,0.029411764705882353,1.0,0.0,0
0.0,1.0,1.0,1.0,1.0,1
1.0,0.0,0.0,0.0,1.0,0
1.0,0.0058823529411764705,0.0058823529411764705,1.0,0.01,0
0.0,1.0,1.0,1.0,1.0,1
1.0,0.03725490196078431,0.045098039215686274,1.0,0.0,0
1.0,0.03333333333333333,0.03333333333333333,0.14960629921259844,0.03,0
1.0,0.01764705882352941,0.01764705882352941,0.9094488188976378,0.0,0
1.0,0.0058823529411764705,0.01764705882352941,0.011811023622047244,0.25,0
1.0,0.0,0.00196078431372549,0.15354330708661418,0.03,0
0.0,0.00196078431372549,0.00196078431372549,1.0,0.01,0
0.0,0.0,0.0,1.0,0.0,0
1.0,0.029411764705882353,0.029411764705882353,0.16929133858267717,0.02,0
1.0,0.01764705882352941,0.0803921568627451,1.0,0.01,0
1.0,0.0,0.0,0.48031496062992124,0.01,0
0.0,0.00392156862745098,0.00196078431372549,0.28346456692913385,0.04,0
0.0,0.996078431372549,0.996078431372549,1.0,1.0,1
0.0,0.0058823529411764705,0.00980392156862745,1.0,0.0,0
0.0,0.0,0.0,1.0,1.0,0
1.0,0.047058823529411764,0.047058823529411764,0.09448818897637795,0.04,0
0.0,0.5529411764705883,0.0196078431372549,1.0,0.0,1
1.0,0.01764705882352941,0.01764705882352941,0.1062992125984252,0.04,0
1.0,0.03725490196078431,0.03725490196078431,1.0,0.0,0
1.0,0.0,0.00980392156862745,0.027559055118110236,0.12,0
1.0,0.021568627450980392,0.029411764705882353,0.20078740157480315,0.02,0
0.0,0.0,0.0,0.011811023622047244,0.25,0
1.0,0.00196078431372549,0.00196078431372549,0.33070866141732286,0.01,0
0.0,0.0,0.0,0.023622047244094488,0.14,0
1.0,0.0058823529411764705,0.0058823529411764705,0.07480314960629922,0.05,0
1.0,0.0,0.0,0.027559055118110236,0.12,0
1.0,0.0,0.0,0.25984251968503935,0.01,0
1.0,0.0,0.00196078431372549,0.4015748031496063,0.01,0
0.0,0.0,0.0,0.11811023622047244,0.03,0
1.0,0.00196078431372549,0.013725490196078431,0.14960629921259844,0.03,0
0.0,0.0,0.0,1.0,0.0,0
0.0,0.01764705882352941,0.00784313725490196,1.0,0.0,1
0.0,0.0,0.0,0.6417322834645669,0.01,0
0.0,0.8862745098039215,0.8862745098039215,1.0,1.0,1
0.0,0.0,0.0,1.0,1.0,0
1.0,0.0058823529411764705,0.03529411764705882,0.12992125984251968,0.03,0
0.0,0.00196078431372549,0.00196078431372549,1.0,0.96,0
0.0,0.0,0.0,1.0,1.0,0
0.0,0.0,0.00196078431372549,0.05905511811023622,0.56,0
1.0,0.0,0.0,0.35826771653543305,0.01,0
0.0,0.025490196078431372,0.0392156862745098,1.0,0.0,0
1.0,0.011764705882352941,0.011764705882352941,0.023622047244094488,0.14,0
1.0,0.00196078431372549,0.056862745098039215,0.051181102362204724,0.07,0
1.0,0.00392156862745098,0.00392156862745098,1.0,0.0,0
1.0,0.0,0.00196078431372549,0.9409448818897638,0.0,0
1.0,0.00196078431372549,0.00196078431372549,0.9566929133858267,0.0,0
1.0,0.00980392156862745,0.0196078431372549,0.35039370078740156,0.01,0
1.0,0.03333333333333333,0.03529411764705882,1.0,0.01,0
1.0,0.0058823529411764705,0.013725490196078431,0.1889763779527559,0.02,0
0.0,0.3803921568627451,0.3803921568627451,0.468503937007874,0.01,0
1.0,0.0058823529411764705,0.0058823529411764705,0.20078740157480315,0.02,0
1.0,0.00196078431372549,0.00196078431372549,0.007874015748031496,0.33,0
1.0,0.025490196078431372,0.025490196078431372,1.0,0.0,0
0.0,0.2196078431372549,0.013725490196078431,1.0,0.0,1
1.0,0.00196078431372549,0.00196078431372549,0.2755905511811024,0.01,0
1.0,0.00196078431372549,0.00196078431372549,0.23228346456692914,0.02,0
1.0,0.0,0.0,0.5196850393700787,0.01,0
1.0,0.0,0.0,1.0,0.0,0
0.0,0.0,0.0,1.0,0.01,0
1.0,0.0,0.0,0.0,1.0,0
0.0,1.0,1.0,1.0,1.0,1
1.0,0.00784313725490196,0.00784313725490196,1.0,0.0,0
0.0,0.00196078431372549,0.00196078431372549,1.0,0.01,0
1.0,0.025490196078431372,0.03529411764705882,1.0,0.0,0
0.0,0.0,0.0,1.0,0.0,0
1.0,0.0058823529411764705,0.0058823529411764705,0.9409448818897638,0.0,0
1.0,0.00980392156862745,0.00980392156862745,0.30708661417322836,0.01,0
0.0,0.0,0.00392156862745098,0.04330708661417323,0.08,0
1.0,0.0392156862745098,0.0392156862745098,0.15748031496062992,0.02,0
1.0,0.011764705882352941,0.011764705882352941,1.0,0.0,0
1.0,0.052941176470588235,0.052941176470588235,1.0,0.0,0
1.0,0.01764705882352941,0.01764705882352941,0.9409448818897638,0.0,0
1.0,0.025490196078431372,0.029411764705882353,0.19291338582677164,0.02,0
1.0,0.0,0.00196078431372549,0.2283464566929134,0.02,0
1.0,0.027450980392156862,0.027450980392156862,0.31496062992125984,0.01,0
1.0,0.01764705882352941,0.01764705882352941,1.0,0.0,0
0.0,0.01764705882352941,0.029411764705882353,1.0,0.0,0
1.0,0.00196078431372549,0.00196078431372549,0.003937007874015748,0.5,0
1.0,0.027450980392156862,0.0392156862745098,0.05511811023622047,0.07,0
1.0,0.0,0.0,0.20078740157480315,0.02,0
1.0,0.0,0.0,0.10236220472440945,0.04,0
1.0,0.0,0.00196078431372549,0.5826771653543307,0.01,0
0.0,0.9,0.9,1.0,1.0,1
1.0,0.00196078431372549,0.00196078431372549,0.7362204724409449,0.01,0
0.0,0.0,0.0,1.0,0.0,0
0.0,0.0,0.0,0.003937007874015748,0.5,0
1.0,0.01764705882352941,0.11372549019607843,0.2795275590551181,0.01,0
1.0,0.01764705882352941,0.01764705882352941,1.0,0.0,0
1.0,0.011764705882352941,0.07647058823529412,0.7637795275590551,0.01,0
1.0,0.0,0.0,0.31496062992125984,0.01,0
1.0,0.00784313725490196,0.00784313725490196,0.9212598425196851,0.0,0
1.0,0.03529411764705882,0.03725490196078431,1.0,0.0,0
1.0,0.00196078431372549,0.00196078431372549,0.9330708661417323,0.0,0
1.0,0.029411764705882353,0.029411764705882353,1.0,0.0,0
1.0,0.03137254901960784,0.03137254901960784,0.14173228346456693,0.03,0
0.0,0.0,0.00196078431372549,0.33070866141732286,1.0,0
1.0,0.00784313725490196,0.00784313725490196,1.0,0.0,0
1.0,0.00784313725490196,0.011764705882352941,0.5748031496062992,0.01,0
1.0,0.0,0.00392156862745098,0.2047244094488189,0.02,0
1.0,0.00196078431372549,0.00196078431372549,0.01968503937007874,0.17,0
0.0,0.0,0.0,0.4645669291338583,0.88,0
0.0,0.00196078431372549,0.00196078431372549,1.0,0.01,0
1.0,0.025490196078431372,0.025490196078431372,0.051181102362204724,0.07,0
1.0,0.00196078431372549,0.03137254901960784,0.011811023622047244,0.25,0
0.0,0.00196078431372549,0.00196078431372549,1.0,0.01,0
1.0,0.011764705882352941,0.03529411764705882,0.12598425196850394,0.03,0
0.0,0.0,0.0,0.0,1.0,0
1.0,0.01764705882352941,0.01764705882352941,0.03543307086614173,0.1,0
1.0,0.043137254901960784,0.054901960784313725,1.0,0.0,0
0.0,0.9980392156862745,0.9980392156862745,1.0,1.0,1
1.0,0.0,0.0,0.33858267716535434,0.01,0
0.0,0.0,0.0,1.0,0.0,0
1.0,0.00392156862745098,0.00392156862745098,1.0,0.0,0
1.0,0.0058823529411764705,0.0058823529411764705,1.0,0.0,0
1.0,0.0,0.0,0.33070866141732286,0.01,0
0.0,1.0,1.0,1.0,1.0,1
1.0,0.00784313725490196,0.00784313725490196,1.0,0.0,0
1.0,0.0058823529411764705,0.0058823529411764705,1.0,0.0,0
0.0,1.0,1.0,1.0,1.0,1
1.0,0.0,0.00196078431372549,0.48031496062992124,0.01,0
1.0,0.0,0.0196078431372549,0.031496062992125984,0.11,0
0.0,1.0,1.0,1.0,1.0,1
1.0,0.0,0.00392156862745098,0.07086614173228346,0.05,0
1.0,0.025490196078431372,0.049019607843137254,0.7047244094488189,0.01,0
1.0,0.00196078431372549,0.00196078431372549,0.03543307086614173,0.1,0
1.0,0.021568627450980392,0.023529411764705882,1.0,0.0,0
1.0,0.045098039215686274,0.045098039215686274,0.11023622047244094,0.03,0
1.0,0.00392156862745098,0.00392156862745098,0.6259842519685039,0.01,0
0.0,0.0,0.0,1.0,0.0,0
1.0,0.027450980392156862,0.027450980392156862,1.0,0.0,0
1.0,0.0,0.00196078431372549,0.5551181102362205,0.01,0
1.0,0.013725490196078431,0.021568627450980392,1.0,0.0,0
0.0,0.011764705882352941,0.021568627450980392,1.0,0.0,0
1.0,0.03529411764705882,0.03529411764705882,0.07086614173228346,0.05,0
1.0,0.043137254901960784,0.043137254901960784,1.0,0.0,0
1.0,0.027450980392156862,0.027450980392156862,0.9803149606299213,0.0,0
1.0,0.00784313725490196,0.00784313725490196,0.03937007874015748,0.09,0
1.0,0.025490196078431372,0.027450980392156862,0.38976377952755903,0.01,0
1.0,0.0,0.0,1.0,0.0,0
1.0,0.0,0.00196078431372549,0.031496062992125984,0.11,0
1.0,0.027450980392156862,0.027450980392156862,1.0,0.0,0
0.0,0.00196078431372549,0.00196078431372549,1.0,0.01,0
1.0,0.0058823529411764705,0.0058823529411764705,0.05905511811023622,0.06,0
1.0,0.011764705882352941,0.029411764705882353,0.023622047244094488,0.14,0
0.0,0.0,0.0,1.0,1.0,0
1.0,0.0,0.0,0.1889763779527559,0.1,0
1.0,0.00196078431372549,0.00196078431372549,0.515748031496063,0.16,0
0.0,0.0,0.0,1.0,1.0,0
0.0,0.27058823529411763,0.03137254901960784,1.0,0.0,1
0.0,0.0,0.0,1.0,0.0,0
1.0,0.01764705882352941,0.01764705882352941,1.0,0.0,0
1.0,0.00784313725490196,0.01764705882352941,0.6023622047244095,0.01,0
1.0,0.0,0.0058823529411764705,0.11023622047244094,0.03,0
0.0,0.00196078431372549,0.00196078431372549,1.0,0.01,0
1.0,0.0196078431372549,0.0196078431372549,1.0,0.0,0
1.0,0.03137254901960784,0.03137254901960784,0.1968503937007874,0.02,0
0.0,1.0,1.0,1.0,1.0,1
0.0,0.00784313725490196,0.0058823529411764705,1.0,0.08,0
1.0,0.0196078431372549,0.0196078431372549,0.3110236220472441,0.01,0
1.0,0.0,0.0,0.6417322834645669,0.01,0
0.0,0.00196078431372549,0.0,1.0,0.0,0
1.0,0.00784313725490196,0.025490196078431372,0.8740157480314961,0.01,0
0.0,0.0,0.0,0.1968503937007874,1.0,0
1.0,0.03137254901960784,0.03137254901960784,0.3464566929133858,0.01,0
1.0,0.0,0.0,0.07480314960629922,0.05,0
0.0,0.0,0.00784313725490196,1.0,0.01,0
1.0,0.00980392156862745,0.00980392156862745,0.25984251968503935,0.01,0
0.0,0.0,0.0,1.0,0.0,0
0.0,0.00196078431372549,0.00196078431372549,1.0,0.01,0
0.0,0.1568627450980392,0.3137254901960784,1.0,0.0,0
1.0,0.00784313725490196,0.00980392156862745,0.6496062992125984,0.01,0
1.0,0.0,0.0,0.7716535433070866,0.01,0
1.0,0.023529411764705882,0.023529411764705882,0.28346456692913385,0.01,0
0.0,1.0,1.0,1.0,1.0,1
1.0,0.06470588235294118,0.06470588235294118,1.0,0.01,0
1.0,0.08823529411764706,0.10392156862745099,1.0,0.0,0
1.0,0.0,0.0,0.0,1.0,0
0.0,0.00784313725490196,0.00980392156862745,1.0,0.06,0
0.0,0.0,0.0,1.0,0.0,0
1.0,0.0,0.0,0.7362204724409449,0.01,0
0.0,0.0058823529411764705,0.00196078431372549,1.0,1.0,0
1.0,0.00392156862745098,0.0058823529411764705,0.06692913385826772,0.06,0
1.0,0.00392156862745098,0.00392156862745098,0.023622047244094488,0.14,0
1.0,0.0,0.00196078431372549,0.07086614173228346,0.05,0
0.0,0.0,0.0,0.6062992125984252,0.31,0
1.0,0.00196078431372549,0.09215686274509804,1.0,0.0,0
1.0,0.0,0.0,0.5078740157480315,0.01,0
1.0,0.03333333333333333,0.03333333333333333,1.0,0.0,0
0.0,0.2,0.00392156862745098,1.0,0.0,1
1.0,0.00784313725490196,0.00784313725490196,0.4763779527559055,0.01,0
1.0,0.0,0.0,1.0,0.0,0
1.0,0.0,0.00196078431372549,0.08661417322834646,0.04,0
0.0,0.00392156862745098,0.050980392156862744,1.0,0.01,0
0.0,0.0,0.0,0.17716535433070865,1.0,0
0.0,0.0058823529411764705,0.011764705882352941,1.0,0.01,0
1.0,0.00392156862745098,0.00784313725490196,0.84251968503937,0.0,0
0.0,0.00196078431372549,0.00196078431372549,1.0,0.01,0
0.0,1.0,1.0,1.0,1.0,1
0.0,0.0,0.0,0.003937007874015748,0.5,0
1.0,0.0,0.00196078431372549,0.2992125984251969,0.01,0
1.0,0.021568627450980392,0.021568627450980392,1.0,0.0,0
1.0,0.00196078431372549,0.00196078431372549,1.0,0.0,0
1.0,0.07647058823529412,0.07647058823529412,0.3661417322834646,0.01,0
1.0,0.01568627450980392,0.01568627450980392,0.12992125984251968,0.03,0
0.0,1.0,1.0,1.0,1.0,1
1.0,0.029411764705882353,0.03137254901960784,1.0,0.0,0
1.0,0.023529411764705882,0.11176470588235295,0.3464566929133858,0.01,0
1.0,0.0,0.00196078431372549,0.610236220472441,0.01,0
0.0,0.0,0.0,0.047244094488188976,0.08,0
1.0,0.01568627450980392,0.058823529411764705,0.6614173228346457,0.01,0
1.0,0.045098039215686274,0.11176470588235295,1.0,0.0,0
1.0,0.0196078431372549,0.0196078431372549,1.0,0.0,0
1.0,0.013725490196078431,0.013725490196078431,0.25984251968503935,0.01,0
1.0,0.03333333333333333,0.09019607843137255,0.3110236220472441,0.01,0
0.0,0.027450980392156862,0.043137254901960784,1.0,0.0,0
0.0,1.0,1.0,1.0,1.0,1
1.0,0.047058823529411764,0.047058823529411764,0.9960629921259843,0.0,0
1.0,0.03333333333333333,0.03333333333333333,0.06692913385826772,0.06,0
0.0,0.0,0.0,1.0,0.0,0
0.0,1.0,1.0,1.0,1.0,1
0.0,0.5137254901960784,0.5117647058823529,1.0,0.0,0
1.0,0.00980392156862745,0.00980392156862745,1.0,0.0,0
0.0,0.0,0.0,1.0,1.0,0
1.0,0.023529411764705882,0.023529411764705882,1.0,0.0,0
1.0,0.0196078431372549,0.0196078431372549,1.0,0.0,0
1.0,0.011764705882352941,0.011764705882352941,0.06692913385826772,0.06,0
0.0,0.0,0.0,1.0,0.0,0
1.0,0.0,0.0,0.4763779527559055,0.01,0
0.0,0.0,0.0,1.0,0.0,0
1.0,0.049019607843137254,0.049019607843137254,0.8385826771653543,0.0,0
1.0,0.00196078431372549,0.00392156862745098,0.27165354330708663,0.01,0
0.0,0.00784313725490196,0.0,1.0,1.0,0
1.0,0.00392156862745098,0.00392156862745098,0.9881889763779528,0.0,0
1.0,0.00196078431372549,0.027450980392156862,0.2440944881889764,0.02,0
1.0,0.0,0.01764705882352941,0.015748031496062992,0.2,0
1.0,0.0,0.011764705882352941,0.20078740157480315,0.02,0
1.0,0.0,0.0,0.12598425196850394,0.03,0
0.0,0.5215686274509804,0.025490196078431372,1.0,0.0,1
1.0,0.00196078431372549,0.00196078431372549,0.031496062992125984,0.11,0
0.0,0.0,0.0,0.8031496062992126,0.27,0
0.0,0.0,0.0,1.0,0.0,0
1.0,0.027450980392156862,0.027450980392156862,1.0,0.01,0
0.0,0.4411764705882353,0.0196078431372549,1.0,0.0,1
0.0,0.0,0.0,1.0,0.99,0
1.0,0.03725490196078431,0.0803921568627451,1.0,0.0,0
1.0,0.00980392156862745,0.00980392156862745,1.0,0.0,0
0.0,0.26862745098039215,0.26862745098039215,1.0,0.0,0
1.0,0.01764705882352941,0.01764705882352941,0.03543307086614173,0.1,0
1.0,0.0,0.0,0.5590551181102362,0.01,0
1.0,0.011764705882352941,0.011764705882352941,0.38976377952755903,0.01,0
1.0,0.013725490196078431,0.013725490196078431,0.7047244094488189,0.21,0
1.0,0.00392156862745098,0.00392156862745098,0.1141732283464567,0.03,0
0.0,0.0,0.0,1.0,0.01,0
1.0,0.01568627450980392,0.01568627450980392,1.0,0.0,0
1.0,0.0,0.00196078431372549,0.047244094488188976,0.08,0
1.0,0.0058823529411764705,0.00784313725490196,0.48031496062992124,0.01,0
1.0,0.0058823529411764705,0.011764705882352941,0.031496062992125984,0.11,0
1.0,0.0,0.0,1.0,0.0,0
1.0,0.0058823529411764705,0.0058823529411764705,1.0,0.0,0
1.0,0.013725490196078431,0.013725490196078431,0.031496062992125984,0.11,0
1.0,0.0392156862745098,0.0392156862745098,0.4094488188976378,0.01,0
1.0,0.029411764705882353,0.029411764705882353,0.05905511811023622,0.06,0
1.0,0.01764705882352941,0.023529411764705882,0.03543307086614173,0.1,0
1.0,0.013725490196078431,0.013725490196078431,0.027559055118110236,0.12,0
0.0,0.00196078431372549,0.00196078431372549,1.0,0.01,0
